credit_score,salary,loan_amount,experience_years,company_stability,education_level,college_tier,device_age_days,email_age_years,upi_usage,phone_verified,linkedin_skills_count,linkedin_verified,vpn_usage,multiple_devices,disposable_email,impossible_login,job_stability_score,education_score,linkedin_score,device_trust_score,email_trust_score,default
402,114455,26556,1,7,5,3,190,9,1,1,49,1,0,0,0,0,4.6000000000000005,8.5,10.0,4.95,9.399999999999999,0
735,218919,69471,9,6,3,3,591,13,1,1,46,1,0,0,0,0,7.199999999999999,5.5,10.0,6.955,10.0,0
570,191065,54855,12,7,2,1,274,10,2,1,12,0,0,0,0,0,9.0,6.0,4.2,5.37,10.0,0
406,195405,54086,17,5,3,3,725,2,2,1,6,1,0,0,0,0,9.8,5.5,7.300000000000001,7.625,5.2,0
371,209937,23907,22,4,1,3,691,0,1,1,34,1,0,0,0,0,10.0,2.5,10.0,7.455,4.0,0
320,230168,76695,10,7,2,2,304,1,2,1,43,1,0,0,0,0,8.2,5.0,10.0,5.52,4.6,0
421,69756,53487,12,3,5,3,974,1,1,1,25,1,0,0,0,0,6.6000000000000005,8.5,9.15,8.870000000000001,4.6,0
766,142863,34158,18,7,2,2,899,7,1,1,49,1,0,0,0,0,10.0,5.0,10.0,8.495000000000001,8.2,0
514,81192,25293,23,2,3,3,256,3,1,1,8,1,1,0,0,0,10.0,5.5,8.8,5.28,5.8,0
630,211758,50761,24,8,2,3,433,2,2,1,34,1,0,0,0,0,10.0,4.0,10.0,6.165,5.2,0
758,68733,38387,23,6,3,2,68,3,2,1,23,1,0,0,0,0,10.0,6.5,10.0,4.34,5.8,0
387,45993,45750,21,3,2,3,821,9,1,1,32,1,0,0,0,0,10.0,4.0,10.0,8.105,9.399999999999999,0
672,181564,73602,4,3,2,3,842,0,0,1,20,1,0,0,0,0,3.4,4.0,6.8,8.21,4.0,0
399,172053,26256,2,5,5,3,467,0,1,1,21,1,0,0,1,0,3.8,8.5,6.55,6.335,1.0,0
430,44143,10594,18,3,1,2,20,4,0,1,38,0,0,0,0,0,9.0,3.5,9.3,4.1,6.4,0
608,228675,7460,22,6,3,1,356,6,2,1,18,1,0,0,0,0,10.0,7.5,10.0,5.78,7.6,0
643,240524,77356,12,2,2,3,992,8,1,1,43,1,0,0,0,0,6.000000000000001,4.0,10.0,8.96,8.8,0
791,211349,59698,4,8,2,3,861,6,2,1,45,1,0,0,0,0,6.4,4.0,10.0,8.305,7.6,0
713,127044,21191,11,9,3,3,14,10,1,1,44,1,0,1,0,0,9.8,5.5,10.0,4.07,10.0,0
685,201062,89631,13,7,2,1,726,4,2,1,31,1,0,0,0,0,9.4,6.0,10.0,7.63,6.4,0
491,148406,15529,5,3,1,2,379,2,2,1,4,0,0,0,0,0,3.8,3.5,1.6,5.895,5.2,0
576,213960,37175,21,4,4,1,467,7,2,0,11,1,0,0,1,0,10.0,9.0,8.85,2.335,4.2,0
460,89351,22675,8,2,3,3,254,11,0,1,39,1,0,0,0,0,4.4,5.5,10.0,5.27,10.0,0
759,248444,48158,16,9,1,3,258,6,0,0,5,0,0,0,0,0,10.0,2.5,3.95,1.29,7.6,0
613,201071,51798,7,5,2,3,954,3,1,1,17,0,0,0,0,0,5.800000000000001,4.0,3.95,8.77,5.8,0
321,90309,75910,12,2,3,2,444,0,2,1,6,0,0,1,0,1,6.000000000000001,6.5,3.3000000000000003,6.220000000000001,4.0,0
552,163518,30976,4,6,5,1,429,12,0,1,18,1,1,0,0,0,5.199999999999999,10.0,6.5,6.145,10.0,0
774,181805,68116,21,7,5,3,114,2,1,1,14,1,0,0,0,0,10.0,8.5,9.3,4.57,5.2,0
358,139156,83678,21,2,4,3,251,10,2,1,41,0,0,0,0,0,9.6,7.0,10.0,5.255,10.0,0
810,96000,67821,16,1,1,3,281,7,0,1,8,1,0,1,0,0,7.0,2.5,7.4,5.405,8.2,0
775,199704,17204,2,7,4,2,528,1,2,1,19,1,0,0,0,0,5.0,8.0,6.25,6.640000000000001,4.6,0
489,41576,60665,5,1,4,2,745,8,2,1,47,1,1,0,0,0,2.6,8.0,10.0,7.725,8.8,0
543,23320,12394,13,3,2,1,738,13,2,0,19,0,0,0,0,0,7.0,6.0,5.45,3.69,10.0,0
804,161822,69814,14,4,2,3,53,3,2,1,3,1,0,0,0,0,8.0,4.0,6.25,4.265,5.8,0
430,123002,38593,13,2,2,2,35,14,0,0,9,1,0,0,0,0,6.4,5.0,6.95,1.0,10.0,0
784,204535,46964,10,7,3,3,813,13,1,1,41,0,0,0,1,0,8.2,5.5,8.149999999999999,8.065000000000001,7.8,0
320,46572,82188,10,5,2,3,190,6,1,1,39,0,0,0,0,0,7.0,4.0,7.85,4.95,7.6,0
466,37948,58365,8,1,1,2,613,9,1,1,0,1,0,1,0,0,3.8000000000000003,3.5,4.6,7.0649999999999995,9.399999999999999,0
573,136528,5443,5,8,1,2,437,11,1,1,34,1,0,0,1,0,6.8,3.5,9.1,6.1850000000000005,6.6,0
687,189898,94439,14,7,2,3,277,6,2,1,23,1,0,0,0,0,9.8,4.0,9.25,5.385,7.6,0
615,109051,33180,11,4,2,1,867,11,1,1,43,1,0,0,0,0,6.800000000000001,6.0,10.0,8.335,10.0,0
313,47867,53791,5,2,3,2,589,7,1,1,6,1,0,0,0,0,3.2,6.5,4.9,6.945,8.2,0
541,211303,91655,0,7,1,3,885,6,2,1,21,1,0,0,0,0,4.2,2.5,6.15,8.425,7.6,0
645,217334,80899,24,2,4,3,160,10,0,1,22,1,0,0,0,0,10.0,7.0,10.0,4.8,10.0,0
639,242428,48665,15,6,4,3,625,3,1,1,0,0,0,0,0,0,9.6,7.0,3.0,7.125,5.8,0
391,223305,8465,19,1,4,2,609,12,1,1,23,1,0,0,1,0,8.200000000000001,8.0,10.0,7.045,7.199999999999999,0
666,64678,73247,14,7,3,3,104,11,2,0,19,1,0,0,0,0,9.8,5.5,8.65,1.0,10.0,0
754,127561,56559,1,7,1,2,391,6,2,1,31,1,0,0,0,0,4.6000000000000005,3.5,7.85,5.955,7.6,0
727,32963,30198,16,4,2,2,807,4,2,0,30,1,0,0,0,0,8.8,5.0,10.0,4.035,6.4,0
808,215432,59740,2,4,1,2,840,14,1,1,32,0,0,0,0,1,3.2,3.5,5.2,8.2,10.0,0
334,69434,27488,2,5,5,2,524,11,2,1,35,1,0,0,0,0,3.8,9.5,8.65,6.62,10.0,0
505,86617,43515,4,2,2,3,729,9,1,1,17,1,0,0,0,0,2.8,4.0,6.35,7.645,9.399999999999999,0
380,171341,94144,16,9,2,3,939,6,2,1,36,1,0,0,0,0,10.0,4.0,10.0,8.695,7.6,0
687,137569,32898,22,4,3,3,623,2,2,0,32,1,0,0,0,0,10.0,5.5,10.0,3.115,5.2,0
301,227384,6919,16,9,4,3,869,9,2,0,32,1,0,0,0,0,10.0,7.0,10.0,4.345,9.399999999999999,0
689,117352,55070,19,3,3,2,698,10,2,1,4,1,0,0,0,0,9.4,6.5,7.4,7.49,10.0,0
405,99732,67613,5,9,3,1,437,6,1,1,17,1,0,0,0,0,7.3999999999999995,7.5,6.55,6.1850000000000005,7.6,0
776,127648,91135,0,1,2,3,434,6,1,1,8,1,0,1,0,0,1.0,4.0,4.2,6.17,7.6,0
701,101494,87501,6,7,3,3,825,1,2,1,41,1,0,0,0,0,6.6000000000000005,5.5,10.0,8.125,4.6,0
461,239977,52003,14,4,1,2,208,7,1,1,30,0,0,0,0,0,8.0,3.5,7.300000000000001,5.04,8.2,0
501,97225,53478,6,7,4,1,17,6,2,1,6,1,0,0,0,0,6.6000000000000005,9.0,5.1,4.085,7.6,0
569,102867,19434,18,6,2,2,912,8,2,1,14,1,0,0,0,0,10.0,5.0,8.7,8.559999999999999,8.8,0
570,188600,51246,19,4,1,2,766,11,2,1,45,1,0,0,0,0,10.0,3.5,10.0,7.83,10.0,0
755,98972,41649,21,4,4,2,814,3,2,1,3,1,0,0,0,0,10.0,8.0,7.65,8.07,5.8,0
761,216674,64030,10,8,2,2,960,8,1,1,45,1,0,0,0,0,8.8,5.0,10.0,8.8,8.8,0
551,116261,58061,22,7,4,2,336,0,1,1,38,0,0,0,0,0,10.0,8.0,10.0,5.68,4.0,0
595,110748,6999,13,4,4,2,699,4,1,1,7,1,0,0,0,0,7.6,8.0,6.65,7.495,6.4,0
637,184404,19849,12,6,3,2,603,9,1,1,23,1,0,0,0,0,8.4,6.5,8.85,7.015000000000001,9.399999999999999,0
352,144481,81439,19,6,1,3,633,6,2,1,7,1,0,0,0,0,10.0,2.5,7.8500000000000005,7.165,7.6,0
516,242009,57800,24,1,2,3,880,3,1,0,4,1,0,0,0,0,10.0,4.0,8.4,4.4,5.8,0
487,149529,10445,8,2,4,3,30,12,2,0,22,0,0,0,0,0,4.4,7.0,4.9,1.0,10.0,0
679,230001,23040,8,4,4,3,555,14,1,1,42,1,0,0,0,0,5.6,7.0,10.0,6.775,10.0,0
792,220278,69315,15,6,2,3,264,6,2,1,33,1,0,0,0,0,9.6,4.0,10.0,5.32,7.6,0
340,242209,5246,11,6,2,2,442,13,2,1,14,0,0,0,0,0,8.0,5.0,4.300000000000001,6.21,10.0,0
456,22251,36153,9,1,1,2,514,11,2,1,49,0,0,0,0,0,4.2,3.5,9.15,6.57,10.0,0
314,196789,10212,5,8,5,3,36,14,2,0,46,1,0,1,0,0,6.8,8.5,10.0,1.0,10.0,0
364,119108,8339,17,2,2,3,529,8,2,1,18,1,0,0,0,0,8.0,4.0,9.1,6.645,8.8,0
820,178099,93678,1,5,1,2,939,12,2,1,24,1,0,0,0,0,3.4,3.5,6.8,8.695,10.0,0
643,117382,61238,19,4,3,3,539,13,2,1,38,0,0,0,0,0,10.0,5.5,9.5,6.695,10.0,0
428,237623,24394,8,5,2,2,956,4,2,1,3,1,0,0,0,0,6.2,5.0,5.05,8.780000000000001,6.4,0
771,29583,58871,18,5,4,2,509,4,2,1,45,1,0,0,0,0,10.0,8.0,10.0,6.545,6.4,0
362,70387,82722,5,8,1,2,242,1,2,0,7,1,0,0,0,0,6.8,3.5,5.05,1.21,4.6,0
438,43104,39607,1,7,1,2,405,13,0,1,28,0,0,0,0,0,4.6000000000000005,3.5,4.4,6.025,10.0,0
798,32224,57055,14,9,2,1,991,4,2,1,41,1,0,0,0,0,10.0,6.0,10.0,8.955,6.4,0
691,80624,9395,16,1,2,3,316,7,1,1,12,0,0,0,0,0,7.0,4.0,5.0,5.58,8.2,0
718,207130,20290,15,6,1,2,519,3,1,1,37,1,0,0,0,0,9.6,3.5,10.0,6.595000000000001,5.8,0
588,124320,92687,20,6,2,1,712,1,1,0,35,1,0,0,0,0,10.0,6.0,10.0,3.56,4.6,0
678,247444,70078,7,2,2,1,433,7,1,1,36,1,0,1,0,0,4.0,6.0,9.8,6.165,8.2,0
789,180371,8691,9,8,4,3,159,3,1,1,41,1,0,0,0,0,8.4,7.0,10.0,4.795,5.8,0
530,98572,12470,9,6,1,3,401,13,2,1,44,1,0,0,0,0,7.199999999999999,2.5,10.0,6.005,10.0,0
340,105469,8841,17,9,5,1,499,12,2,1,42,1,0,0,0,0,10.0,10.0,10.0,6.495,10.0,0
327,97928,68197,9,5,3,1,677,4,0,1,30,1,0,0,0,0,6.6,7.5,9.3,7.385,6.4,0
434,224546,60773,8,7,1,2,955,13,2,1,18,1,0,0,0,1,7.4,3.5,7.3,8.775,10.0,0
500,24141,22776,23,6,1,3,56,11,1,1,36,1,0,0,0,0,10.0,2.5,10.0,4.28,10.0,0
332,174422,76596,18,5,2,2,321,6,0,1,24,1,0,0,0,0,10.0,5.0,10.0,5.605,7.6,0
347,226154,32584,0,6,2,2,937,10,2,1,36,1,0,0,0,0,3.5999999999999996,5.0,8.399999999999999,8.684999999999999,10.0,0
802,90871,9300,3,4,2,2,148,4,2,1,0,1,0,0,0,0,3.6,5.0,3.6,4.74,6.4,0
706,156149,8338,23,3,2,2,414,12,1,1,20,1,0,0,0,0,10.0,5.0,10.0,6.07,10.0,0
398,66015,67601,2,1,3,3,931,14,1,1,40,0,0,0,0,0,1.4,5.5,6.4,8.655000000000001,10.0,0
846,222219,10487,9,1,2,1,663,9,1,1,38,1,0,0,0,0,4.2,6.0,10.0,7.3149999999999995,9.399999999999999,0
761,210252,41282,11,6,1,2,856,3,2,1,40,1,0,0,0,0,8.0,3.5,10.0,8.280000000000001,5.8,0
304,191929,81816,17,9,2,3,23,14,1,1,25,0,0,0,0,0,10.0,4.0,7.15,4.115,10.0,0
517,210912,33804,22,8,3,3,981,6,2,1,41,1,0,0,0,0,10.0,5.5,10.0,8.905000000000001,7.6,0
802,79902,14915,19,2,1,1,877,12,2,0,2,1,0,0,0,0,8.8,4.5,7.1000000000000005,4.385,10.0,0
697,25577,16158,5,9,4,3,780,3,2,1,49,1,0,0,1,0,7.3999999999999995,7.0,10.0,7.9,1.7999999999999998,0
692,40002,79157,20,8,2,3,757,9,2,1,40,1,0,0,0,0,10.0,4.0,10.0,7.785,9.399999999999999,0
506,70711,15547,1,9,5,2,962,11,2,0,4,1,0,0,0,0,5.8,9.5,3.8,4.81,10.0,0
314,59451,93713,9,4,1,2,899,3,2,1,42,1,0,0,0,0,6.0,3.5,10.0,8.495000000000001,5.8,0
760,200175,7459,1,9,5,2,528,14,2,1,28,1,0,0,0,0,5.8,9.5,7.4,6.640000000000001,10.0,0
540,179719,33768,8,2,3,2,560,1,1,1,32,1,0,0,0,0,4.4,6.5,9.4,6.8,4.6,0
395,54831,68146,9,1,2,2,194,4,2,0,1,1,0,0,0,0,4.2,5.0,4.95,1.0,6.4,0
784,116498,55870,1,9,2,3,124,7,1,0,17,1,0,0,0,0,5.8,4.0,5.75,1.0,8.2,0
706,148949,55460,7,8,1,3,119,3,2,1,13,1,0,0,0,0,7.6,2.5,6.35,4.595,5.8,0
530,115119,87970,23,7,4,2,586,10,1,1,39,1,0,1,0,0,10.0,8.0,10.0,6.93,10.0,0
470,86830,65817,16,8,3,2,752,12,1,1,29,1,1,0,0,0,10.0,6.5,10.0,7.76,10.0,0
840,100632,43247,16,1,1,2,290,14,1,1,28,1,0,0,0,0,7.0,3.5,10.0,5.45,10.0,0
335,56833,20419,3,9,1,3,552,1,2,1,28,0,0,0,0,0,6.6,2.5,4.800000000000001,6.76,4.6,0
824,243936,40577,17,9,1,3,95,8,1,1,18,1,0,0,0,0,10.0,2.5,9.1,4.475,8.8,0
459,44398,7921,11,9,3,2,147,5,1,1,45,1,0,0,0,0,9.8,6.5,10.0,4.735,7.0,0
542,81554,9676,16,6,3,3,475,2,1,1,25,1,0,0,0,0,10.0,5.5,9.95,6.375,5.2,0
385,70755,90961,8,4,2,2,86,12,1,1,45,1,0,1,0,0,5.6,5.0,10.0,4.43,10.0,0
327,168778,54684,18,2,2,3,977,13,2,1,39,1,0,0,0,0,8.4,4.0,10.0,8.885,10.0,0
639,173412,18463,13,4,2,2,146,9,1,1,8,1,0,0,0,0,7.6,5.0,6.8,4.73,9.399999999999999,0
630,84994,30474,13,7,2,2,643,10,0,1,45,0,0,0,0,1,9.4,5.0,9.35,7.215,10.0,0
805,83884,45935,16,1,1,2,984,4,2,1,43,1,0,0,0,0,7.0,3.5,10.0,8.92,6.4,0
647,104361,72005,1,9,2,3,785,5,2,1,12,0,0,0,0,0,5.8,4.0,1.9999999999999998,7.925,7.0,0
772,37482,63596,7,3,1,3,106,8,2,1,37,1,0,0,0,0,4.6,2.5,9.95,4.53,8.8,0
530,74225,77828,4,4,4,3,540,4,2,1,30,1,1,0,0,0,4.0,7.0,8.3,6.7,6.4,0
489,209921,95945,6,5,3,1,807,8,0,1,13,1,0,0,0,0,5.4,7.5,6.15,8.035,8.8,0
524,94854,94062,21,3,5,2,18,0,2,1,30,1,0,0,0,0,10.0,9.5,10.0,4.09,4.0,0
684,61256,60152,15,4,2,2,92,11,2,1,14,0,0,0,0,0,8.4,5.0,5.1,4.46,10.0,0
676,128721,94001,15,5,4,3,56,14,2,1,33,1,0,0,0,0,9.0,7.0,10.0,4.28,10.0,0
582,101110,97321,16,1,3,3,521,9,2,1,49,1,1,0,0,0,7.0,5.5,10.0,6.605,9.399999999999999,0
558,133606,91569,21,9,2,3,439,3,1,1,9,0,0,0,0,0,10.0,4.0,5.55,6.195,5.8,0
658,34650,77467,6,4,2,3,99,0,1,1,20,1,0,0,0,0,4.800000000000001,4.0,7.2,4.495,4.0,0
755,197190,57576,19,9,3,3,522,1,2,1,38,1,0,0,0,0,10.0,5.5,10.0,6.609999999999999,4.6,0
710,48930,71627,7,4,4,3,908,1,0,0,24,1,0,0,0,0,5.2,7.0,8.0,4.54,4.6,0
617,236779,30772,7,1,2,2,683,9,2,1,36,1,0,0,0,0,3.4000000000000004,5.0,9.8,7.415,9.399999999999999,0
524,120400,21363,22,5,1,3,674,10,2,1,39,1,0,0,0,0,10.0,2.5,10.0,7.37,10.0,0
533,31801,33490,10,9,3,3,423,4,1,1,19,1,0,0,0,0,9.399999999999999,5.5,7.85,6.115,6.4,0
673,71360,64004,14,3,5,2,522,0,1,1,44,0,1,0,0,0,7.4,9.5,9.4,6.609999999999999,4.0,0
771,107908,58806,17,5,3,3,900,9,1,0,6,1,0,0,0,1,9.8,5.5,7.300000000000001,4.5,9.399999999999999,0
532,167631,5260,5,3,2,2,667,13,0,1,17,1,0,0,0,0,3.8,5.0,6.55,7.335,10.0,0
412,52334,80992,21,3,2,2,682,2,0,1,40,1,0,0,0,0,10.0,5.0,10.0,7.41,5.2,0
796,33288,27320,11,1,2,3,914,10,1,1,43,1,0,0,0,0,5.0,4.0,10.0,8.57,10.0,0
741,173470,83971,14,2,4,2,656,5,0,1,25,1,0,0,0,0,6.800000000000001,8.0,9.55,7.279999999999999,7.0,0
567,227302,47145,22,2,3,2,807,0,1,1,16,1,0,0,0,0,10.0,6.5,9.8,8.035,4.0,0
809,32191,68688,5,9,2,3,86,11,1,1,41,1,0,0,0,0,7.3999999999999995,4.0,10.0,4.43,10.0,0
685,38051,53581,17,7,2,1,90,10,2,0,6,0,0,0,0,0,10.0,6.0,4.300000000000001,1.0,10.0,0
686,81715,97561,23,8,4,1,790,0,2,1,27,1,0,0,0,0,10.0,9.0,10.0,7.95,4.0,0
412,30737,98645,19,2,3,3,790,2,1,1,20,1,0,0,0,0,8.8,5.5,9.8,7.95,5.2,0
380,85140,25754,8,9,5,2,563,8,1,0,36,1,0,0,0,0,8.6,9.5,10.0,2.815,8.8,0
412,176323,74837,7,3,2,2,645,1,2,1,22,1,0,0,0,0,4.6,5.0,7.7,7.225,4.6,0
301,202047,12207,13,2,3,2,751,14,1,1,46,1,0,0,0,0,6.4,6.5,10.0,7.755,10.0,0
519,25147,32920,18,1,3,1,878,11,2,1,47,1,0,0,0,0,7.8,7.5,10.0,8.39,10.0,0
524,70508,92739,18,9,2,1,211,5,1,1,47,1,0,0,0,0,10.0,6.0,10.0,5.055,7.0,0
684,72224,92081,7,8,5,3,855,2,1,1,9,1,0,0,0,0,7.6,8.5,5.75,8.275,5.2,0
702,39643,29016,1,4,1,2,456,5,2,1,45,1,0,0,0,0,2.8,3.5,9.95,6.279999999999999,7.0,0
429,58967,65522,24,7,3,2,116,10,2,1,16,1,0,0,1,0,10.0,6.5,10.0,4.58,6.0,0
352,249922,79092,3,3,5,3,974,10,2,1,37,0,0,0,0,0,3.0,8.5,6.15,8.870000000000001,10.0,0
715,123535,59068,5,3,2,3,301,6,1,1,0,1,0,0,0,0,3.8,4.0,4.0,5.505,7.6,0
546,60733,25102,2,4,3,1,812,12,2,1,10,1,0,0,0,0,3.2,7.5,4.9,8.059999999999999,10.0,0
738,235075,6924,2,2,2,3,695,12,2,1,32,1,0,0,0,0,2.0,4.0,8.2,7.475,10.0,0
502,54808,90015,18,4,3,3,950,6,2,1,30,0,0,1,0,0,9.6,5.5,8.1,8.75,7.6,0
483,218360,59333,10,3,4,3,321,13,2,1,43,1,0,0,0,0,5.8,7.0,10.0,5.605,10.0,0
422,78959,89458,9,8,3,3,608,1,2,1,23,1,0,0,0,0,8.4,5.5,8.25,7.04,4.6,0
700,152921,89196,11,2,3,2,526,2,2,1,19,0,0,0,0,0,5.6000000000000005,6.5,5.050000000000001,6.63,5.2,0
593,88178,51099,13,9,2,2,693,3,1,1,46,1,0,0,0,0,10.0,5.0,10.0,7.465,5.8,0
579,218208,62346,17,3,2,2,642,7,2,1,4,1,0,0,0,0,8.600000000000001,5.0,7.0,7.21,8.2,0
497,211812,80481,23,4,2,3,677,4,2,1,41,1,0,0,0,0,10.0,4.0,10.0,7.385,6.4,0
810,132255,55062,8,3,3,3,608,0,2,1,25,1,0,0,0,0,5.0,5.5,8.35,7.04,4.0,0
443,106322,5306,14,3,1,1,435,8,2,1,48,1,0,0,0,0,7.4,4.5,10.0,6.175,8.8,0
500,64565,93495,23,8,3,1,619,0,1,1,41,0,0,0,0,0,10.0,7.5,10.0,7.095000000000001,4.0,0
423,171255,74767,2,8,2,3,424,1,2,1,6,1,0,0,0,0,5.6,4.0,4.3,6.12,4.6,0
486,21132,17207,22,6,3,2,144,6,0,1,26,0,0,0,0,0,10.0,6.5,8.3,4.72,7.6,0
625,189331,44426,10,4,1,2,528,10,2,1,17,1,0,0,0,0,6.4,3.5,7.55,6.640000000000001,10.0,0
763,247684,11336,9,1,3,3,781,2,0,1,37,0,0,0,0,0,4.2,5.5,7.35,7.904999999999999,5.2,0
648,83668,80166,17,4,3,2,373,5,2,1,30,1,0,0,0,0,9.200000000000001,6.5,10.0,5.865,7.0,0
702,189635,22256,3,8,4,2,393,7,2,1,8,1,0,0,0,0,6.0,8.0,4.8,5.965,8.2,0
645,243299,54817,12,6,3,2,41,4,2,1,1,1,0,0,0,0,8.4,6.5,5.550000000000001,4.205,6.4,0
810,128835,38719,5,2,3,3,549,0,2,0,43,0,0,0,0,0,3.2,5.5,7.45,2.745,4.0,0
446,162003,47017,20,3,4,2,961,9,2,1,36,1,0,0,0,0,9.8,8.0,10.0,8.805,9.399999999999999,0
447,93169,50704,12,7,3,3,781,13,0,1,46,1,0,0,0,0,9.0,5.5,10.0,7.904999999999999,10.0,0
788,201711,35013,24,4,2,2,496,11,2,1,44,1,0,0,0,0,10.0,5.0,10.0,6.48,10.0,0
637,209973,84991,19,4,4,3,765,2,2,1,28,1,0,0,0,0,10.0,7.0,10.0,7.825,5.2,0
772,120417,75258,4,5,3,1,374,10,2,1,33,1,0,0,0,0,4.6,7.5,8.75,5.87,10.0,0
450,21044,83348,19,8,2,2,273,1,2,1,14,1,0,0,0,0,10.0,5.0,8.9,5.365,4.6,0
714,197763,41776,13,7,3,3,151,5,2,1,45,1,0,0,1,0,9.4,5.5,10.0,4.755,3.0,0
597,44363,15060,12,9,4,2,39,13,1,1,8,1,1,0,0,1,10.0,8.0,6.6000000000000005,4.195,10.0,0
562,66694,83592,13,5,5,3,908,4,2,1,15,1,0,1,0,0,8.2,8.5,7.85,8.54,6.4,0
443,152654,11655,7,1,5,2,139,6,0,1,1,1,0,0,0,0,3.4000000000000004,9.5,4.55,4.695,7.6,0
645,230982,93110,15,4,2,1,787,1,1,1,0,1,0,0,0,0,8.4,6.0,6.0,7.9350000000000005,4.6,0
301,217916,54923,12,6,2,3,79,13,2,0,8,1,0,0,0,0,8.4,4.0,6.6000000000000005,1.0,10.0,0
603,41301,83563,23,6,1,3,128,12,2,1,19,0,1,0,0,0,10.0,2.5,7.450000000000001,4.64,10.0,0
553,94329,9030,14,9,2,1,336,5,1,1,45,1,0,0,0,0,10.0,6.0,10.0,5.68,7.0,0
752,21620,94779,18,5,4,3,921,10,2,1,1,1,0,0,0,0,10.0,7.0,6.75,8.605,10.0,0
336,82224,38289,0,5,2,2,79,4,1,1,0,1,0,0,0,0,3.0,5.0,3.0,4.395,6.4,0
459,207727,24739,21,6,3,1,217,5,2,1,9,0,0,0,0,0,10.0,7.5,5.55,5.085,7.0,0
308,115419,66687,1,6,3,2,100,14,1,1,22,1,1,0,0,0,3.9999999999999996,6.5,6.5,4.5,10.0,0
532,188606,41491,17,3,3,2,129,14,1,1,18,0,0,0,0,0,8.600000000000001,6.5,6.1,4.645,10.0,0
398,140050,77115,18,6,1,1,981,4,2,0,17,1,0,0,0,0,10.0,4.5,9.15,4.905,6.4,0
507,190462,88778,7,8,2,3,991,6,2,1,23,0,0,0,0,0,7.6,4.0,4.85,8.955,7.6,0
430,222701,9781,2,6,2,2,216,4,1,1,21,1,0,0,0,0,4.3999999999999995,5.0,6.55,5.08,6.4,0
703,75856,25448,22,5,2,2,415,14,1,1,19,1,0,0,0,0,10.0,5.0,10.0,6.075,10.0,0
451,200324,56550,13,3,5,3,777,13,1,1,10,1,0,0,0,0,7.0,8.5,7.1,7.885,10.0,0
353,75809,54294,8,1,3,2,556,12,1,1,8,1,0,0,0,0,3.8000000000000003,6.5,5.8,6.779999999999999,10.0,0
419,42259,26446,7,5,2,2,133,6,0,0,14,1,0,0,1,0,5.800000000000001,5.0,6.5,1.0,3.5999999999999996,0
719,40655,81579,16,6,4,2,121,0,2,1,15,1,0,0,0,0,10.0,8.0,8.45,4.605,4.0,0
721,184077,90389,22,6,2,2,216,14,2,1,12,1,0,0,0,0,10.0,5.0,9.2,5.08,10.0,0
403,182701,90615,22,6,3,2,992,8,2,1,5,1,0,1,0,0,10.0,6.5,8.15,8.96,8.8,0
553,174682,22101,23,3,2,2,623,5,0,1,24,1,0,0,0,0,10.0,5.0,10.0,7.115,7.0,0
526,208256,71178,15,4,3,3,954,8,2,1,46,0,0,0,0,0,8.4,5.5,9.899999999999999,8.77,8.8,0
411,41602,33016,9,3,2,3,395,0,2,1,14,0,0,0,0,0,5.4,4.0,3.9000000000000004,5.975,4.0,0
809,105945,23932,20,2,1,3,715,1,1,1,17,0,0,0,0,0,9.2,2.5,6.55,7.575,4.6,0
772,162182,49653,9,8,2,3,762,6,2,0,42,1,0,0,0,0,8.4,4.0,10.0,3.81,7.6,0
398,157145,95481,24,7,2,2,156,3,1,0,32,1,0,1,0,0,10.0,5.0,10.0,1.0,5.8,0
452,120846,57802,24,8,3,1,974,13,1,1,13,1,0,0,0,0,10.0,7.5,9.75,8.870000000000001,10.0,0
637,100818,12549,23,6,1,3,141,12,1,1,33,1,0,0,0,0,10.0,2.5,10.0,4.705,10.0,0
462,161267,83933,5,7,3,2,741,9,2,1,1,1,0,0,0,0,6.2,6.5,4.15,7.705,9.399999999999999,0
460,21537,30362,21,1,3,1,859,13,0,1,19,1,0,0,0,0,9.0,7.5,10.0,8.295,10.0,0
697,168210,52842,16,5,3,3,113,0,2,1,41,0,0,0,0,0,9.4,5.5,9.35,4.5649999999999995,4.0,0
576,195400,51539,15,4,3,2,562,4,2,1,15,0,1,0,0,0,8.4,6.5,5.25,6.8100000000000005,6.4,0
803,197274,38717,14,3,1,3,577,3,2,1,2,1,0,0,0,0,7.4,2.5,6.1,6.885,5.8,0
691,191236,59596,21,2,2,2,832,5,0,1,45,1,0,0,0,0,9.6,5.0,10.0,8.16,7.0,0
434,146545,28016,13,9,4,3,771,12,2,1,29,1,0,0,0,0,10.0,7.0,9.95,7.855,10.0,0
494,109743,60200,3,8,3,3,251,6,2,1,22,1,0,0,0,0,6.0,5.5,6.9,5.255,7.6,0
700,205731,85268,3,2,3,1,936,14,2,1,38,1,0,0,0,0,2.4000000000000004,7.5,9.3,8.68,10.0,0
332,106155,65287,1,6,3,3,648,10,2,1,22,1,0,0,0,0,3.9999999999999996,5.5,6.5,7.24,10.0,0
759,200764,97447,10,3,2,3,671,2,0,1,2,1,0,1,0,0,5.8,4.0,5.3,7.355,5.2,0
769,140198,88402,3,3,3,3,340,5,1,1,12,1,0,0,0,0,3.0,5.5,5.4,5.7,7.0,0
674,175917,47607,20,5,4,2,953,1,2,1,45,1,1,0,0,0,10.0,8.0,10.0,8.765,4.6,0
321,109846,32621,20,7,1,2,857,11,2,1,39,1,0,0,0,0,10.0,3.5,10.0,8.285,10.0,0
337,50562,17823,15,7,4,2,905,9,1,1,28,1,0,0,0,0,10.0,8.0,10.0,8.525,9.399999999999999,0
529,48036,34986,20,1,2,2,909,12,1,0,22,1,1,0,0,0,8.6,5.0,10.0,4.545,10.0,0
664,211824,69325,3,7,2,3,158,3,1,1,39,1,0,0,0,0,5.4,4.0,9.45,4.79,5.8,0
737,94233,62771,0,7,4,2,178,13,2,1,16,0,0,0,0,0,4.2,8.0,2.4,4.89,10.0,0
582,103049,59973,23,6,3,1,566,9,1,1,20,1,0,0,0,0,10.0,7.5,10.0,6.83,9.399999999999999,0
326,88681,19690,18,6,4,2,994,12,1,1,28,0,0,0,0,0,10.0,8.0,7.800000000000001,8.969999999999999,10.0,0
525,47818,44107,1,2,4,3,93,8,2,1,36,1,0,0,0,0,1.6,7.0,8.6,4.465,8.8,0
576,181616,62888,8,3,2,3,529,12,2,0,4,1,0,0,0,0,5.0,4.0,5.2,2.645,10.0,0
583,82532,15956,22,3,3,3,116,6,2,1,20,0,0,0,0,0,10.0,5.5,7.4,4.58,7.6,0
780,229708,91839,24,3,2,3,894,1,2,1,1,1,0,0,0,0,10.0,4.0,7.950000000000001,8.469999999999999,4.6,0
752,77705,61227,12,2,2,3,274,5,2,1,22,1,0,0,0,0,6.000000000000001,4.0,8.7,5.37,7.0,0
815,40104,41533,17,9,2,3,667,13,2,1,10,1,0,0,0,0,10.0,4.0,7.9,7.335,10.0,0
846,144336,61234,15,6,3,2,40,3,0,1,14,1,0,0,0,0,9.6,6.5,8.1,4.2,5.8,0
491,147904,72594,15,2,2,1,765,7,2,1,22,1,0,0,0,0,7.2,6.0,9.3,7.825,8.2,0
348,89603,61901,24,3,3,3,556,11,1,1,6,1,0,0,0,0,10.0,5.5,8.700000000000001,6.779999999999999,10.0,0
811,122499,16519,9,6,3,2,256,7,1,0,42,1,0,0,0,0,7.199999999999999,6.5,10.0,1.28,8.2,0
316,79025,36115,8,4,1,3,935,0,1,1,33,0,0,0,0,0,5.6,2.5,6.550000000000001,8.675,4.0,0
471,247336,71266,10,7,3,2,539,7,2,1,37,1,0,0,0,0,8.2,6.5,10.0,6.695,8.2,0
519,52317,6832,24,6,2,3,988,9,2,1,40,1,0,0,0,0,10.0,4.0,10.0,8.940000000000001,9.399999999999999,0
457,182488,46368,3,6,2,1,946,6,2,1,48,1,0,0,0,0,4.8,6.0,10.0,8.73,7.6,0
776,193084,93425,9,3,3,1,33,13,2,1,43,1,0,0,0,0,5.4,7.5,10.0,4.165,10.0,0
345,125585,74715,2,8,2,3,507,13,1,1,5,0,0,0,0,0,5.6,4.0,1.15,6.535,10.0,0
672,219117,76835,5,9,4,2,863,0,1,1,15,1,0,0,0,0,7.3999999999999995,8.0,6.25,8.315000000000001,4.0,0
817,172472,78366,2,6,3,3,313,2,2,1,1,1,1,0,0,0,4.3999999999999995,5.5,3.55,5.5649999999999995,5.2,0
398,68270,42570,8,2,2,3,407,13,1,1,31,1,0,0,0,0,4.4,4.0,9.25,6.035,10.0,0
336,223141,92977,2,1,3,3,412,4,1,1,42,1,0,0,0,0,1.4,5.5,9.7,6.0600000000000005,6.4,0
579,139415,11615,17,3,1,3,325,2,2,0,46,1,0,0,0,0,8.600000000000001,2.5,10.0,1.625,5.2,0
648,200905,77298,7,3,1,2,870,2,2,1,37,1,0,0,0,0,4.6,3.5,9.95,8.35,5.2,0
796,214716,43311,21,8,1,3,287,0,1,1,27,1,0,0,0,0,10.0,2.5,10.0,5.4350000000000005,4.0,0
601,100206,95245,7,5,2,1,551,7,2,1,40,1,0,1,0,0,5.800000000000001,6.0,10.0,6.755,8.2,0
480,89468,28434,14,1,2,2,152,8,2,1,8,1,0,0,0,0,6.2,5.0,7.0,4.76,8.8,0
398,210545,91879,12,4,5,3,798,4,0,1,24,1,0,0,0,0,7.200000000000001,8.5,9.0,7.99,6.4,0
415,196881,20739,6,7,2,3,419,0,1,0,49,1,0,0,0,0,6.6000000000000005,4.0,10.0,2.095,4.0,0
490,189400,71202,18,5,3,2,365,0,1,1,25,0,0,0,0,0,10.0,6.5,7.35,5.825,4.0,0
552,187856,98419,7,6,2,2,533,8,1,1,44,1,0,0,0,0,6.4,5.0,10.0,6.665,8.8,0
460,43723,84599,9,4,2,3,912,13,1,1,25,1,0,0,0,0,6.0,4.0,8.55,8.559999999999999,10.0,0
555,80646,38649,16,2,2,2,212,0,2,1,4,0,0,0,0,0,7.6000000000000005,5.0,3.8000000000000003,5.0600000000000005,4.0,0
622,217327,52445,0,9,3,3,259,8,2,1,16,1,0,0,0,0,5.3999999999999995,5.5,5.4,5.295,8.8,0
427,20074,44470,12,2,2,3,112,14,2,1,25,1,0,0,0,0,6.000000000000001,4.0,9.15,4.5600000000000005,10.0,0
317,46498,79965,12,2,2,2,477,2,1,1,25,1,0,0,0,0,6.000000000000001,5.0,9.15,6.385,5.2,0
622,216594,53621,23,2,2,1,44,2,1,1,42,1,0,0,0,0,10.0,6.0,10.0,4.22,5.2,0
587,116881,37926,15,1,3,2,333,12,2,1,8,1,0,0,0,0,6.6,6.5,7.2,5.665,10.0,0
454,171613,42997,8,3,1,3,907,3,2,1,22,1,0,0,0,0,5.0,2.5,7.9,8.535,5.8,0
789,65929,64940,9,6,3,3,541,4,2,1,23,0,0,1,0,0,7.199999999999999,5.5,5.25,6.705,6.4,0
685,143199,45724,5,7,2,3,568,5,0,1,40,1,0,0,0,0,6.2,4.0,10.0,6.84,7.0,0
403,46028,36704,4,1,3,2,605,13,2,1,8,1,0,0,0,0,2.2,6.5,5.0,7.025,10.0,0
692,49545,33391,1,5,2,3,277,5,2,1,9,1,0,0,0,0,3.4,4.0,4.55,5.385,7.0,0
545,99569,68291,10,5,2,2,62,9,1,1,5,1,0,0,0,0,7.0,5.0,5.75,4.31,9.399999999999999,0
475,51673,94723,8,1,2,3,794,12,2,1,3,1,0,0,0,0,3.8000000000000003,4.0,5.05,7.970000000000001,10.0,0
338,182046,7526,5,4,5,2,27,14,2,1,0,0,0,0,0,0,4.4,9.5,1.0,4.135,10.0,0
776,209971,29686,7,1,2,3,113,12,0,1,5,1,0,0,0,0,3.4000000000000004,4.0,5.15,4.5649999999999995,10.0,0
837,174169,78339,8,1,5,3,161,8,2,1,37,0,0,0,0,0,3.8000000000000003,8.5,7.15,4.805,8.8,0
707,122511,11574,8,7,2,2,849,0,2,1,28,0,0,0,0,0,7.4,5.0,5.800000000000001,8.245000000000001,4.0,0
824,113144,13733,7,7,2,3,686,8,1,1,43,1,0,0,0,0,7.0,4.0,10.0,7.43,8.8,0
805,84824,55290,11,3,2,2,882,3,1,1,2,0,0,0,0,0,6.2,5.0,2.5,8.41,5.8,0
335,43525,77793,7,7,1,2,423,6,1,1,44,1,0,0,0,0,7.0,3.5,10.0,6.115,7.6,0
319,77804,41051,2,3,4,1,93,14,1,1,23,1,0,0,0,0,2.5999999999999996,9.0,6.85,4.465,10.0,0
620,166115,20909,12,2,3,3,317,5,2,1,41,1,0,0,0,0,6.000000000000001,5.5,10.0,5.585,7.0,0
811,61846,94682,18,4,3,3,160,8,2,0,8,0,0,0,0,0,9.6,5.5,4.8,1.0,8.8,0
699,97261,82338,1,3,3,3,558,1,2,1,16,1,1,0,0,0,2.1999999999999997,5.5,5.6,6.79,4.6,0
770,201299,78432,16,7,2,3,388,14,2,1,42,1,0,0,0,1,10.0,4.0,10.0,5.9399999999999995,10.0,0
442,204100,33133,15,1,5,1,467,10,1,0,37,1,0,0,0,0,6.6,10.0,10.0,2.335,10.0,0
391,188455,56571,3,6,2,1,362,1,2,1,41,1,0,0,0,0,4.8,6.0,9.75,5.8100000000000005,4.6,0
653,49483,84062,17,2,3,2,673,6,1,1,49,1,0,0,0,0,8.0,6.5,10.0,7.365,7.6,0
350,27265,55908,13,8,2,3,877,14,1,0,13,0,0,0,0,0,10.0,4.0,4.55,4.385,10.0,0
489,42763,16278,1,5,5,3,385,11,2,1,35,1,0,0,0,0,3.4,8.5,8.45,5.925,10.0,0
424,226724,56458,12,3,3,2,217,8,2,1,44,1,0,0,0,0,6.6000000000000005,6.5,10.0,5.085,8.8,0
449,35733,69265,20,7,5,3,571,4,2,1,32,0,0,0,0,1,10.0,8.5,8.8,6.855,6.4,0
613,132196,61782,19,2,2,3,741,6,2,1,19,1,0,0,0,0,8.8,4.0,9.65,7.705,7.6,0
641,111038,60415,16,5,2,1,469,10,2,1,33,1,0,0,0,0,9.4,6.0,10.0,6.345000000000001,10.0,0
604,57420,96087,14,8,2,3,413,7,2,1,2,1,0,0,0,0,10.0,4.0,6.1,6.0649999999999995,8.2,0
353,160319,59160,24,1,3,3,568,13,1,1,19,1,0,0,0,0,10.0,5.5,10.0,6.84,10.0,0
743,174912,59399,19,1,3,2,539,7,2,1,2,1,0,0,0,0,8.200000000000001,6.5,7.1000000000000005,6.695,8.2,0
563,216221,30298,4,3,1,3,494,3,0,1,5,1,0,0,0,0,3.4,2.5,4.55,6.470000000000001,5.8,0
352,41058,27191,6,3,2,2,131,9,1,1,28,0,0,0,0,0,4.2,5.0,5.4,4.655,9.399999999999999,0
304,54929,61964,17,7,2,1,803,6,0,1,38,1,0,0,0,0,10.0,6.0,10.0,8.015,7.6,0
402,235243,38092,23,6,4,2,129,0,1,1,42,1,0,0,0,0,10.0,8.0,10.0,4.645,4.0,0
495,242236,94407,10,7,1,3,260,3,2,1,30,1,0,0,0,0,8.2,2.5,9.5,5.3,5.8,0
649,182434,80257,17,4,3,2,848,11,1,1,38,1,0,0,0,0,9.200000000000001,6.5,10.0,8.24,10.0,0
346,106489,67513,4,2,2,3,308,12,1,1,48,1,0,0,0,0,2.8,4.0,10.0,5.54,10.0,0
568,104664,56097,12,2,2,3,56,13,2,1,20,0,0,0,0,0,6.000000000000001,4.0,5.4,4.28,10.0,0
669,198428,35279,17,1,4,2,606,12,2,1,43,1,0,1,0,0,7.4,8.0,10.0,7.029999999999999,10.0,0
405,97597,19404,1,9,2,3,308,4,2,1,0,1,0,0,0,0,5.8,4.0,3.2,5.54,6.4,0
419,26041,75022,19,7,1,2,905,13,2,1,32,0,0,1,0,0,10.0,3.5,8.6,8.525,10.0,0
357,98209,40198,3,3,1,3,681,9,1,1,49,1,0,0,0,0,3.0,2.5,10.0,7.404999999999999,9.399999999999999,0
645,213026,99223,12,2,2,1,528,12,1,1,9,1,0,0,0,0,6.000000000000001,6.0,6.75,6.640000000000001,10.0,0
773,212941,54997,23,3,3,3,254,13,2,1,25,1,0,0,0,0,10.0,5.5,10.0,5.27,10.0,0
416,172131,83692,15,7,2,3,736,11,2,1,2,1,0,0,0,0,10.0,4.0,6.3,7.68,10.0,0
426,119864,5567,5,5,3,3,733,6,1,1,13,1,0,1,0,0,5.0,5.5,5.95,7.665,7.6,0
692,195794,66032,7,3,1,2,733,11,2,1,7,1,0,0,0,0,4.6,3.5,5.45,7.665,10.0,0
357,168620,7179,15,9,4,3,809,5,2,1,47,1,0,0,0,0,10.0,7.0,10.0,8.045,7.0,0
812,166150,7019,12,2,3,2,227,3,1,1,49,1,0,0,0,0,6.000000000000001,6.5,10.0,5.135,5.8,0
395,156491,86455,22,7,5,2,772,14,2,1,31,1,0,0,0,0,10.0,9.5,10.0,7.859999999999999,10.0,0
417,186562,90239,3,6,4,1,353,2,2,1,40,1,0,0,0,0,4.8,9.0,9.6,5.765,5.2,0
787,227158,23704,1,6,2,1,842,10,0,1,35,1,0,0,1,0,3.9999999999999996,6.0,8.45,8.21,6.0,0
536,135158,23030,8,7,2,3,323,13,1,1,26,1,0,0,0,0,7.4,4.0,8.5,5.615,10.0,0
571,209832,74445,17,6,3,3,702,5,2,1,32,0,0,0,0,0,10.0,5.5,8.2,7.51,7.0,0
488,181409,78551,16,2,1,2,613,9,2,1,20,1,0,1,0,0,7.6000000000000005,3.5,9.2,7.0649999999999995,9.399999999999999,0
746,21468,8420,7,5,2,3,739,14,1,1,25,0,0,0,0,0,5.800000000000001,4.0,5.15,7.695,10.0,0
546,44309,64875,14,3,1,1,299,13,2,0,13,1,0,0,0,0,7.4,4.5,7.75,1.495,10.0,0
375,217416,52653,8,9,2,3,611,12,1,1,42,1,0,0,0,0,8.6,4.0,10.0,7.055,10.0,0
453,241355,21740,16,8,2,3,206,11,1,1,35,1,0,0,0,0,10.0,4.0,10.0,5.03,10.0,0
734,92255,70263,22,2,2,3,705,4,1,1,27,1,0,0,0,0,10.0,4.0,10.0,7.525,6.4,0
385,101899,69559,1,1,1,2,587,13,2,1,27,1,0,1,0,0,1.0,3.5,7.25,6.9350000000000005,10.0,0
584,48718,24465,5,4,3,3,425,11,2,1,20,1,0,0,0,0,4.4,5.5,7.0,6.125,10.0,0
519,245409,56432,4,4,1,2,619,2,2,1,47,1,0,0,0,0,4.0,3.5,10.0,7.095000000000001,5.2,0
368,188913,9131,16,2,5,3,315,3,2,1,40,1,0,0,0,0,7.6000000000000005,8.5,10.0,5.575,5.8,0
346,224620,15652,1,7,2,3,487,1,2,1,28,1,0,0,0,0,4.6000000000000005,4.0,7.4,6.4350000000000005,4.6,0
393,234637,69973,17,3,3,3,545,8,1,1,45,1,0,0,0,0,8.600000000000001,5.5,10.0,6.725,8.8,0
752,197732,92043,9,7,2,1,229,6,2,1,37,1,0,0,0,0,7.800000000000001,6.0,10.0,5.145,7.6,0
503,126553,52147,9,7,1,3,695,11,2,1,33,1,1,1,0,0,7.800000000000001,2.5,9.75,7.475,10.0,0
517,70281,52671,5,1,2,3,908,13,1,1,0,0,0,0,0,0,2.6,4.0,1.0,8.54,10.0,0
773,133451,94342,11,6,2,3,766,9,1,1,19,1,0,0,0,0,8.0,4.0,8.05,7.83,9.399999999999999,0
731,20767,24171,16,4,4,3,635,2,2,1,25,1,0,0,0,0,8.8,7.0,9.95,7.175,5.2,0
640,154967,91129,12,8,3,3,787,7,1,1,26,1,0,0,0,0,9.600000000000001,5.5,9.3,7.9350000000000005,8.2,0
588,78026,60692,19,8,1,3,911,7,1,1,22,1,0,0,0,0,10.0,2.5,10.0,8.555,8.2,0
553,138142,63541,15,3,2,2,363,10,2,1,6,1,0,0,0,0,7.8,5.0,6.9,5.8149999999999995,10.0,0
656,62968,14470,9,4,2,3,744,0,2,1,21,0,0,0,0,0,6.0,4.0,4.95,7.720000000000001,4.0,0
322,191169,66344,20,1,1,1,829,13,0,1,46,1,0,0,0,0,8.6,4.5,10.0,8.145,10.0,0
821,166404,49308,1,2,2,3,244,4,2,1,36,1,0,0,0,0,1.6,4.0,8.6,5.22,6.4,0
399,165693,55639,1,7,5,3,315,4,2,1,34,1,0,0,1,0,4.6000000000000005,8.5,8.3,5.575,2.4,0
479,96870,26326,22,7,2,1,119,11,2,1,46,1,0,0,0,0,10.0,6.0,10.0,4.595,10.0,0
522,38174,9597,6,9,3,3,323,2,2,1,3,1,0,0,0,0,7.8,5.5,4.65,5.615,5.2,0
741,144357,35788,5,9,3,3,957,1,2,1,28,1,0,0,0,0,7.3999999999999995,5.5,8.2,8.785,4.6,0
624,119189,70020,0,9,3,3,22,0,2,1,36,0,0,0,0,0,5.3999999999999995,5.5,5.3999999999999995,4.11,4.0,0
815,60502,54477,11,6,2,2,646,12,2,1,35,1,0,0,0,0,8.0,5.0,10.0,7.23,10.0,0
315,56674,38071,12,8,3,2,836,3,0,0,2,1,0,0,0,0,9.600000000000001,6.5,5.7,4.18,5.8,0
635,57260,75603,11,9,4,3,176,11,0,1,1,1,0,0,0,0,9.8,7.0,5.35,4.88,10.0,0
557,193570,66923,18,7,1,2,62,10,2,1,4,1,0,0,0,0,10.0,3.5,7.2,4.31,10.0,0
796,218681,75560,8,4,2,3,195,9,1,1,17,1,0,0,0,0,5.6,4.0,7.15,4.975,9.399999999999999,0
459,200536,78251,9,4,5,1,285,1,0,1,33,1,0,0,0,0,6.0,10.0,9.75,5.425,4.6,0
774,91805,62492,16,6,3,2,456,4,1,1,14,1,0,1,0,0,10.0,6.5,8.3,6.279999999999999,6.4,0
679,215991,36770,17,4,2,3,361,11,2,1,49,1,0,0,0,0,9.200000000000001,4.0,10.0,5.805,10.0,0
844,205541,81762,7,7,2,2,19,10,2,1,49,1,1,0,0,0,7.0,5.0,10.0,4.095,10.0,0
726,37194,40399,6,8,2,3,419,9,0,1,39,0,0,0,0,0,7.2,4.0,7.05,6.095000000000001,9.399999999999999,0
567,177883,83948,8,8,2,3,156,11,2,1,43,1,0,0,0,0,8.0,4.0,10.0,4.78,10.0,0
716,92377,62439,9,8,2,3,486,1,1,1,40,1,0,1,0,0,8.4,4.0,10.0,6.43,4.6,0
467,150864,49415,11,2,2,1,838,0,2,0,0,1,1,0,0,0,5.6000000000000005,6.0,5.2,4.19,4.0,0
342,63723,17569,14,2,3,3,854,9,2,1,21,1,0,0,0,0,6.800000000000001,5.5,8.95,8.27,9.399999999999999,0
584,226307,7369,14,2,3,2,639,9,2,1,24,1,0,1,0,0,6.800000000000001,6.5,9.4,7.195,9.399999999999999,0
696,96298,5528,3,2,4,3,939,11,0,1,16,1,0,0,0,0,2.4000000000000004,7.0,6.0,8.695,10.0,0
311,79238,35314,3,4,1,2,861,9,2,1,32,1,0,0,0,0,3.6,3.5,8.4,8.305,9.399999999999999,0
601,125433,23047,22,5,3,2,437,9,1,1,16,1,0,0,0,1,10.0,6.5,9.8,6.1850000000000005,9.399999999999999,0
552,127092,24748,0,4,2,3,497,8,2,0,37,0,0,0,0,0,2.4,4.0,5.55,2.485,8.8,0
798,22147,40109,11,5,2,3,539,1,2,1,4,0,0,1,0,0,7.4,4.0,2.8000000000000003,6.695,4.6,0
334,249991,18919,24,4,4,2,386,9,2,0,36,0,0,0,0,0,10.0,8.0,10.0,1.93,9.399999999999999,0
389,58445,52498,1,7,2,2,747,3,1,1,42,1,0,0,0,0,4.6000000000000005,5.0,9.5,7.734999999999999,5.8,0
717,204875,60808,14,1,1,3,121,2,2,1,42,1,0,0,0,0,6.2,2.5,10.0,4.605,5.2,0
414,212180,85792,16,1,1,2,593,0,1,1,10,0,0,0,0,0,7.0,3.5,4.7,6.965,4.0,0
495,126170,75441,6,2,2,2,665,7,0,1,11,1,0,0,0,0,3.6000000000000005,5.0,5.85,7.325,8.2,0
800,153085,79420,5,1,3,2,625,1,2,1,43,0,0,0,0,0,2.6,6.5,7.45,7.125,4.6,0
792,105617,33906,11,3,5,2,224,10,1,1,33,1,0,0,0,0,6.2,9.5,10.0,5.12,10.0,0
374,233482,76486,18,6,3,1,519,7,0,1,34,1,0,0,0,0,10.0,7.5,10.0,6.595000000000001,8.2,0
712,73502,71896,0,6,4,2,520,11,1,1,38,1,1,0,0,0,3.5999999999999996,8.0,8.7,6.6,10.0,0
675,137116,26946,20,1,3,3,598,0,1,1,45,1,0,0,0,0,8.6,5.5,10.0,6.99,4.0,0
719,57755,52020,13,6,4,1,35,5,0,1,15,1,0,0,0,0,8.8,9.0,7.85,4.175,7.0,0
576,159805,79266,3,5,1,3,751,3,2,1,23,1,0,0,0,0,4.2,2.5,7.05,7.755,5.8,0
693,29479,27161,4,7,4,3,202,2,2,1,30,1,0,0,0,0,5.800000000000001,7.0,8.3,5.01,5.2,0
756,95361,32738,0,6,2,3,971,0,2,1,13,1,0,0,0,1,3.5999999999999996,4.0,4.95,8.855,4.0,0
491,172376,8925,0,7,4,3,112,9,1,1,48,1,0,0,0,0,4.2,7.0,10.0,4.5600000000000005,9.399999999999999,0
398,186766,13463,20,2,1,2,214,10,2,1,46,1,0,0,0,0,9.2,3.5,10.0,5.07,10.0,0
847,144232,62153,5,1,3,1,420,11,2,1,31,1,0,0,0,0,2.6,7.5,8.649999999999999,6.1,10.0,0
395,125586,87948,4,7,3,3,781,0,2,1,42,1,0,0,0,0,5.800000000000001,5.5,10.0,7.904999999999999,4.0,0
489,101171,66009,1,9,5,1,754,10,2,1,12,1,0,0,0,0,5.8,10.0,5.0,7.77,10.0,0
336,134151,92938,24,2,3,2,60,6,2,0,37,1,0,0,0,0,10.0,6.5,10.0,1.0,7.6,0
668,106296,96253,20,7,2,3,989,5,2,1,16,1,0,1,0,0,10.0,4.0,9.4,8.945,7.0,0
824,160562,46552,4,3,2,2,140,2,1,1,43,0,0,0,0,0,3.4,5.0,7.25,4.7,5.2,0
578,172324,61271,8,6,2,3,352,11,0,1,35,0,0,0,0,0,6.8,4.0,6.85,5.76,10.0,0
516,157934,14797,18,3,1,3,587,11,2,1,41,1,0,0,0,0,9.0,2.5,10.0,6.9350000000000005,10.0,0
572,89959,91130,20,5,2,3,409,1,1,1,17,0,0,0,0,0,10.0,4.0,6.55,6.045,4.6,0
361,161522,76942,14,2,2,3,211,9,0,1,18,1,0,0,0,0,6.800000000000001,4.0,8.5,5.055,9.399999999999999,0
641,76022,18965,12,8,2,2,805,2,2,1,6,1,0,0,0,0,9.600000000000001,5.0,6.300000000000001,8.025,5.2,0
696,81991,18733,11,8,4,3,309,11,2,1,29,1,0,0,0,1,9.2,7.0,9.55,5.545,10.0,0
318,191999,58223,4,7,4,2,155,14,1,1,11,0,0,0,0,0,5.800000000000001,8.0,2.45,4.775,10.0,0
476,239162,31926,1,6,1,3,779,7,2,0,10,1,0,0,0,0,3.9999999999999996,2.5,4.7,3.895,8.2,0
695,69853,33783,3,1,1,1,471,10,2,1,28,1,0,0,0,0,1.8000000000000003,4.5,7.800000000000001,6.355,10.0,0
744,51826,88360,17,8,2,3,949,6,2,1,2,1,0,0,0,0,10.0,4.0,6.7,8.745000000000001,7.6,0
532,62879,41394,20,1,2,3,925,12,2,1,33,1,0,0,0,0,8.6,4.0,10.0,8.625,10.0,0
375,208337,69796,9,8,1,1,833,13,2,1,33,1,0,0,0,0,8.4,4.5,9.75,8.165,10.0,0
564,92361,33287,12,2,2,1,513,11,2,1,30,1,0,0,0,0,6.000000000000001,6.0,9.9,6.5649999999999995,10.0,0
754,97990,87104,11,8,2,1,897,14,2,1,21,1,0,1,0,0,9.2,6.0,8.35,8.485,10.0,0
683,109787,35436,1,4,2,2,625,12,2,1,1,1,0,0,0,0,2.8,5.0,3.35,7.125,10.0,0
805,237256,91916,14,7,2,2,160,6,2,0,26,1,0,0,0,0,9.8,5.0,9.7,1.0,7.6,0
666,60736,95332,13,5,2,3,639,4,2,0,46,1,0,0,0,0,8.2,4.0,10.0,3.195,6.4,0
443,44530,78567,24,8,3,2,325,11,2,1,35,1,0,0,0,0,10.0,6.5,10.0,5.625,10.0,0
368,229124,92483,9,6,3,2,208,9,1,0,31,0,0,0,0,0,7.199999999999999,6.5,6.449999999999999,1.04,9.399999999999999,0
398,198130,8188,21,5,2,3,438,2,0,1,34,1,0,0,0,0,10.0,4.0,10.0,6.1899999999999995,5.2,0
695,126080,96205,7,1,1,2,312,0,2,1,16,0,0,0,0,0,3.4000000000000004,3.5,3.8,5.5600000000000005,4.0,0
324,225166,11765,24,3,2,2,855,0,1,1,33,1,0,0,0,0,10.0,5.0,10.0,8.275,4.0,0
768,94255,56626,14,9,1,3,942,5,2,1,25,1,0,0,0,0,10.0,2.5,9.55,8.71,7.0,0
783,155958,93707,12,9,2,3,913,14,0,1,9,1,0,0,0,0,10.0,4.0,6.75,8.565000000000001,10.0,0
450,146598,15807,7,5,1,1,507,3,2,0,38,1,0,0,0,0,5.800000000000001,4.5,10.0,2.535,5.8,0
443,244793,15204,20,3,2,1,910,6,2,0,8,1,0,0,0,0,9.8,6.0,8.2,4.55,7.6,0
338,138623,97602,20,6,2,2,800,9,2,0,24,1,0,1,0,0,10.0,5.0,10.0,4.0,9.399999999999999,0
408,57387,62944,21,5,3,2,114,9,1,1,19,1,0,0,0,0,10.0,6.5,10.0,4.57,9.399999999999999,0
341,172647,47120,13,1,1,2,19,9,2,1,14,1,0,0,0,0,5.8,3.5,7.7,4.095,9.399999999999999,0
485,132260,27658,0,2,2,3,634,0,1,1,39,1,0,0,0,0,1.2,4.0,8.85,7.17,4.0,0
697,190715,42081,12,5,1,3,36,12,2,1,48,1,0,0,0,0,7.800000000000001,2.5,10.0,4.18,10.0,0
522,161172,39986,7,9,1,2,620,5,2,1,26,1,0,0,0,0,8.2,3.5,8.3,7.1,7.0,0
432,211428,84322,17,4,4,3,778,6,2,1,10,0,0,0,0,0,9.200000000000001,7.0,4.9,7.890000000000001,7.6,0
462,158928,99819,21,9,3,2,336,0,0,1,15,1,0,0,0,0,10.0,6.5,9.45,5.68,4.0,0
514,189241,55304,8,3,1,3,504,1,2,1,29,1,0,0,0,0,5.0,2.5,8.95,6.52,4.6,0
534,179876,70592,12,1,3,3,892,8,1,1,21,1,0,0,0,0,5.4,5.5,8.55,8.46,8.8,0
308,186862,63548,2,6,3,3,657,8,0,1,23,0,0,1,0,0,4.3999999999999995,5.5,3.8499999999999996,7.285,8.8,0
373,50988,44986,17,7,2,2,916,5,2,1,49,0,0,0,0,0,10.0,5.0,10.0,8.58,7.0,0
791,96448,79095,9,4,2,1,747,10,2,1,23,1,0,0,0,0,6.0,6.0,8.25,7.734999999999999,10.0,0
552,189578,96594,4,5,4,3,136,3,2,1,35,1,0,0,0,0,4.6,7.0,9.05,4.68,5.8,0
529,133430,93281,24,4,2,2,125,6,1,1,17,0,0,0,0,1,10.0,5.0,7.3500000000000005,4.625,7.6,0
818,238976,71151,5,3,2,2,933,4,2,1,19,1,0,0,0,0,3.8,5.0,6.85,8.665,6.4,0
473,218378,78598,7,1,2,1,811,14,2,1,7,1,0,0,0,0,3.4000000000000004,6.0,5.45,8.055,10.0,0
467,163377,33214,23,6,3,3,180,2,2,1,14,1,0,0,0,0,10.0,5.5,9.700000000000001,4.9,5.2,0
469,161041,43745,6,5,4,2,221,3,2,1,12,1,1,1,0,0,5.4,8.0,6.0,5.105,5.8,0
692,32404,47548,20,1,3,3,933,1,2,1,35,1,0,0,0,0,8.6,5.5,10.0,8.665,4.6,0
493,160061,15681,17,5,3,2,954,13,2,1,13,1,0,0,0,0,9.8,6.5,8.350000000000001,8.77,10.0,0
816,216377,11984,13,6,5,2,198,5,2,1,46,0,0,0,0,0,8.8,9.5,9.5,4.99,7.0,0
328,187055,32579,14,5,3,3,499,2,2,1,46,0,0,0,0,0,8.600000000000001,5.5,9.7,6.495,5.2,0
464,190534,95810,9,1,3,2,942,6,2,1,23,1,0,0,0,0,4.2,6.5,8.25,8.71,7.6,0
721,39360,59933,20,5,5,2,396,3,0,1,36,1,0,0,0,0,10.0,9.5,10.0,5.98,5.8,0
638,105657,32399,11,1,1,2,786,13,2,1,23,1,0,0,0,0,5.0,3.5,8.65,7.93,10.0,0
795,177359,36481,6,3,3,2,735,7,2,1,46,1,0,0,0,0,4.2,6.5,10.0,7.675,8.2,0
664,216544,5944,6,2,3,3,610,10,2,1,17,1,0,0,0,0,3.6000000000000005,5.5,6.75,7.05,10.0,0
641,212385,98993,10,1,4,2,139,13,2,1,31,1,0,0,0,0,4.6,8.0,9.649999999999999,4.695,10.0,0
799,54160,14114,12,4,4,3,32,0,1,1,34,1,0,0,0,0,7.200000000000001,7.0,10.0,4.16,4.0,0
810,26789,44846,14,2,3,3,188,8,2,1,19,1,0,0,0,0,6.800000000000001,5.5,8.65,4.9399999999999995,8.8,0
626,178253,88666,17,5,4,2,410,2,2,1,41,1,0,0,0,0,9.8,8.0,10.0,6.05,5.2,0
516,165457,82848,6,1,2,2,514,14,1,1,31,1,0,0,0,0,3.0000000000000004,5.0,8.85,6.57,10.0,0
600,102597,37596,5,1,1,2,930,2,2,1,36,1,0,0,0,0,2.6,3.5,9.399999999999999,8.65,5.2,0
431,85641,80287,22,4,1,2,981,14,2,1,36,1,0,0,0,0,10.0,3.5,10.0,8.905000000000001,10.0,0
369,64247,11907,10,7,2,3,420,4,1,1,46,1,0,0,0,0,8.2,4.0,10.0,6.1,6.4,0
551,106673,33114,7,2,2,1,541,9,2,1,32,1,0,0,0,0,4.0,6.0,9.2,6.705,9.399999999999999,0
714,25544,30009,19,2,2,3,338,0,2,1,0,1,1,0,0,0,8.8,4.0,6.800000000000001,5.6899999999999995,4.0,0
744,164347,89846,0,1,2,1,480,13,0,1,47,1,0,0,0,0,1.0,6.0,10.0,6.4,10.0,0
481,83248,55241,7,5,4,2,429,2,2,1,27,1,0,0,0,0,5.800000000000001,8.0,8.45,6.145,5.2,0
466,54550,40725,7,6,2,1,421,3,2,1,26,1,0,0,0,0,6.4,6.0,8.3,6.105,5.8,0
390,73693,23996,18,6,4,2,763,13,0,1,16,0,0,0,0,0,10.0,8.0,6.0,7.8149999999999995,10.0,0
830,148924,11047,2,2,4,3,761,1,1,1,45,1,0,1,0,0,2.0,7.0,10.0,7.805,4.6,0
338,170713,33767,4,7,2,3,38,11,1,1,14,1,0,0,0,0,5.800000000000001,4.0,5.9,4.19,10.0,0
425,222821,21347,2,6,2,2,254,5,1,1,13,1,0,0,0,0,4.3999999999999995,5.0,5.35,5.27,7.0,0
750,100021,29102,14,8,3,3,641,9,2,1,30,0,0,0,0,0,10.0,5.5,7.300000000000001,7.205,9.399999999999999,0
472,35605,9263,13,6,3,3,947,3,1,0,33,0,0,0,0,0,8.8,5.5,7.550000000000001,4.735,5.8,0
519,70713,72438,20,9,2,3,835,0,2,1,2,1,0,0,0,0,10.0,4.0,7.3,8.175,4.0,0
357,171462,35540,14,2,1,3,895,2,2,0,11,1,0,0,0,0,6.800000000000001,2.5,7.45,4.475,5.2,0
775,95403,80726,23,7,2,3,553,6,1,1,25,0,0,0,0,0,10.0,4.0,8.350000000000001,6.765000000000001,7.6,0
755,78466,68769,16,5,1,3,661,13,2,1,23,1,0,0,0,0,9.4,2.5,9.65,7.305,10.0,0
660,23981,45843,17,1,2,2,679,2,2,1,33,1,0,0,0,0,7.4,5.0,10.0,7.395,5.2,0
300,160565,32690,1,3,2,2,69,12,2,1,7,1,0,0,0,0,2.1999999999999997,5.0,4.25,4.345,10.0,0
686,222290,7994,11,4,3,3,148,5,1,1,11,1,0,0,1,0,6.800000000000001,5.5,6.85,4.74,3.0,0
647,222390,72546,15,2,5,3,366,10,1,1,8,1,0,0,0,0,7.2,8.5,7.2,5.83,10.0,0
489,135631,12377,3,7,3,3,221,14,0,1,25,1,0,1,0,0,5.4,5.5,7.35,5.105,10.0,0
804,139238,83572,24,1,4,3,148,5,1,1,45,1,0,0,0,0,10.0,7.0,10.0,4.74,7.0,0
490,115335,31467,1,3,3,2,377,0,2,1,37,1,0,0,0,0,2.1999999999999997,6.5,8.75,5.885,4.0,0
807,127441,5048,13,9,3,3,632,1,1,1,48,0,0,0,0,0,10.0,5.5,9.799999999999999,7.16,4.6,0
668,36984,41978,10,2,2,3,495,9,0,1,42,1,0,0,0,0,5.2,4.0,10.0,6.475,9.399999999999999,0
708,145580,52606,12,5,2,3,502,10,2,1,18,1,0,0,0,0,7.800000000000001,4.0,8.1,6.51,10.0,0
416,131316,86574,24,4,3,3,345,11,0,1,20,1,0,0,0,0,10.0,5.5,10.0,5.725,10.0,0
433,173832,78414,6,3,4,2,772,10,0,1,12,1,0,0,0,0,4.2,8.0,6.0,7.859999999999999,10.0,0
357,242601,98145,9,5,2,1,620,5,2,0,34,0,0,0,0,0,6.6,6.0,6.8999999999999995,3.1,7.0,0
472,152596,54222,23,6,1,3,187,1,2,1,2,1,0,0,0,0,10.0,2.5,7.9,4.9350000000000005,4.6,0
448,138454,53115,0,1,3,1,522,14,0,1,24,0,0,0,0,0,1.0,7.5,3.5999999999999996,6.609999999999999,10.0,0
379,69402,94606,20,2,2,2,610,13,2,1,31,1,0,0,0,0,9.2,5.0,10.0,7.05,10.0,0
512,111656,45647,24,1,1,2,122,12,2,1,20,1,0,0,0,0,10.0,3.5,10.0,4.61,10.0,0
502,85614,59607,3,3,3,2,292,1,2,1,13,0,0,0,0,0,3.0,6.5,2.55,5.46,4.6,0
528,186963,62410,17,8,2,3,125,3,2,1,30,1,0,0,0,0,10.0,4.0,10.0,4.625,5.8,0
526,111009,26996,5,8,3,3,553,11,1,1,7,1,0,1,0,0,6.8,5.5,5.05,6.765000000000001,10.0,0
831,190904,59921,1,4,4,3,783,12,2,1,6,1,0,0,0,0,2.8,7.0,4.1,7.915,10.0,0
740,65836,88697,2,6,2,2,50,13,2,1,35,1,0,0,0,0,4.3999999999999995,5.0,8.65,4.25,10.0,0
701,225025,51022,13,9,2,3,941,7,2,1,34,1,0,1,0,0,10.0,4.0,10.0,8.705,8.2,0
346,164434,45148,7,7,2,3,176,5,2,1,18,1,0,0,0,0,7.0,4.0,7.1,4.88,7.0,0
532,217817,72764,15,2,2,3,864,13,2,1,1,1,0,0,0,0,7.2,4.0,6.15,8.32,10.0,0
604,188993,96901,18,2,3,3,230,7,2,1,4,0,0,0,0,0,8.4,5.5,4.2,5.15,8.2,0
825,221506,95724,17,3,2,3,935,14,2,1,43,1,0,0,0,0,8.600000000000001,4.0,10.0,8.675,10.0,0
442,169634,13888,5,8,1,1,735,3,2,1,1,1,0,0,0,0,6.8,4.5,4.15,7.675,5.8,0
714,215582,93666,13,9,1,1,322,10,2,1,17,1,0,0,0,0,10.0,4.5,8.15,5.61,10.0,0
812,151049,44159,2,3,2,3,916,2,1,1,14,0,0,0,0,0,2.5999999999999996,4.0,2.5,8.58,5.2,0
672,96407,47197,15,9,2,3,355,6,1,1,15,1,1,0,0,0,10.0,4.0,8.25,5.775,7.6,0
558,27610,89326,0,8,3,3,480,14,1,1,11,1,0,0,0,0,4.8,5.5,4.65,6.4,10.0,0
770,129381,95360,11,5,2,2,140,6,1,1,43,1,0,0,0,0,7.4,5.0,10.0,4.7,7.6,0
311,243990,29474,13,3,1,3,57,1,2,0,35,1,0,0,0,0,7.0,2.5,10.0,1.0,4.6,0
629,35791,22333,18,7,2,2,143,0,1,0,21,0,0,0,0,0,10.0,5.0,6.75,1.0,4.0,0
657,78047,41355,21,9,4,2,528,10,1,1,27,0,0,0,0,0,10.0,8.0,8.25,6.640000000000001,10.0,0
707,218978,78903,18,6,1,2,565,7,2,1,39,1,0,0,0,0,10.0,3.5,10.0,6.825,8.2,0
672,170737,71258,8,3,3,3,326,2,0,0,42,0,0,0,0,0,5.0,5.5,7.9,1.63,5.2,0
307,90246,36145,6,5,2,2,447,5,1,1,21,1,0,0,0,0,5.4,5.0,7.35,6.234999999999999,7.0,0
421,216936,80675,13,7,3,3,444,6,2,1,3,1,0,0,0,0,9.4,5.5,6.05,6.220000000000001,7.6,0
647,197523,54854,4,8,1,2,95,7,2,1,11,1,0,0,0,0,6.4,3.5,5.45,4.475,8.2,0
389,106148,72664,17,4,4,3,57,5,1,1,20,1,0,0,1,0,9.200000000000001,7.0,9.4,4.285,3.0,0
615,65890,91153,8,2,3,3,499,6,2,1,26,1,0,0,0,0,4.4,5.5,8.5,6.495,7.6,0
477,157866,98616,20,2,3,3,838,4,1,1,22,0,0,0,0,0,9.2,5.5,7.3,8.190000000000001,6.4,0
839,52888,40285,6,3,2,1,874,2,2,1,41,1,0,0,0,0,4.2,6.0,10.0,8.370000000000001,5.2,0
340,157821,22533,8,8,3,2,433,14,2,1,26,1,0,0,0,0,8.0,6.5,8.5,6.165,10.0,0
801,66531,37624,3,1,3,3,396,1,2,0,40,1,0,0,0,0,1.8000000000000003,5.5,9.6,1.98,4.6,0
444,135652,51996,24,7,2,2,935,6,2,1,15,1,0,1,0,0,10.0,5.0,10.0,8.675,7.6,0
500,40608,51947,16,6,2,2,249,7,2,1,31,1,0,0,0,0,10.0,5.0,10.0,5.245,8.2,0
760,100986,32956,11,2,3,3,673,13,2,1,35,1,0,0,0,0,5.6000000000000005,5.5,10.0,7.365,10.0,0
846,220283,56030,5,9,1,3,460,7,1,1,16,1,0,0,0,0,7.3999999999999995,2.5,6.4,6.3,8.2,0
552,103996,63597,17,5,3,1,267,12,1,0,17,1,0,0,0,0,9.8,7.5,8.95,1.335,10.0,0
689,76017,47443,7,2,1,2,53,2,2,1,26,0,0,0,0,0,4.0,3.5,5.3,4.265,5.2,0
555,77676,70464,20,3,1,3,177,1,1,1,6,1,0,0,0,0,9.8,2.5,7.9,4.885,4.6,0
749,31560,8952,14,7,3,3,796,12,2,1,40,0,0,0,0,0,9.8,5.5,8.8,7.98,10.0,0
309,205473,61880,2,7,1,1,200,8,0,1,37,0,0,0,0,0,5.0,4.5,5.95,5.0,8.8,0
541,70468,57201,1,1,5,2,673,5,2,1,19,1,0,0,0,0,1.0,9.5,6.050000000000001,7.365,7.0,0
550,183535,47460,23,4,4,3,571,9,2,1,34,0,0,1,0,0,10.0,7.0,9.7,6.855,9.399999999999999,0
304,182735,27796,22,6,3,2,285,2,1,1,46,0,0,0,0,0,10.0,6.5,10.0,5.425,5.2,0
418,219778,36746,8,8,3,3,834,4,2,1,32,0,0,0,0,0,8.0,5.5,6.4,8.17,6.4,0
673,209845,91785,7,3,4,3,378,0,2,0,25,1,0,0,0,0,4.6,7.0,8.15,1.89,4.0,0
364,53123,5015,3,3,2,2,315,1,2,1,23,1,0,0,0,0,3.0,5.0,7.05,5.575,4.6,0
445,114346,54757,1,8,3,3,616,8,0,1,23,1,0,0,0,0,5.2,5.5,6.65,7.08,8.8,0
523,160790,30957,13,8,1,2,763,9,2,1,30,1,0,0,0,0,10.0,3.5,10.0,7.8149999999999995,9.399999999999999,0
538,213709,86541,1,8,2,2,114,10,2,1,26,1,0,0,0,0,5.2,5.0,7.1,4.57,10.0,0
476,20028,26292,1,1,2,3,963,9,1,1,48,0,1,0,1,0,1.0,4.0,7.3999999999999995,8.815000000000001,5.3999999999999995,0
581,213442,36876,21,8,3,3,936,2,1,1,8,1,0,0,0,0,10.0,5.5,8.4,8.68,5.2,0
362,67599,65727,6,8,1,2,430,7,1,0,1,1,0,0,0,0,7.2,3.5,4.35,2.15,8.2,0
516,168469,52046,11,2,2,2,884,9,2,1,5,0,0,0,0,0,5.6000000000000005,5.0,2.95,8.42,9.399999999999999,0
760,65406,19817,5,9,3,2,358,7,0,1,30,1,0,0,0,0,7.3999999999999995,6.5,8.5,5.79,8.2,0
404,67657,96006,17,7,2,2,781,14,2,1,24,1,0,0,0,0,10.0,5.0,10.0,7.904999999999999,10.0,0
398,87560,14759,3,8,3,3,963,4,1,1,15,0,1,0,0,0,6.0,5.5,2.85,8.815000000000001,6.4,0
810,124143,53432,18,2,3,3,659,7,1,1,44,0,0,0,0,0,8.4,5.5,10.0,7.295,8.2,0
684,164575,11412,12,4,2,2,328,1,2,1,5,1,0,0,0,0,7.200000000000001,5.0,6.15,5.64,4.6,0
704,74943,62757,19,7,1,2,429,1,2,1,22,1,0,0,0,0,10.0,3.5,10.0,6.145,4.6,0
817,95839,25504,20,6,3,2,704,11,2,1,46,1,0,0,0,0,10.0,6.5,10.0,7.52,10.0,0
775,102674,13507,22,7,2,2,66,3,2,1,4,1,0,0,0,0,10.0,5.0,8.0,4.33,5.8,0
736,45345,26050,24,1,1,1,249,7,2,1,16,0,0,0,0,0,10.0,4.5,7.200000000000001,5.245,8.2,0
322,70390,9820,1,8,2,2,990,1,2,1,8,1,0,0,0,0,5.2,5.0,4.4,8.95,4.6,0
757,246113,12835,7,7,2,2,436,3,2,1,25,0,0,0,0,0,7.0,5.0,5.15,6.18,5.8,0
382,79557,98167,18,4,1,3,626,7,2,1,12,1,1,1,0,0,9.6,2.5,8.4,7.13,8.2,0
444,216126,18587,8,1,2,3,586,2,2,1,6,1,0,0,0,0,3.8000000000000003,4.0,5.5,6.93,5.2,0
384,21906,62732,3,8,3,2,149,7,2,0,47,1,0,0,0,0,6.0,6.5,10.0,1.0,8.2,0
377,191239,56921,15,7,2,3,71,11,2,1,39,1,0,0,0,0,10.0,4.0,10.0,4.355,10.0,0
756,27961,50499,18,8,3,3,161,1,1,1,17,1,1,0,0,0,10.0,5.5,9.15,4.805,4.6,0
300,177212,11840,9,1,1,3,139,13,1,1,36,0,0,0,0,0,4.2,2.5,7.199999999999999,4.695,10.0,0
350,139289,70077,5,5,2,3,440,0,0,1,44,1,0,0,0,0,5.0,4.0,10.0,6.2,4.0,0
745,209773,36440,15,9,3,3,647,13,2,1,23,1,0,0,0,0,10.0,5.5,9.45,7.234999999999999,10.0,0
748,97567,40183,9,5,3,3,449,13,1,1,31,1,0,0,0,0,6.6,5.5,9.45,6.245,10.0,0
787,100664,7389,12,3,3,1,221,13,1,1,6,1,1,0,0,0,6.6000000000000005,7.5,6.300000000000001,5.105,10.0,0
333,101199,60076,8,9,3,3,409,5,2,1,19,1,0,0,0,0,8.6,5.5,7.45,6.045,7.0,0
647,119764,71299,6,9,3,3,683,7,2,1,44,1,0,0,0,0,7.8,5.5,10.0,7.415,8.2,0
394,232290,94461,3,4,1,3,726,8,0,1,33,0,0,0,0,0,3.6,2.5,5.550000000000001,7.63,8.8,0
371,142357,97085,18,4,3,3,923,9,2,1,18,1,0,0,0,0,9.6,5.5,9.3,8.615,9.399999999999999,0
453,100729,44023,3,8,3,2,550,7,1,1,45,1,0,0,0,0,6.0,6.5,10.0,6.75,8.2,0
549,179633,55029,18,7,5,3,191,1,2,1,13,1,0,0,0,0,10.0,8.5,8.55,4.955,4.6,0
737,70568,44941,18,5,3,2,60,0,2,1,31,1,0,0,0,0,10.0,6.5,10.0,4.3,4.0,0
417,129349,93993,11,6,3,3,756,6,1,1,8,1,0,0,0,0,8.0,5.5,6.4,7.779999999999999,7.6,0
605,93302,58950,12,3,2,3,535,6,1,1,35,0,0,0,0,0,6.6000000000000005,4.0,7.65,6.675,7.6,0
567,246452,91959,24,6,4,3,359,12,1,0,48,1,0,0,0,0,10.0,7.0,10.0,1.795,10.0,0
353,114968,81054,3,8,5,3,67,11,0,1,25,1,0,0,0,0,6.0,8.5,7.35,4.335,10.0,0
535,180576,70363,24,9,3,1,428,12,1,1,19,1,0,0,0,0,10.0,7.5,10.0,6.140000000000001,10.0,0
688,136116,66742,9,3,3,3,146,2,2,1,28,0,0,0,0,0,5.4,5.5,6.0,4.73,5.2,0
700,57146,50215,20,8,1,2,649,5,2,1,15,0,0,0,0,0,10.0,3.5,6.25,7.245,7.0,0
602,60297,52857,6,3,3,3,46,6,2,1,30,0,0,0,0,0,4.2,5.5,5.7,4.23,7.6,0
506,106394,60476,4,2,3,2,503,13,2,1,23,1,0,0,0,0,2.8,6.5,7.25,6.515000000000001,10.0,0
528,147173,33173,16,5,3,2,368,8,2,1,29,1,0,0,0,0,9.4,6.5,10.0,5.84,8.8,0
374,145942,14395,17,4,1,3,789,0,1,1,7,1,0,1,0,0,9.200000000000001,2.5,7.45,7.945,4.0,0
734,219679,64768,10,5,3,3,94,12,1,1,25,1,1,0,0,0,7.0,5.5,8.75,4.47,10.0,0
402,36939,89743,14,6,2,2,731,2,2,1,14,0,0,0,0,0,9.2,5.0,4.9,7.654999999999999,5.2,0
721,241539,51229,20,3,3,3,660,4,2,1,49,0,1,0,0,0,9.8,5.5,10.0,7.3,6.4,0
605,201787,31639,21,1,2,3,548,2,0,1,9,0,1,0,0,0,9.0,4.0,5.55,6.74,5.2,0
397,64460,67583,6,4,3,2,353,7,2,1,35,1,0,0,0,0,4.800000000000001,6.5,9.45,5.765,8.2,0
634,217648,33924,17,6,2,3,754,9,0,0,38,1,0,0,0,0,10.0,4.0,10.0,3.77,9.399999999999999,0
734,219294,77969,24,2,1,2,180,5,2,1,23,1,0,0,0,0,10.0,3.5,10.0,4.9,7.0,0
746,163738,35104,5,2,3,3,699,1,2,1,48,1,0,0,0,0,3.2,5.5,10.0,7.495,4.6,0
607,82119,42594,17,1,1,1,875,0,2,1,7,1,0,0,0,0,7.4,4.5,7.45,8.375,4.0,0
548,186393,8664,15,9,3,3,29,9,1,1,0,1,0,0,0,0,10.0,5.5,6.0,4.145,9.399999999999999,0
465,152851,15528,1,3,4,2,918,4,1,1,9,1,0,0,0,0,2.1999999999999997,8.0,4.55,8.59,6.4,0
780,164258,33190,18,2,5,2,312,10,2,1,46,1,0,0,0,0,8.4,9.5,10.0,5.5600000000000005,10.0,0
634,167531,71033,0,4,2,3,785,8,2,1,22,1,0,0,0,0,2.4,4.0,6.3,7.925,8.8,0
841,237318,66161,24,6,3,3,206,9,1,0,37,1,0,0,0,0,10.0,5.5,10.0,1.03,9.399999999999999,0
405,238827,78177,10,1,2,3,336,8,2,1,9,1,0,0,0,0,4.6,4.0,6.35,5.68,8.8,0
380,25057,75179,19,9,4,3,585,0,2,1,32,1,0,0,0,0,10.0,7.0,10.0,6.925,4.0,0
432,211735,75592,4,9,3,3,565,2,0,0,30,1,0,0,0,0,7.0,5.5,8.3,2.825,5.2,0
437,169805,37899,15,8,1,2,765,12,2,1,37,1,0,0,0,0,10.0,3.5,10.0,7.825,10.0,0
483,39157,75979,22,6,2,2,21,5,1,1,12,0,0,0,0,0,10.0,5.0,6.2,4.105,7.0,0
700,55030,22241,0,4,2,1,370,4,2,1,34,1,0,0,0,0,2.4,6.0,8.1,5.85,6.4,0
629,170685,51211,18,2,3,2,781,3,2,1,43,0,0,0,0,0,8.4,6.5,10.0,7.904999999999999,5.8,0
807,128612,68472,13,8,2,3,305,12,2,0,46,1,0,0,0,0,10.0,4.0,10.0,1.525,10.0,0
368,135080,79248,2,7,3,2,412,1,0,1,31,0,0,0,0,0,5.0,6.5,5.05,6.0600000000000005,4.6,0
845,103028,78757,1,4,3,2,447,11,2,0,21,1,0,0,0,0,2.8,6.5,6.35,2.235,10.0,0
352,237354,36346,23,3,5,2,778,11,1,1,6,1,0,0,0,0,10.0,9.5,8.5,7.890000000000001,10.0,0
749,156260,86196,4,6,4,2,384,11,2,1,5,1,0,0,0,0,5.199999999999999,8.0,4.55,5.92,10.0,0
504,49680,82124,16,1,2,1,756,3,2,1,40,0,1,0,0,0,7.0,6.0,9.2,7.779999999999999,5.8,0
425,211191,47220,17,2,3,3,768,4,2,1,15,0,0,0,0,0,8.0,5.5,5.65,7.84,6.4,0
342,122302,22942,0,7,3,2,662,14,1,1,11,1,0,0,0,0,4.2,6.5,4.65,7.3100000000000005,10.0,0
410,225472,54167,14,3,4,3,827,11,2,1,8,0,0,0,0,0,7.4,7.0,4.0,8.135,10.0,0
482,206790,41373,21,1,1,3,702,1,1,1,39,1,0,0,0,0,9.0,2.5,10.0,7.51,4.6,0
394,56445,72143,8,2,2,3,509,9,2,1,4,0,0,0,0,0,4.4,4.0,2.2,6.545,9.399999999999999,0
673,25796,7016,22,9,2,3,435,0,1,1,2,1,0,0,0,0,10.0,4.0,7.7,6.175,4.0,0
819,67218,74110,4,7,2,3,886,6,1,1,35,1,0,0,0,0,5.800000000000001,4.0,9.05,8.43,7.6,0
659,190203,51309,12,7,1,2,674,6,1,1,42,1,0,0,0,0,9.0,3.5,10.0,7.37,7.6,0
580,159195,12274,18,8,2,2,53,7,0,1,9,1,0,0,0,0,10.0,5.0,7.95,4.265,8.2,0
494,159294,20748,23,8,3,3,118,9,1,1,7,1,0,0,0,0,10.0,5.5,8.65,4.59,9.399999999999999,0
494,44074,25175,9,9,2,1,107,5,0,1,8,1,0,0,0,0,9.0,6.0,6.0,4.535,7.0,0
392,136088,16826,19,2,3,2,748,0,2,1,12,1,1,1,0,0,8.8,6.5,8.6,7.74,4.0,0
360,180897,88008,24,8,1,2,454,7,2,1,18,1,0,0,0,0,10.0,3.5,10.0,6.27,8.2,0
350,56839,39129,20,8,4,3,90,1,0,1,22,1,0,0,0,0,10.0,7.0,10.0,4.45,4.6,0
702,127112,75009,13,5,4,1,227,11,1,1,42,0,0,0,0,0,8.2,9.0,8.9,5.135,10.0,0
304,147514,28490,21,5,3,3,158,2,2,1,23,1,0,1,0,0,10.0,5.5,10.0,4.79,5.2,0
765,88322,46435,20,4,4,3,956,7,1,1,2,0,0,0,0,0,10.0,7.0,4.3,8.780000000000001,8.2,0
833,76321,80017,11,5,1,2,85,3,2,1,32,1,0,0,0,0,7.4,3.5,10.0,4.425,5.8,0
704,130100,13520,10,2,3,2,601,4,2,1,22,1,0,0,0,0,5.2,6.5,8.3,7.005,6.4,0
812,177060,96951,22,2,1,3,573,8,2,0,13,1,0,0,0,0,10.0,2.5,9.350000000000001,2.865,8.8,0
532,55507,88106,6,5,2,2,72,10,2,1,18,1,0,0,0,0,5.4,5.0,6.9,4.36,10.0,0
823,119244,66877,16,3,2,1,605,6,2,1,32,1,0,0,0,0,8.2,6.0,10.0,7.025,7.6,0
645,249716,24798,17,1,2,2,959,9,1,1,22,1,0,0,0,0,7.4,5.0,9.7,8.795,9.399999999999999,0
345,145788,59638,6,9,2,3,403,11,1,0,26,0,0,0,0,0,7.8,4.0,5.1,2.015,10.0,0
845,115251,74072,23,2,3,3,864,6,0,1,11,0,0,0,0,0,10.0,5.5,6.25,8.32,7.6,0
377,43806,72309,19,2,2,2,512,0,2,1,45,1,0,0,0,0,8.8,5.0,10.0,6.5600000000000005,4.0,0
372,150364,34894,5,4,4,3,376,0,2,1,46,1,0,0,0,0,4.4,7.0,10.0,5.88,4.0,0
548,56901,67963,10,2,3,3,487,14,2,1,6,1,0,0,0,0,5.2,5.5,5.9,6.4350000000000005,10.0,0
346,168115,59567,11,7,2,2,264,7,1,1,35,0,0,0,0,0,8.600000000000001,5.0,7.45,5.32,8.2,0
420,226833,40326,15,1,2,1,68,9,2,0,45,1,0,0,0,0,6.6,6.0,10.0,1.0,9.399999999999999,0
513,160824,60059,18,2,3,3,529,0,1,1,17,1,0,0,0,0,8.4,5.5,9.15,6.645,4.0,0
538,220065,10079,22,5,2,3,828,9,2,1,15,1,0,1,0,0,10.0,4.0,9.65,8.14,9.399999999999999,0
355,193688,30838,18,2,2,3,398,14,2,0,13,0,0,0,0,0,8.4,4.0,5.55,1.99,10.0,0
649,72127,92340,10,9,3,2,597,1,2,1,20,1,0,0,0,0,9.399999999999999,6.5,8.0,6.984999999999999,4.6,0
406,225849,52109,15,4,2,3,435,3,2,1,42,1,0,0,0,0,8.4,4.0,10.0,6.175,5.8,0
347,20453,90211,22,9,2,3,599,8,2,1,26,1,0,0,1,0,10.0,4.0,10.0,6.995,4.8,0
636,95432,30594,11,1,2,1,645,6,2,1,24,0,0,0,0,0,5.0,6.0,5.8,7.225,7.6,0
325,142872,47749,7,1,2,3,511,12,1,1,37,0,0,0,0,0,3.4000000000000004,4.0,6.95,6.555,10.0,0
556,107362,41292,2,1,2,2,533,12,1,1,14,1,0,0,0,0,1.4,5.0,5.5,6.665,10.0,0
307,30976,79534,1,4,1,1,289,11,2,1,9,1,0,0,0,0,2.8,4.5,4.55,5.445,10.0,0
552,134176,84233,5,9,2,1,54,6,2,1,29,1,0,0,0,0,7.3999999999999995,6.0,8.35,4.27,7.6,0
602,119122,56818,15,8,2,3,574,11,2,1,43,1,0,0,0,0,10.0,4.0,10.0,6.87,10.0,0
355,90404,18429,19,7,5,3,190,9,1,1,8,1,0,1,0,0,10.0,8.5,8.0,4.95,9.399999999999999,0
825,101932,62748,23,1,2,3,410,6,2,1,27,1,0,0,0,0,9.8,4.0,10.0,6.05,7.6,0
773,117170,53807,14,3,3,3,970,4,1,0,48,1,0,0,0,0,7.4,5.5,10.0,4.85,6.4,0
327,97707,12140,13,9,1,2,383,0,2,1,17,1,0,0,0,0,10.0,3.5,8.15,5.915,4.0,0
377,240719,68226,1,9,1,3,243,4,2,1,10,1,0,0,0,0,5.8,2.5,4.7,5.215,6.4,0
515,184760,19901,19,5,3,3,195,7,2,1,37,1,0,0,1,0,10.0,5.5,10.0,4.975,4.2,0
685,237912,93815,17,6,3,3,814,11,2,1,1,1,0,0,0,0,10.0,5.5,6.550000000000001,8.07,10.0,0
664,113789,33525,13,6,1,2,84,11,2,1,21,1,0,0,0,0,8.8,3.5,8.75,4.42,10.0,0
825,116516,25491,17,4,2,3,947,6,2,1,22,1,0,0,0,0,9.200000000000001,4.0,9.7,8.735,7.6,0
611,153089,73816,1,1,2,1,719,14,2,1,19,1,0,0,0,0,1.0,6.0,6.050000000000001,7.595000000000001,10.0,0
306,27957,39980,0,5,3,3,600,6,2,1,44,1,0,0,0,0,3.0,5.5,9.6,7.0,7.6,0
302,127724,13078,19,1,1,3,242,14,2,1,28,1,1,0,1,0,8.200000000000001,2.5,10.0,5.21,8.4,0
662,155864,96654,1,1,2,3,177,1,1,1,25,1,0,0,0,0,1.0,4.0,6.95,4.885,4.6,0
807,207054,94521,8,5,3,1,544,0,1,1,40,1,0,0,0,0,6.2,7.5,10.0,6.720000000000001,4.0,0
573,33237,53704,8,5,5,1,416,3,1,1,11,1,0,0,0,0,6.2,10.0,6.25,6.08,5.8,0
805,71586,21997,15,7,3,1,239,7,2,0,47,1,0,0,0,0,10.0,7.5,10.0,1.195,8.2,0
314,232859,84810,10,2,2,3,826,13,0,0,28,1,0,0,0,0,5.2,4.0,9.2,4.13,10.0,0
491,39252,5868,22,6,3,3,905,0,2,1,18,1,0,0,0,0,10.0,5.5,10.0,8.525,4.0,0
784,161779,31398,5,2,3,3,981,12,1,1,33,0,0,0,0,0,3.2,5.5,5.95,8.905000000000001,10.0,0
327,185278,86578,11,5,3,2,656,1,1,1,47,0,0,0,0,0,7.4,6.5,9.25,7.279999999999999,4.6,0
338,245348,26246,2,4,3,1,302,6,1,1,26,0,0,0,0,0,3.2,7.5,4.3,5.51,7.6,0
572,23543,25561,11,5,4,2,409,4,2,1,29,1,0,1,0,0,7.4,8.0,9.55,6.045,6.4,0
530,195207,21254,22,2,1,1,47,14,1,1,36,0,0,0,0,0,10.0,4.5,9.8,4.235,10.0,0
385,124647,39512,0,8,1,3,241,5,1,1,30,1,1,0,0,0,4.8,2.5,7.5,5.205,7.0,0
773,55031,94532,8,8,3,3,876,11,2,1,27,0,0,0,0,0,8.0,5.5,5.65,8.379999999999999,10.0,0
425,194001,99154,19,6,2,3,177,7,2,1,24,1,0,0,0,0,10.0,4.0,10.0,4.885,8.2,0
836,85747,82395,21,3,1,2,294,11,2,1,48,1,0,0,0,0,10.0,3.5,10.0,5.47,10.0,0
444,208923,62865,5,4,2,1,112,8,2,1,5,1,0,0,1,0,4.4,6.0,4.75,4.5600000000000005,4.8,0
824,75311,28580,10,1,3,2,154,14,2,1,6,1,0,0,0,0,4.6,6.5,5.9,4.77,10.0,0
511,85867,75959,2,9,1,3,764,7,2,1,5,0,0,0,0,0,6.199999999999999,2.5,1.15,7.82,8.2,0
324,108780,77144,3,5,3,3,995,11,2,1,34,1,1,0,0,0,4.2,5.5,8.7,8.975,10.0,0
693,77196,47485,9,8,1,1,669,13,0,1,24,1,0,0,0,0,8.4,4.5,8.399999999999999,7.345000000000001,10.0,0
366,93705,55621,18,3,1,1,375,0,0,1,20,1,0,0,0,0,9.0,4.5,9.6,5.875,4.0,0
532,77894,55665,5,4,2,3,162,13,1,1,46,1,0,0,0,1,4.4,4.0,10.0,4.8100000000000005,10.0,0
408,107640,75412,0,4,1,3,837,10,2,1,47,1,0,1,0,0,2.4,2.5,10.0,8.184999999999999,10.0,0
445,34591,55603,7,8,3,2,431,3,2,1,16,1,0,0,0,0,7.6,6.5,6.8,6.154999999999999,5.8,0
410,117247,26038,7,9,4,3,328,4,2,1,40,1,0,0,0,0,8.2,7.0,10.0,5.64,6.4,0
527,199965,98542,24,3,3,1,816,12,2,1,25,1,0,0,0,0,10.0,7.5,10.0,8.08,10.0,0
410,20727,19325,5,7,2,3,647,8,2,1,40,1,0,0,0,0,6.2,4.0,10.0,7.234999999999999,8.8,0
769,172431,40892,16,9,2,2,713,5,2,1,16,1,0,0,0,0,10.0,5.0,8.6,7.5649999999999995,7.0,0
333,63822,6753,18,2,1,1,494,13,2,1,6,1,0,0,0,0,8.4,4.5,7.5,6.470000000000001,10.0,0
668,123399,22996,0,4,2,2,92,5,2,1,24,1,0,0,0,0,2.4,5.0,6.6,4.46,7.0,0
724,132113,73811,14,3,2,2,542,13,1,1,33,1,0,0,0,0,7.4,5.0,10.0,6.71,10.0,0
817,239606,79283,12,8,3,3,297,2,2,1,25,1,0,0,0,0,9.600000000000001,5.5,9.15,5.485,5.2,0
581,150431,50211,20,4,1,3,805,11,2,0,5,0,0,1,0,0,10.0,2.5,4.75,4.025,10.0,0
619,162001,67820,2,9,2,2,880,13,2,1,9,1,0,1,0,0,6.199999999999999,5.0,4.75,8.4,10.0,0
742,148588,5824,1,1,4,3,498,1,2,1,16,1,0,0,0,0,1.0,7.0,5.6,6.49,4.6,0
614,80091,18880,2,1,2,2,277,1,0,1,13,1,0,0,0,0,1.4,5.0,5.35,5.385,4.6,0
676,231450,71617,8,4,4,1,642,14,0,1,2,1,0,0,0,0,5.6,9.0,4.9,7.21,10.0,0
588,174591,16517,15,3,5,3,632,6,1,1,47,1,0,0,1,0,7.8,8.5,10.0,7.16,3.5999999999999996,0
736,168465,26683,23,3,2,3,88,4,2,1,15,1,0,0,0,0,10.0,4.0,9.850000000000001,4.44,6.4,0
576,185390,21876,12,2,2,1,869,11,2,1,4,1,0,0,0,0,6.000000000000001,6.0,6.0,8.344999999999999,10.0,0
802,225603,61354,18,2,3,2,385,9,2,1,47,1,1,0,0,0,8.4,6.5,10.0,5.925,9.399999999999999,0
815,114192,78802,17,8,1,3,606,0,2,1,22,1,1,1,0,0,10.0,2.5,9.7,7.029999999999999,4.0,0
649,199006,81719,20,1,2,2,601,11,1,1,26,1,0,0,0,0,8.6,5.0,10.0,7.005,10.0,0
745,130805,91602,11,8,3,3,160,4,1,1,4,1,0,0,0,0,9.2,5.5,5.800000000000001,4.8,6.4,0
649,232175,83413,11,3,2,3,765,14,2,1,36,1,0,0,0,0,6.2,4.0,10.0,7.825,10.0,0
436,179912,14982,0,2,2,2,739,10,2,1,37,1,0,0,0,0,1.2,5.0,8.55,7.695,10.0,0
542,138089,79504,19,9,3,1,24,0,2,1,17,1,0,0,0,0,10.0,7.5,9.35,4.12,4.0,0
842,109367,31598,7,5,3,3,110,8,2,1,11,1,0,0,0,0,5.800000000000001,5.5,6.05,4.55,8.8,0
339,33265,19639,16,5,1,2,789,7,1,0,20,0,0,0,0,0,9.4,3.5,6.2,3.945,8.2,0
528,156496,75210,20,6,2,2,397,13,0,1,6,1,0,0,0,0,10.0,5.0,7.9,5.985,10.0,0
847,171697,74852,19,4,2,3,44,3,1,1,16,1,0,0,0,0,10.0,4.0,9.2,4.22,5.8,0
522,99622,14695,21,7,2,3,360,14,1,0,41,1,0,0,0,0,10.0,4.0,10.0,1.8,10.0,0
305,180259,53582,6,7,3,2,966,10,2,1,8,1,0,1,1,0,6.6000000000000005,6.5,5.4,8.83,6.0,0
621,55929,36094,8,9,3,3,292,0,2,1,40,0,0,0,0,0,8.6,5.5,7.6,5.46,4.0,0
767,81892,65635,16,6,3,3,646,10,2,1,23,1,0,0,0,0,10.0,5.5,9.65,7.23,10.0,0
374,171611,27187,9,1,1,2,745,7,2,1,10,1,0,0,0,0,4.2,3.5,6.3,7.725,8.2,0
303,76630,6214,3,9,1,2,682,4,2,1,24,1,0,0,0,0,6.6,3.5,7.199999999999999,7.41,6.4,0
417,241711,28940,21,9,2,3,534,0,2,1,45,1,0,0,0,0,10.0,4.0,10.0,6.67,4.0,0
803,244482,49406,6,5,2,2,174,14,2,1,36,1,0,0,0,0,5.4,5.0,9.6,4.87,10.0,0
740,160287,96221,6,7,1,2,437,1,1,1,6,1,0,0,0,0,6.6000000000000005,3.5,5.1,6.1850000000000005,4.6,0
493,190457,48481,7,1,2,3,267,14,2,1,16,1,0,0,0,0,3.4000000000000004,4.0,6.8,5.335,10.0,0
691,151025,20977,23,4,1,3,943,4,2,1,40,0,0,0,0,0,10.0,2.5,10.0,8.715,6.4,0
325,107580,49839,23,4,3,3,814,12,2,1,18,0,0,0,0,0,10.0,5.5,7.300000000000001,8.07,10.0,0
734,97462,62874,7,5,3,3,452,13,2,1,20,1,0,0,0,0,5.800000000000001,5.5,7.4,6.26,10.0,0
472,133396,63414,15,6,2,2,635,8,2,1,44,1,0,0,0,0,9.6,5.0,10.0,7.175,8.8,0
599,117037,30538,11,4,1,2,129,9,1,1,8,1,0,0,0,0,6.800000000000001,3.5,6.4,4.645,9.399999999999999,0
625,115310,61241,14,6,4,3,78,7,2,1,44,1,0,0,0,0,9.2,7.0,10.0,4.39,8.2,0
709,176080,78501,7,7,5,3,283,10,2,1,45,1,0,0,0,0,7.0,8.5,10.0,5.415,10.0,0
417,68928,80133,21,3,2,3,569,9,2,1,7,1,0,0,0,0,10.0,4.0,8.25,6.845000000000001,9.399999999999999,0
524,234168,65481,8,9,3,2,858,7,0,1,45,1,0,0,0,0,8.6,6.5,10.0,8.29,8.2,0
831,109876,32740,2,8,3,3,331,12,2,1,44,1,0,0,0,0,5.6,5.5,10.0,5.655,10.0,0
412,44976,68328,21,1,2,1,954,8,2,1,26,1,0,0,0,0,9.0,6.0,10.0,8.77,8.8,0
439,144984,77105,20,2,2,2,371,1,2,1,22,1,0,0,0,0,9.2,5.0,10.0,5.855,4.6,0
300,178698,55643,15,2,2,2,579,6,1,1,9,1,0,0,0,0,7.2,5.0,7.35,6.895,7.6,0
389,118256,16881,14,9,2,2,940,9,2,1,1,1,0,0,0,0,10.0,5.0,5.95,8.7,9.399999999999999,0
619,120537,41996,23,9,2,3,599,4,1,1,43,1,0,0,0,0,10.0,4.0,10.0,6.995,6.4,0
849,210861,37177,3,9,4,1,508,2,2,1,47,0,0,0,0,0,6.6,9.0,7.65,6.54,5.2,0
438,155772,42177,19,1,3,2,213,9,1,0,6,1,0,0,0,0,8.200000000000001,6.5,7.7,1.065,9.399999999999999,0
810,129331,71126,15,7,2,2,963,13,2,1,1,1,0,0,0,0,10.0,5.0,6.15,8.815000000000001,10.0,0
558,214717,61531,9,3,2,3,746,7,2,1,15,1,0,0,0,0,5.4,4.0,7.05,7.73,8.2,0
309,224468,31119,10,9,3,3,784,1,1,0,5,0,0,0,0,0,9.399999999999999,5.5,2.75,3.92,4.6,0
560,27526,32915,4,8,1,3,515,3,1,1,15,1,0,0,0,0,6.4,2.5,6.05,6.575,5.8,0
471,123863,7708,10,3,2,2,624,12,1,1,24,0,0,0,0,0,5.8,5.0,5.6,7.12,10.0,0
312,190572,43749,12,1,4,3,118,11,2,1,44,1,0,0,0,0,5.4,7.0,10.0,4.59,10.0,0
467,219121,49989,14,9,2,1,274,4,2,1,9,1,0,0,0,0,10.0,6.0,7.15,5.37,6.4,0
620,93366,27106,5,1,2,2,846,4,2,1,8,1,0,0,0,0,2.6,5.0,5.2,8.23,6.4,0
618,231389,22131,15,3,1,3,397,3,2,1,31,1,0,0,0,0,7.8,2.5,10.0,5.985,5.8,0
628,210189,51553,14,6,2,2,425,14,2,1,31,1,0,0,0,0,9.2,5.0,10.0,6.125,10.0,0
849,76096,63144,10,6,2,1,910,2,2,1,1,1,0,1,0,0,7.6,6.0,5.15,8.55,5.2,0
718,158982,11553,19,4,2,2,577,2,2,1,20,1,0,0,0,0,10.0,5.0,9.8,6.885,5.2,0
394,232455,22881,1,2,3,2,321,4,1,1,47,0,0,0,0,0,1.6,6.5,7.25,5.605,6.4,0
617,91185,6379,1,6,1,2,261,14,2,1,2,1,0,1,0,0,3.9999999999999996,3.5,3.5,5.305,10.0,0
535,70248,95791,11,5,1,2,821,14,1,1,33,1,0,0,0,0,7.4,3.5,10.0,8.105,10.0,0
633,225728,74306,15,6,2,2,593,11,2,1,28,1,0,0,0,0,9.6,5.0,10.0,6.965,10.0,0
675,153023,24726,18,7,1,3,662,9,1,1,41,1,0,0,0,0,10.0,2.5,10.0,7.3100000000000005,9.399999999999999,0
758,216284,14088,1,9,4,3,397,12,1,1,19,1,0,0,0,0,5.8,7.0,6.050000000000001,5.985,10.0,0
436,226773,39314,16,7,1,3,701,5,1,1,22,1,1,0,0,0,10.0,2.5,9.5,7.505,7.0,0
846,99888,60041,13,4,3,3,212,12,2,1,36,1,0,0,1,0,7.6,5.5,10.0,5.0600000000000005,7.199999999999999,0
812,226354,21350,23,5,2,3,792,0,1,1,7,1,0,0,0,0,10.0,4.0,8.65,7.96,4.0,0
595,114533,86397,15,6,2,2,897,10,2,1,43,1,0,0,0,0,9.6,5.0,10.0,8.485,10.0,0
619,61954,84509,4,9,3,1,119,3,1,1,35,1,0,0,0,0,7.0,7.5,9.05,4.595,5.8,0
648,109719,22769,9,5,2,3,91,9,1,1,13,1,0,0,0,0,6.6,4.0,6.75,4.455,9.399999999999999,0
528,159876,52249,16,5,3,2,605,13,0,1,22,1,0,0,0,0,9.4,6.5,9.5,7.025,10.0,0
569,243777,87862,12,7,2,1,778,14,1,0,26,1,0,0,0,0,9.0,6.0,9.3,3.89,10.0,0
590,20595,51365,15,2,2,2,202,9,2,1,14,1,0,0,0,0,7.2,5.0,8.1,5.01,9.399999999999999,0
464,49592,55185,8,3,3,3,148,5,1,1,34,1,0,0,0,0,5.0,5.5,9.7,4.74,7.0,0
304,60643,7786,23,2,3,3,230,12,1,1,21,1,0,1,0,0,10.0,5.5,10.0,5.15,10.0,0
678,82665,6620,3,2,3,2,198,1,0,1,46,1,0,0,0,0,2.4000000000000004,6.5,10.0,4.99,4.6,0
377,171895,41303,23,3,3,3,870,9,1,1,35,1,0,0,0,0,10.0,5.5,10.0,8.35,9.399999999999999,0
709,25972,24589,15,6,4,3,865,4,2,1,14,0,0,0,0,0,9.6,7.0,5.1,8.325,6.4,0
431,35882,7882,22,5,2,2,349,10,2,0,31,0,0,0,0,0,10.0,5.0,9.05,1.745,10.0,0
341,217466,67248,10,5,2,1,487,8,1,1,40,1,0,0,0,0,7.0,6.0,10.0,6.4350000000000005,8.8,0
388,222127,54322,6,2,1,2,968,2,1,1,17,1,0,1,0,0,3.6000000000000005,3.5,6.75,8.84,5.2,0
701,174841,29524,16,2,2,3,431,2,2,1,44,0,0,0,1,0,7.6000000000000005,4.0,9.8,6.154999999999999,1.2,0
595,45020,14745,21,1,2,2,206,8,1,1,30,1,0,0,0,0,9.0,5.0,10.0,5.03,8.8,0
594,193820,20861,12,3,3,2,822,12,2,1,40,1,0,0,0,0,6.6000000000000005,6.5,10.0,8.11,10.0,0
825,122621,96707,3,7,2,2,595,2,2,0,35,0,0,0,0,0,5.4,5.0,5.85,2.975,5.2,0
721,105374,96735,13,5,3,3,207,3,0,1,24,0,0,0,0,0,8.2,5.5,6.199999999999999,5.035,5.8,0
322,64912,59261,9,7,1,3,333,11,1,1,44,1,0,0,0,0,7.800000000000001,2.5,10.0,5.665,10.0,0
442,32879,7837,9,9,2,2,269,8,1,1,9,1,0,0,0,0,9.0,5.0,6.15,5.345,8.8,0
444,53798,79135,9,6,4,3,208,3,2,0,39,1,0,1,0,0,7.199999999999999,7.0,10.0,1.04,5.8,0
524,127791,86447,11,2,2,2,825,4,0,1,13,1,0,0,0,0,5.6000000000000005,5.0,7.15,8.125,6.4,0
802,240898,59380,1,1,1,2,874,1,2,1,47,1,0,0,0,0,1.0,3.5,10.0,8.370000000000001,4.6,0
403,197145,91089,22,1,2,3,146,7,2,1,25,1,1,0,0,0,9.4,4.0,10.0,4.73,8.2,0
338,95791,54831,8,9,3,3,355,12,0,1,18,1,0,0,0,0,8.6,5.5,7.3,5.775,10.0,0
497,86983,94349,4,6,2,2,509,8,1,1,29,1,0,0,0,0,5.199999999999999,5.0,8.149999999999999,6.545,8.8,0
690,194077,43255,7,6,2,2,184,9,2,1,38,1,0,0,0,0,6.4,5.0,10.0,4.92,9.399999999999999,0
478,245803,34520,20,4,3,3,498,3,1,1,11,1,0,0,0,0,10.0,5.5,8.65,6.49,5.8,0
747,153922,34541,13,2,2,3,478,2,0,1,30,1,0,0,0,0,6.4,4.0,10.0,6.390000000000001,5.2,0
799,179472,70772,6,3,3,3,325,14,2,1,44,0,0,0,0,0,4.2,5.5,7.8,5.625,10.0,0
314,31953,32350,6,3,1,3,829,3,0,1,46,1,0,0,0,0,4.2,2.5,10.0,8.145,5.8,0
588,126410,49397,8,8,2,3,389,12,2,1,46,0,0,0,0,0,8.0,4.0,8.5,5.945,10.0,0
777,145155,82085,2,6,3,3,863,12,0,0,17,0,0,1,0,0,4.3999999999999995,5.5,2.9499999999999997,4.315,10.0,0
530,174607,68865,13,7,3,3,938,6,2,1,1,1,0,0,0,0,9.4,5.5,5.75,8.690000000000001,7.6,0
719,226608,60956,16,9,3,3,451,0,2,1,13,0,0,0,0,0,10.0,5.5,5.15,6.255,4.0,0
456,226111,32453,17,1,3,2,874,10,1,1,19,1,0,0,0,0,7.4,6.5,9.25,8.370000000000001,10.0,0
849,101029,67345,11,2,2,1,825,10,1,1,38,1,0,0,0,0,5.6000000000000005,6.0,10.0,8.125,10.0,0
740,24055,17906,21,9,1,2,142,1,1,1,19,1,0,0,0,0,10.0,3.5,10.0,4.71,4.6,0
396,58170,19988,13,5,2,3,990,9,2,1,33,0,0,0,0,0,8.2,4.0,7.550000000000001,8.95,9.399999999999999,0
710,249016,32723,12,4,4,2,36,4,2,1,33,1,0,1,0,0,7.200000000000001,8.0,10.0,4.18,6.4,0
588,119976,38800,13,1,4,1,946,8,1,1,36,1,0,0,0,0,5.8,9.0,10.0,8.73,8.8,0
553,48251,44107,8,9,5,2,266,14,2,1,2,1,0,1,0,0,8.6,9.5,4.9,5.33,10.0,0
495,155604,32430,18,9,1,1,572,12,2,1,34,1,0,0,0,0,10.0,4.5,10.0,6.859999999999999,10.0,0
821,155996,37535,1,4,2,3,665,5,2,1,32,1,0,0,0,0,2.8,4.0,8.0,7.325,7.0,0
816,68037,73476,10,9,3,2,876,2,1,1,18,1,0,0,0,0,9.399999999999999,6.5,7.699999999999999,8.379999999999999,5.2,0
417,229154,92329,16,1,3,1,365,2,2,0,30,0,0,0,0,0,7.0,7.5,7.7,1.825,5.2,0
458,112115,82798,1,5,3,3,245,12,2,1,43,1,0,0,0,0,3.4,5.5,9.65,5.225,10.0,0
527,222693,57284,18,1,3,3,681,6,2,1,21,1,0,0,0,0,7.8,5.5,9.75,7.404999999999999,7.6,0
515,97926,61232,6,4,2,1,998,2,0,1,26,1,0,0,0,0,4.800000000000001,6.0,8.1,8.99,5.2,0
314,229888,49420,17,5,1,2,368,14,1,1,37,1,0,0,0,0,9.8,3.5,10.0,5.84,10.0,0
456,240726,42710,12,3,2,3,824,9,2,1,27,1,0,0,0,0,6.6000000000000005,4.0,9.45,8.120000000000001,9.399999999999999,0
560,90400,77497,4,2,1,2,928,2,2,1,20,0,0,0,0,0,2.8,3.5,3.8,8.64,5.2,0
456,119525,97035,17,6,2,3,280,9,1,1,19,1,0,0,0,0,10.0,4.0,9.25,5.4,9.399999999999999,0
346,121164,45498,22,3,1,2,675,11,2,1,37,0,0,0,0,0,10.0,3.5,9.95,7.375,10.0,0
623,243457,36283,23,1,2,2,558,6,1,1,12,1,0,1,0,0,9.8,5.0,9.4,6.79,7.6,0
429,244174,71169,23,5,3,2,519,8,0,1,28,1,0,0,0,0,10.0,6.5,10.0,6.595000000000001,8.8,0
710,161774,77358,15,2,4,1,738,8,0,1,20,0,0,0,0,0,7.2,9.0,6.0,7.6899999999999995,8.8,0
394,126732,67457,14,2,3,3,448,2,0,1,41,0,0,0,0,0,6.800000000000001,5.5,8.95,6.24,5.2,0
591,35385,30968,7,4,2,3,651,7,2,1,32,1,1,0,0,0,5.2,4.0,9.2,7.255,8.2,0
582,29336,67508,14,4,1,3,597,0,1,1,31,1,0,0,0,0,8.0,2.5,10.0,6.984999999999999,4.0,0
368,85421,68220,24,4,1,3,924,13,1,1,47,1,0,0,0,0,10.0,2.5,10.0,8.620000000000001,10.0,0
310,182297,90366,0,7,5,3,809,11,2,1,45,1,0,0,0,0,4.2,8.5,9.75,8.045,10.0,0
553,56021,10738,16,1,2,3,480,7,1,1,27,1,0,0,0,0,7.0,4.0,10.0,6.4,8.2,0
849,154854,8098,14,8,1,3,718,10,2,1,49,0,0,0,0,0,10.0,2.5,10.0,7.59,10.0,0
433,239949,78633,13,9,3,2,320,1,2,1,13,1,0,0,0,0,10.0,6.5,7.55,5.6,4.6,0
322,137369,83672,13,6,2,2,226,3,1,1,41,0,0,0,0,0,8.8,5.0,8.75,5.13,5.8,0
645,240702,43244,9,4,4,3,620,6,1,1,21,1,0,0,0,0,6.0,7.0,7.95,7.1,7.6,0
601,69111,13253,1,6,2,3,321,5,2,1,36,1,0,0,0,0,3.9999999999999996,4.0,8.6,5.605,7.0,0
662,109402,59333,5,7,2,3,806,11,2,1,33,1,0,1,0,0,6.2,4.0,8.95,8.030000000000001,10.0,0
695,139774,55969,16,6,2,3,239,8,2,1,16,1,0,0,0,0,10.0,4.0,8.6,5.195,8.8,0
517,235657,95744,4,1,4,2,630,13,2,1,32,1,0,0,0,0,2.2,8.0,8.6,7.15,10.0,0
440,62719,75423,4,5,4,3,349,7,2,1,32,0,1,0,0,0,4.6,7.0,5.6,5.745,8.2,0
509,247600,49411,14,8,2,3,504,1,0,1,37,1,0,0,0,0,10.0,4.0,10.0,6.52,4.6,0
759,200109,80028,14,8,2,2,173,12,2,0,25,0,0,0,0,0,10.0,5.0,6.550000000000001,1.0,10.0,0
655,231175,40421,19,9,2,3,125,3,1,1,38,1,0,0,0,0,10.0,4.0,10.0,4.625,5.8,0
623,145695,6454,10,4,5,3,80,0,1,1,6,1,0,1,0,0,6.4,8.5,5.9,4.4,4.0,0
432,154585,22522,4,6,3,3,735,6,0,0,24,1,0,0,0,0,5.199999999999999,5.5,7.3999999999999995,3.675,7.6,0
426,164407,43575,0,7,3,3,859,14,2,1,47,0,0,0,0,0,4.2,5.5,7.05,8.295,10.0,0
405,195212,8192,10,5,2,2,62,3,2,1,29,1,0,0,0,0,7.0,5.0,9.35,4.31,5.8,0
677,124126,60268,10,8,2,2,606,7,0,1,40,0,0,0,0,0,8.8,5.0,8.0,7.029999999999999,8.2,0
350,231445,86311,5,3,2,3,351,1,1,1,32,1,0,0,0,0,3.8,4.0,8.8,5.755,4.6,0
328,97658,15402,22,8,3,1,944,14,1,1,49,1,0,0,0,0,10.0,7.5,10.0,8.719999999999999,10.0,0
761,185912,83610,7,5,4,2,597,7,1,1,38,0,0,0,0,0,5.800000000000001,8.0,7.1000000000000005,6.984999999999999,8.2,0
595,51007,85781,1,1,2,2,788,1,2,0,27,1,0,0,0,0,1.0,5.0,7.25,3.94,4.6,0
596,208019,41527,14,6,2,3,769,10,2,1,17,0,0,0,0,0,9.2,4.0,5.35,7.845000000000001,10.0,0
706,126833,57181,22,2,2,1,341,7,2,1,9,1,1,0,0,0,10.0,6.0,8.75,5.705,8.2,0
704,138637,96472,21,7,1,2,995,12,2,1,1,0,0,0,0,0,10.0,3.5,4.3500000000000005,8.975,10.0,0
645,140721,32002,8,9,4,3,807,12,2,1,42,1,0,0,0,0,8.6,7.0,10.0,8.035,10.0,0
719,113220,86219,14,3,2,3,88,0,1,1,49,1,0,0,0,0,7.4,4.0,10.0,4.44,4.0,0
481,46393,17460,7,4,3,3,977,12,2,1,42,1,0,0,0,0,5.2,5.5,10.0,8.885,10.0,0
300,77480,35482,15,4,3,3,116,1,2,1,13,1,0,0,0,0,8.4,5.5,7.95,4.58,4.6,0
670,137243,21447,13,4,3,2,958,4,2,0,12,1,0,0,1,0,7.6,6.5,7.4,4.79,2.4,0
730,108290,53228,14,3,4,2,91,0,2,1,0,1,0,0,0,0,7.4,8.0,5.800000000000001,4.455,4.0,0
608,237407,88265,19,5,3,1,211,11,2,1,31,1,0,0,0,0,10.0,7.5,10.0,5.055,10.0,0
436,124263,55126,12,9,4,3,401,4,1,1,24,1,0,0,0,0,10.0,7.0,9.0,6.005,6.4,0
501,160179,25545,8,8,1,2,239,4,1,0,9,1,0,0,0,0,8.0,3.5,5.95,1.195,6.4,0
735,25993,60114,0,2,3,3,748,6,2,1,14,1,0,1,0,0,1.2,5.5,5.1,7.74,7.6,0
612,247413,98740,5,9,3,2,29,1,2,1,28,1,0,0,0,0,7.3999999999999995,6.5,8.2,4.145,4.6,0
416,113650,80350,7,2,2,2,789,1,2,1,16,1,0,0,0,0,4.0,5.0,6.8,7.945,4.6,0
543,137595,62801,19,7,3,3,332,14,1,1,41,0,0,0,0,0,10.0,5.5,9.95,5.66,10.0,0
836,72066,18890,17,5,3,3,477,11,2,1,39,1,0,0,0,0,9.8,5.5,10.0,6.385,10.0,0
374,131850,57482,17,7,3,2,699,14,2,1,22,1,0,0,0,0,10.0,6.5,9.7,7.495,10.0,0
685,62942,68397,16,5,2,2,903,5,2,0,6,0,0,0,0,0,9.4,5.0,4.1,4.515,7.0,0
509,36138,6740,20,6,3,1,661,13,2,1,49,1,0,0,0,0,10.0,7.5,10.0,7.305,10.0,0
774,138558,35121,15,8,2,1,319,10,1,1,35,1,0,0,0,0,10.0,6.0,10.0,5.595,10.0,0
717,195599,16218,12,1,3,3,481,12,2,1,5,1,0,0,0,0,5.4,5.5,6.15,6.404999999999999,10.0,0
646,29190,76591,21,1,2,2,601,9,2,1,1,1,0,0,0,0,9.0,5.0,7.3500000000000005,7.005,9.399999999999999,0
828,112259,93241,3,5,2,1,901,2,2,1,44,1,0,0,0,0,4.2,6.0,10.0,8.504999999999999,5.2,0
478,98422,39722,3,1,2,3,703,12,0,1,31,1,0,0,0,0,1.8000000000000003,4.0,8.25,7.515000000000001,10.0,0
481,206770,54431,20,3,1,3,83,12,2,1,43,0,0,0,0,0,9.8,2.5,10.0,4.415,10.0,0
324,102315,56543,13,9,1,1,668,7,2,1,4,1,0,0,0,0,10.0,4.5,6.2,7.34,8.2,0
479,244782,47000,4,7,1,1,754,2,2,1,18,1,0,0,0,0,5.800000000000001,4.5,6.5,7.77,5.2,0
800,49086,76975,15,6,3,1,663,9,2,1,1,1,0,0,0,0,9.6,7.5,6.15,7.3149999999999995,9.399999999999999,0
460,168394,35921,13,8,3,2,445,3,1,1,42,0,0,0,0,0,10.0,6.5,8.9,6.225,5.8,0
476,145604,93747,13,8,1,3,471,13,2,1,22,1,1,0,0,0,10.0,2.5,8.9,6.355,10.0,0
584,120814,35614,13,6,1,3,159,12,2,0,39,0,0,0,0,0,8.8,2.5,8.45,1.0,10.0,0
362,139324,66189,24,4,2,1,653,6,2,1,3,0,0,0,0,0,10.0,6.0,5.250000000000001,7.265000000000001,7.6,0
455,234641,22601,23,4,3,3,760,0,0,0,3,1,0,0,0,0,10.0,5.5,8.05,3.8,4.0,0
768,236682,98332,24,4,1,2,893,0,1,1,10,1,0,0,0,0,10.0,3.5,9.3,8.465,4.0,0
348,148921,76543,13,6,2,2,324,8,2,1,45,1,0,0,0,0,8.8,5.0,10.0,5.62,8.8,0
383,23435,25514,18,1,2,3,683,14,0,1,40,1,0,1,0,0,7.8,4.0,10.0,7.415,10.0,0
660,121505,88312,2,2,2,2,841,11,2,1,19,1,0,0,0,0,2.0,5.0,6.25,8.205,10.0,0
447,73331,72612,16,6,2,1,259,5,1,1,13,1,0,0,0,0,10.0,6.0,8.15,5.295,7.0,0
641,180014,95886,13,1,2,3,649,4,2,1,34,0,0,0,0,0,5.8,4.0,7.699999999999999,7.245,6.4,0
775,210707,21292,9,9,3,2,283,1,2,1,44,1,0,0,0,0,9.0,6.5,10.0,5.415,4.6,0
362,180131,36510,12,6,3,2,491,1,2,0,13,1,0,0,0,0,8.4,6.5,7.3500000000000005,2.455,4.6,0
659,208629,33000,21,7,1,3,91,6,0,1,48,1,0,0,0,0,10.0,2.5,10.0,4.455,7.6,0
626,133457,35383,3,1,3,3,241,5,1,1,2,0,0,0,0,0,1.8000000000000003,5.5,1.0,5.205,7.0,0
440,72389,16785,10,8,2,3,40,11,1,0,14,1,0,0,0,0,8.8,4.0,7.1,1.0,10.0,0
514,73014,45910,14,5,4,2,755,13,2,0,20,1,0,0,1,0,8.600000000000001,8.0,8.8,3.775,7.8,0
734,183898,44028,14,5,2,2,93,12,2,1,1,1,0,0,0,0,8.600000000000001,5.0,5.95,4.465,10.0,0
617,50297,29855,23,6,3,1,51,7,2,0,20,1,0,0,0,0,10.0,7.5,10.0,1.0,8.2,0
331,63890,29281,1,7,3,3,723,2,2,1,9,1,0,0,1,0,4.6000000000000005,5.5,4.55,7.615,1.2,0
584,41322,9841,10,7,2,2,260,2,2,0,26,1,0,0,0,0,8.2,5.0,8.9,1.3,5.2,0
604,55739,65155,1,5,4,3,519,12,1,1,46,1,0,0,0,0,3.4,7.0,10.0,6.595000000000001,10.0,0
728,160791,31918,22,1,2,1,396,4,1,1,18,1,0,0,0,0,9.4,6.0,10.0,5.98,6.4,0
776,99553,61313,4,9,3,1,606,9,2,1,11,1,0,0,0,0,7.0,7.5,5.45,7.029999999999999,9.399999999999999,0
585,28314,22443,12,6,1,2,704,3,1,0,48,1,0,0,0,0,8.4,3.5,10.0,3.52,5.8,0
443,113831,37250,0,9,2,3,275,11,2,0,15,0,0,1,0,0,5.3999999999999995,4.0,2.25,1.375,10.0,0
723,95164,6922,6,4,2,3,592,7,0,1,7,0,0,0,0,0,4.800000000000001,4.0,2.25,6.96,8.2,0
318,127658,36976,6,2,2,3,31,5,1,1,36,1,0,0,0,0,3.6000000000000005,4.0,9.6,4.155,7.0,0
317,97028,16991,9,3,2,2,416,7,2,1,24,1,0,0,0,0,5.4,5.0,8.399999999999999,6.08,8.2,0
670,56113,58744,5,4,2,1,85,14,2,1,23,1,0,0,0,1,4.4,6.0,7.449999999999999,4.425,10.0,0
474,137174,27733,19,8,3,2,496,6,2,1,46,1,0,0,0,0,10.0,6.5,10.0,6.48,7.6,0
493,166429,7473,11,3,2,3,790,1,2,1,39,1,0,0,0,0,6.2,4.0,10.0,7.95,4.6,0
801,249937,13108,12,8,1,1,689,8,1,1,17,1,0,0,0,0,9.600000000000001,4.5,7.95,7.445,8.8,0
412,40365,33715,23,6,3,2,900,10,1,1,20,1,0,0,0,0,10.0,6.5,10.0,8.5,10.0,0
413,59029,37210,10,4,2,1,918,12,2,1,7,0,0,0,0,0,6.4,6.0,3.05,8.59,10.0,0
521,21737,42317,17,7,2,2,874,5,2,1,18,1,0,0,0,0,10.0,5.0,9.1,8.370000000000001,7.0,0
563,151042,70516,1,5,1,2,360,10,0,1,48,1,0,0,0,0,3.4,3.5,10.0,5.8,10.0,0
354,225704,38362,15,5,2,1,249,10,2,1,29,1,0,0,0,0,9.0,6.0,10.0,5.245,10.0,0
757,105474,59604,1,9,2,2,60,5,2,1,26,1,1,0,0,0,5.8,5.0,7.1,4.3,7.0,0
461,98218,9889,18,3,4,2,969,11,0,1,35,1,0,0,0,0,9.0,8.0,10.0,8.844999999999999,10.0,0
679,178571,94557,5,4,2,3,485,1,2,1,35,1,0,0,0,0,4.4,4.0,9.25,6.425,4.6,0
386,148692,78748,0,5,1,3,604,8,2,1,25,1,0,0,0,0,3.0,2.5,6.75,7.02,8.8,0
354,197229,36971,10,1,1,1,990,0,1,1,19,1,0,0,0,0,4.6,4.5,7.85,8.95,4.0,0
775,207319,55551,17,7,1,3,873,5,2,1,40,1,0,0,0,0,10.0,2.5,10.0,8.365,7.0,0
477,148411,8201,9,8,2,1,611,13,2,1,13,1,0,0,0,0,8.4,6.0,6.75,7.055,10.0,0
690,192106,94882,17,6,1,2,903,7,2,1,32,1,0,1,0,0,10.0,3.5,10.0,8.515,8.2,0
648,20294,42958,0,9,2,3,534,1,2,1,8,1,0,0,0,0,5.3999999999999995,4.0,4.2,6.67,4.6,0
307,249144,84251,18,3,2,3,166,2,1,1,22,0,0,0,0,0,9.0,4.0,6.9,4.83,5.2,0
612,44596,10681,15,2,3,3,208,9,1,1,44,1,0,0,0,0,7.2,5.5,10.0,5.04,9.399999999999999,0
742,118185,51870,6,5,2,2,440,14,2,1,29,1,0,0,0,0,5.4,5.0,8.55,6.2,10.0,0
627,31434,87256,14,9,2,3,675,9,2,1,49,1,0,0,0,0,10.0,4.0,10.0,7.375,9.399999999999999,0
353,78382,72203,0,1,3,2,719,6,1,1,41,1,0,0,0,0,1.0,6.5,9.149999999999999,7.595000000000001,7.6,0
538,58098,33152,22,1,2,2,745,12,0,1,27,1,0,0,0,0,9.4,5.0,10.0,7.725,10.0,0
528,24655,55061,20,3,3,2,127,12,2,1,30,0,1,0,0,0,9.8,6.5,8.5,4.635,10.0,0
350,103029,62619,8,3,3,3,672,10,2,1,25,1,0,0,0,0,5.0,5.5,8.35,7.359999999999999,10.0,0
563,66228,63235,1,5,2,2,765,11,1,1,35,1,0,0,0,1,3.4,5.0,8.45,7.825,10.0,0
717,23771,78740,16,4,2,3,84,0,2,1,46,1,0,0,0,0,8.8,4.0,10.0,4.42,4.0,0
395,94099,42890,24,6,5,3,961,4,1,1,35,1,0,0,0,0,10.0,8.5,10.0,8.805,6.4,0
387,140811,95073,23,8,3,1,734,10,1,1,10,1,0,1,0,0,10.0,7.5,9.100000000000001,7.67,10.0,0
377,207871,66401,9,8,4,3,796,5,1,0,11,1,0,0,0,0,8.4,7.0,6.45,3.98,7.0,0
587,82257,16217,5,4,1,3,875,9,2,1,44,1,0,0,0,0,4.4,2.5,10.0,8.375,9.399999999999999,0
419,37558,53351,4,1,2,2,376,6,2,1,1,1,0,0,0,0,2.2,5.0,3.95,5.88,7.6,0
790,78436,38741,7,7,4,1,765,12,2,1,39,0,0,0,0,0,7.0,9.0,7.25,7.825,10.0,0
751,127779,25654,7,6,2,3,187,9,1,1,3,0,0,1,0,0,6.4,4.0,1.85,4.9350000000000005,9.399999999999999,0
799,144891,66314,4,5,5,2,117,9,2,1,31,1,0,0,0,0,4.6,9.5,8.45,4.585,9.399999999999999,0
464,243175,6408,11,4,1,3,812,12,0,1,40,0,0,0,1,0,6.800000000000001,2.5,8.2,8.059999999999999,7.199999999999999,0
481,52376,47903,6,6,4,1,698,6,2,1,33,1,0,0,0,0,6.0,9.0,9.15,7.49,7.6,0
768,238530,89208,12,8,2,1,488,2,2,1,4,1,0,0,0,0,9.600000000000001,6.0,6.0,6.4399999999999995,5.2,0
306,97924,6218,12,6,1,3,695,13,1,1,4,1,0,0,0,0,8.4,2.5,6.0,7.475,10.0,0
629,49332,55572,16,3,4,3,102,6,1,1,3,1,0,0,0,0,8.2,7.0,6.65,4.51,7.6,0
450,151001,63798,3,9,2,1,975,0,2,1,40,1,0,0,0,0,6.6,6.0,9.6,8.875,4.0,0
384,66737,35105,17,3,1,3,109,10,2,1,11,1,0,0,0,0,8.600000000000001,2.5,8.05,4.545,10.0,0
446,150912,74634,9,4,1,2,190,3,0,1,34,1,0,0,0,0,6.0,3.5,9.899999999999999,4.95,5.8,0
680,109031,70063,2,5,3,3,680,14,2,0,36,1,0,0,0,0,3.8,5.5,8.8,3.4,10.0,0
847,225042,12619,11,2,5,3,105,6,1,1,33,1,0,0,0,0,5.6000000000000005,8.5,10.0,4.525,7.6,0
584,203024,16939,0,2,1,1,241,6,1,1,44,1,0,0,0,0,1.2,4.5,9.6,5.205,7.6,0
381,40991,23226,10,6,2,2,260,3,2,1,27,1,0,0,1,0,7.6,5.0,9.05,5.3,1.7999999999999998,0
813,47472,30322,17,2,1,1,861,0,2,1,6,1,0,1,0,0,8.0,4.5,7.300000000000001,8.305,4.0,0
822,79946,63215,12,1,3,1,927,14,1,1,39,1,0,0,0,0,5.4,7.5,10.0,8.635,10.0,0
685,177921,21878,16,8,1,1,588,13,1,1,10,0,0,0,0,0,10.0,4.5,4.7,6.9399999999999995,10.0,0
770,21541,11560,7,1,2,3,913,14,2,1,43,1,0,0,0,0,3.4000000000000004,4.0,10.0,8.565000000000001,10.0,0
418,149237,43278,19,6,1,2,758,7,2,1,31,0,0,0,0,0,10.0,3.5,8.45,7.79,8.2,0
695,22765,41212,18,1,2,2,28,3,2,1,49,1,0,0,0,1,7.8,5.0,10.0,4.14,5.8,0
831,63074,99835,16,8,4,3,296,1,2,1,49,1,0,0,0,0,10.0,7.0,10.0,5.48,4.6,0
560,122795,78079,1,5,2,2,809,3,2,0,31,1,0,0,0,0,3.4,5.0,7.85,4.045,5.8,0
555,180355,28946,2,3,1,2,216,7,0,1,30,1,0,1,0,0,2.5999999999999996,3.5,7.9,5.08,8.2,0
525,121387,36740,2,5,2,1,320,7,2,1,47,0,0,0,0,0,3.8,6.0,7.45,5.6,8.2,0
352,151841,12253,5,1,3,3,112,4,1,1,19,1,0,1,0,0,2.6,5.5,6.85,4.5600000000000005,6.4,0
799,168878,84311,9,1,1,1,168,14,2,1,5,0,0,0,0,0,4.2,4.5,2.55,4.84,10.0,0
805,241590,37813,23,4,1,3,716,1,2,1,49,1,0,0,0,0,10.0,2.5,10.0,7.58,4.6,0
663,22972,69331,21,9,1,2,572,6,2,1,48,1,0,0,0,0,10.0,3.5,10.0,6.859999999999999,7.6,0
579,169328,32632,17,9,3,3,387,2,2,1,17,1,0,0,0,0,10.0,5.5,8.95,5.9350000000000005,5.2,0
457,123903,53365,17,1,2,3,233,5,2,1,20,1,0,0,0,0,7.4,4.0,9.4,5.165,7.0,0
358,169725,72593,13,3,2,3,723,8,2,1,2,0,0,0,0,0,7.0,4.0,2.9,7.615,8.8,0
427,123579,38431,15,4,2,2,101,12,2,1,40,0,0,0,0,0,8.4,5.0,9.0,4.505,10.0,0
414,237741,42436,6,2,2,2,676,4,2,1,27,0,0,0,0,0,3.6000000000000005,5.0,5.25,7.38,6.4,0
508,59339,23413,0,7,5,3,185,8,2,1,27,1,0,0,0,0,4.2,8.5,7.05,4.925,8.8,0
825,176829,43485,16,3,2,1,119,3,1,1,31,1,0,0,0,0,8.2,6.0,10.0,4.595,5.8,0
820,123376,73232,22,1,4,2,820,8,2,1,38,0,1,0,0,0,9.4,8.0,10.0,8.1,8.8,0
536,62399,21101,24,1,2,3,744,0,1,1,23,1,0,0,0,0,10.0,4.0,10.0,7.720000000000001,4.0,0
580,64013,13831,4,3,1,3,188,3,2,0,6,1,0,0,0,0,3.4,2.5,4.7,1.0,5.8,0
658,248677,89583,0,6,2,2,747,14,2,1,18,1,1,0,0,0,3.5999999999999996,5.0,5.699999999999999,7.734999999999999,10.0,0
500,165778,56897,20,4,4,3,462,10,1,1,0,1,0,0,0,0,10.0,7.0,7.0,6.3100000000000005,10.0,0
577,189303,10004,16,1,2,3,84,13,0,1,32,1,0,0,0,0,7.0,4.0,10.0,4.42,10.0,0
534,47909,93241,9,7,4,1,592,0,1,1,32,1,0,0,0,0,7.800000000000001,9.0,9.6,6.96,4.0,0
793,227703,50924,11,2,2,3,849,11,1,0,10,0,0,0,0,0,5.6000000000000005,4.0,3.7,4.245,10.0,0
303,208644,26509,24,5,2,3,730,12,2,1,22,1,0,0,0,0,10.0,4.0,10.0,7.65,10.0,0
741,236951,42170,19,8,3,3,501,8,2,1,49,1,0,0,1,1,10.0,5.5,10.0,6.505,4.8,0
328,214839,48555,24,7,4,1,955,7,2,1,44,1,0,0,0,0,10.0,9.0,10.0,8.775,8.2,0
408,177541,19662,1,8,2,3,966,7,1,1,27,1,0,0,0,0,5.2,4.0,7.25,8.83,8.2,0
374,152385,70930,22,6,3,2,112,13,1,1,46,1,0,0,0,1,10.0,6.5,10.0,4.5600000000000005,10.0,0
445,158919,52403,15,7,1,1,50,14,2,0,16,0,0,0,0,0,10.0,4.5,5.4,1.0,10.0,0
427,201294,41365,14,9,2,3,444,6,2,1,9,0,0,0,0,0,10.0,4.0,4.15,6.220000000000001,7.6,0
341,225774,67188,12,6,2,1,343,8,2,0,7,1,0,0,0,0,8.4,6.0,6.45,1.715,8.8,0
655,161002,81060,17,9,1,2,289,14,1,1,8,1,0,0,0,0,10.0,3.5,7.6000000000000005,5.445,10.0,0
340,23285,31673,19,2,2,2,551,10,0,1,18,1,0,0,0,0,8.8,5.0,9.5,6.755,10.0,0
333,143637,68471,21,2,2,2,515,10,1,1,49,1,0,0,0,0,9.6,5.0,10.0,6.575,10.0,0
316,55863,22156,13,2,5,2,252,12,2,1,7,1,0,0,0,0,6.4,9.5,6.65,5.26,10.0,0
452,167776,62287,17,6,3,2,573,2,2,1,4,1,0,0,0,0,10.0,6.5,7.0,6.865,5.2,0
677,169777,6645,1,2,2,3,955,6,2,1,13,1,0,0,0,0,1.6,4.0,5.15,8.775,7.6,0
641,151627,64076,1,3,5,2,578,5,2,1,44,1,0,0,0,0,2.1999999999999997,9.5,9.8,6.890000000000001,7.0,0
326,41323,99585,2,8,1,3,711,4,2,1,32,1,0,0,0,0,5.6,2.5,8.2,7.555,6.4,0
586,90968,80351,4,8,2,3,88,14,2,1,42,1,0,0,0,0,6.4,4.0,10.0,4.44,10.0,0
467,217994,55151,24,4,3,2,894,8,2,1,43,1,0,1,0,0,10.0,6.5,10.0,8.469999999999999,8.8,0
567,73915,72384,15,9,1,3,446,3,2,1,37,1,0,1,0,0,10.0,2.5,10.0,6.23,5.8,0
754,129543,38541,21,8,3,3,717,2,2,1,11,1,0,0,0,0,10.0,5.5,8.85,7.585,5.2,0
700,161691,77847,14,1,1,3,470,12,1,1,2,1,0,0,0,0,6.2,2.5,6.1,6.35,10.0,0
775,223462,92099,11,8,1,2,206,10,0,1,39,1,0,0,0,0,9.2,3.5,10.0,5.03,10.0,0
429,128500,85739,8,1,1,3,40,2,2,0,28,0,0,0,0,0,3.8000000000000003,2.5,5.800000000000001,1.0,5.2,0
662,210346,55955,13,4,4,1,853,1,2,1,21,1,0,0,0,0,7.6,9.0,8.75,8.265,4.6,0
591,224245,14290,20,6,3,2,39,0,2,1,33,1,0,0,0,0,10.0,6.5,10.0,4.195,4.0,0
670,172297,63942,15,7,3,3,122,2,2,1,5,1,0,0,0,0,10.0,5.5,6.75,4.61,5.2,0
328,131266,87667,10,4,2,1,659,7,1,1,34,1,0,0,0,0,6.4,6.0,10.0,7.295,8.2,0
448,46739,35143,5,8,2,3,743,11,2,1,38,1,0,0,0,0,6.8,4.0,9.7,7.715,10.0,0
595,198780,29509,9,8,3,3,995,5,2,1,15,1,0,1,0,0,8.4,5.5,7.05,8.975,7.0,0
310,148041,92780,7,9,2,3,693,1,1,1,30,1,0,0,0,0,8.2,4.0,8.9,7.465,4.6,0
811,73019,41741,15,6,1,1,399,7,1,1,48,0,0,0,0,0,9.6,4.5,10.0,5.995,8.2,0
412,227226,31898,2,4,3,3,676,12,2,1,43,1,0,0,0,0,3.2,5.5,9.850000000000001,7.38,10.0,0
486,27373,90674,1,2,1,3,285,4,1,0,14,0,0,0,0,0,1.6,2.5,2.3000000000000003,1.425,6.4,0
526,186353,67948,15,7,1,2,229,11,1,1,45,1,0,0,0,0,10.0,3.5,10.0,5.145,10.0,0
609,40187,66768,18,3,3,2,285,3,1,0,0,1,0,0,0,0,9.0,6.5,6.6,1.425,5.8,0
397,87863,48262,8,3,3,3,21,13,2,1,43,1,0,0,0,0,5.0,5.5,10.0,4.105,10.0,0
354,117927,10506,15,3,3,3,502,0,2,1,19,1,0,0,0,0,7.8,5.5,8.85,6.51,4.0,0
705,104085,25605,21,4,2,3,606,11,2,1,22,1,0,0,0,0,10.0,4.0,10.0,7.029999999999999,10.0,0
368,137996,83590,3,2,2,3,743,12,2,1,19,0,1,0,0,0,2.4000000000000004,4.0,3.45,7.715,10.0,0
611,59220,33231,9,5,3,2,58,0,2,1,31,1,0,0,0,1,6.6,6.5,9.45,4.29,4.0,0
588,150503,84397,18,3,3,2,701,3,0,1,45,1,0,0,0,0,9.0,6.5,10.0,7.505,5.8,0
847,27642,82123,12,5,2,2,19,11,1,1,47,1,0,0,0,0,7.800000000000001,5.0,10.0,4.095,10.0,0
447,99971,18515,17,7,5,3,270,14,1,1,24,1,0,0,0,0,10.0,8.5,10.0,5.35,10.0,0
766,75556,92211,14,9,5,2,329,12,1,1,46,0,0,0,0,0,10.0,9.5,9.7,5.645,10.0,0
543,184832,43622,3,2,2,2,195,8,1,1,7,1,0,0,0,0,2.4000000000000004,5.0,4.65,4.975,8.8,0
790,58192,21600,8,9,3,2,238,9,1,1,32,1,0,0,0,0,8.6,6.5,9.4,5.1899999999999995,9.399999999999999,0
806,155453,32892,3,6,2,3,913,9,1,1,44,1,1,0,0,0,4.8,4.0,10.0,8.565000000000001,9.399999999999999,0
664,247655,88279,15,6,2,3,679,5,2,0,29,1,0,0,0,0,9.6,4.0,10.0,3.395,7.0,0
781,170630,74310,20,3,1,2,794,0,1,1,2,1,0,0,0,0,9.8,3.5,7.3,7.970000000000001,4.0,0
500,50782,26801,14,9,2,3,844,11,2,1,23,1,0,0,0,0,10.0,4.0,9.25,8.219999999999999,10.0,0
453,24782,42695,23,4,4,1,30,7,2,1,11,1,0,1,0,0,10.0,9.0,9.25,4.15,8.2,0
749,242489,33853,1,5,3,1,25,11,1,1,30,0,0,0,0,0,3.4,7.5,4.7,4.125,10.0,0
800,205784,9429,13,3,3,1,489,8,2,1,6,0,0,0,0,0,7.0,7.5,3.5,6.445,8.8,0
372,246017,9606,2,5,1,1,804,1,2,1,39,1,0,0,0,0,3.8,4.5,9.25,8.02,4.6,0
595,170534,9478,21,8,2,1,636,5,1,1,16,0,0,0,0,0,10.0,6.0,6.6,7.18,7.0,0
316,80030,88816,22,8,2,3,15,14,1,1,49,1,0,0,0,0,10.0,4.0,10.0,4.075,10.0,0
516,219591,45134,3,8,2,3,307,6,2,0,9,0,0,0,0,0,6.0,4.0,1.95,1.535,7.6,0
360,76411,74963,0,6,2,3,921,10,2,1,14,1,0,0,0,0,3.5999999999999996,4.0,5.1,8.605,10.0,0
341,206278,75897,22,1,2,3,950,12,2,1,20,1,0,0,0,0,9.4,4.0,10.0,8.75,10.0,0
324,117469,30475,8,6,2,3,268,0,1,1,20,1,0,0,0,0,6.8,4.0,7.6,5.34,4.0,0
338,66950,71177,16,7,2,2,49,13,2,1,28,1,0,0,0,0,10.0,5.0,10.0,4.245,10.0,0
430,153595,26730,13,9,2,3,285,10,2,1,41,1,0,0,0,0,10.0,4.0,10.0,5.425,10.0,0
797,211998,26113,16,8,1,3,753,4,2,1,40,1,0,0,0,0,10.0,2.5,10.0,7.765000000000001,6.4,0
528,160749,25011,0,8,4,3,528,10,2,1,0,1,0,0,0,0,4.8,7.0,3.0,6.640000000000001,10.0,0
407,226900,60746,9,7,1,2,836,10,1,1,20,1,0,0,0,0,7.800000000000001,3.5,7.8,8.18,10.0,0
471,166161,47853,22,2,1,1,916,4,0,0,4,1,0,0,0,0,10.0,4.5,8.0,4.58,6.4,0
734,155653,90195,15,1,3,3,614,2,1,0,14,1,0,0,0,0,6.6,5.5,8.1,3.07,5.2,0
777,162979,41818,24,2,5,3,520,1,2,1,45,1,0,0,0,0,10.0,8.5,10.0,6.6,4.6,0
401,156681,42321,18,6,3,2,317,13,1,1,25,1,0,0,0,0,10.0,6.5,10.0,5.585,10.0,0
823,202225,26309,23,2,1,3,908,0,2,1,10,1,0,0,0,0,10.0,2.5,9.100000000000001,8.54,4.0,0
574,70539,23688,24,4,2,1,542,14,2,1,48,0,0,0,0,0,10.0,6.0,10.0,6.71,10.0,0
343,195215,33176,2,3,5,3,958,5,1,1,20,1,0,0,0,0,2.5999999999999996,8.5,6.4,8.79,7.0,0
316,42936,73879,11,6,3,1,489,6,2,1,45,1,0,0,0,0,8.0,7.5,10.0,6.445,7.6,0
629,70182,72592,2,8,2,1,423,1,2,1,5,1,0,0,0,0,5.6,6.0,4.15,6.115,4.6,0
796,131259,89728,14,6,2,1,532,1,2,1,3,1,0,0,0,0,9.2,6.0,6.25,6.66,4.6,0
311,115042,94012,16,2,1,2,474,14,2,1,44,0,0,0,0,0,7.6000000000000005,3.5,9.8,6.37,10.0,0
617,33163,14416,17,5,1,1,418,4,2,1,20,1,0,0,0,0,9.8,4.5,9.4,6.09,6.4,0
515,210830,44994,6,6,3,3,59,4,1,1,16,1,0,0,0,0,6.0,5.5,6.6,4.295,6.4,0
638,197129,71422,18,9,1,3,994,12,2,1,30,1,0,0,0,0,10.0,2.5,10.0,8.969999999999999,10.0,0
380,163609,13584,6,6,5,2,786,2,2,1,43,1,0,0,0,0,6.0,9.5,10.0,7.93,5.2,0
784,42419,98302,4,5,1,3,54,2,2,1,22,0,1,0,0,0,4.6,2.5,4.1,4.27,5.2,0
673,193650,23830,7,1,3,1,806,14,2,1,31,1,1,0,0,0,3.4000000000000004,7.5,9.05,8.030000000000001,10.0,0
499,226063,90825,20,5,1,2,839,0,1,1,43,1,0,0,0,0,10.0,3.5,10.0,8.195,4.0,0
836,141211,82066,15,5,2,2,280,2,1,1,35,1,0,0,0,0,9.0,5.0,10.0,5.4,5.2,0
765,142762,8591,15,6,1,2,284,8,2,1,33,1,0,0,0,0,9.6,3.5,10.0,5.42,8.8,0
388,225671,98878,18,7,3,3,920,1,1,0,5,1,0,0,0,0,10.0,5.5,7.35,4.6,4.6,0
567,20834,26395,24,4,2,1,432,0,2,0,37,1,0,0,0,0,10.0,6.0,10.0,2.16,4.0,0
788,52214,59182,14,7,1,3,44,8,1,1,21,1,0,0,0,0,9.8,2.5,8.95,4.22,8.8,0
837,244006,21738,6,5,3,3,513,4,2,1,32,1,0,0,0,0,5.4,5.5,9.0,6.5649999999999995,6.4,0
346,22413,7631,4,6,2,3,497,7,2,1,10,1,0,0,0,1,5.199999999999999,4.0,5.3,6.484999999999999,8.2,0
587,29505,22905,22,4,4,3,662,10,2,0,22,1,0,0,0,0,10.0,7.0,10.0,3.31,10.0,0
315,122802,24056,10,8,4,3,153,3,2,1,43,1,0,0,0,0,8.8,7.0,10.0,4.765,5.8,0
700,153177,94082,9,9,4,3,844,7,2,1,35,1,0,0,0,0,9.0,7.0,10.0,8.219999999999999,8.2,0
385,219176,40447,24,2,1,2,766,11,1,1,27,1,0,0,0,0,10.0,3.5,10.0,7.83,10.0,0
549,148303,59418,20,4,1,2,872,4,0,1,47,0,0,0,0,0,10.0,3.5,10.0,8.36,6.4,0
690,134897,42190,22,8,5,3,832,5,2,1,18,1,1,0,0,0,10.0,8.5,10.0,8.16,7.0,0
634,78408,31014,8,8,2,3,202,5,2,1,42,0,0,0,0,0,8.0,4.0,7.9,5.01,7.0,0
818,188751,77999,0,9,2,3,556,5,1,1,42,1,0,0,0,0,5.3999999999999995,4.0,9.3,6.779999999999999,7.0,0
436,136908,55278,19,3,3,2,793,1,1,1,12,1,0,0,0,0,9.4,6.5,8.6,7.965,4.6,0
797,99731,6780,0,1,2,2,906,9,1,1,12,1,0,0,0,0,1.0,5.0,4.8,8.530000000000001,9.399999999999999,0
776,85131,96643,7,9,3,2,187,9,2,1,7,1,0,0,0,0,8.2,6.5,5.45,4.9350000000000005,9.399999999999999,0
522,84280,64258,2,1,3,3,791,8,1,0,42,1,0,0,0,0,1.4,5.5,9.7,3.955,8.8,0
671,35762,47192,1,3,3,1,327,6,1,1,47,1,0,0,0,0,2.1999999999999997,7.5,10.0,5.635,7.6,0
701,137798,64300,3,3,2,2,400,2,1,1,12,1,0,0,0,0,3.0,5.0,5.4,6.0,5.2,0
742,136854,95504,18,9,2,2,160,1,2,1,34,1,0,0,0,0,10.0,5.0,10.0,4.8,4.6,0
789,78703,48923,10,1,2,1,620,3,2,1,26,1,0,0,0,0,4.6,6.0,8.9,7.1,5.8,0
572,232506,94196,4,7,2,2,456,7,1,1,10,0,0,0,0,0,5.800000000000001,5.0,2.3,6.279999999999999,8.2,0
825,83079,7395,23,2,1,3,550,8,1,1,20,1,0,0,0,0,10.0,2.5,10.0,6.75,8.8,0
458,41577,20779,9,7,2,1,159,9,2,1,7,0,0,0,0,0,7.800000000000001,6.0,2.85,4.795,9.399999999999999,0
451,21214,76028,23,1,2,3,217,1,1,1,41,1,0,0,0,0,9.8,4.0,10.0,5.085,4.6,0
487,106339,34722,22,8,2,3,358,13,0,1,25,1,0,0,0,0,10.0,4.0,10.0,5.79,10.0,0
397,68114,12111,7,2,3,3,271,5,2,1,29,1,0,0,0,0,4.0,5.5,8.75,5.355,7.0,0
430,240306,14984,12,3,2,3,731,7,2,1,21,1,0,0,0,0,6.6000000000000005,4.0,8.55,7.654999999999999,8.2,0
470,83230,98176,4,8,2,3,422,2,2,1,49,1,0,0,0,0,6.4,4.0,10.0,6.109999999999999,5.2,0
482,184052,77328,11,3,3,2,98,10,2,1,48,1,0,1,0,0,6.2,6.5,10.0,4.49,10.0,0
663,87194,31924,12,1,3,3,758,8,1,1,38,0,0,0,0,0,5.4,5.5,8.100000000000001,7.79,8.8,0
338,228878,57703,21,9,2,2,769,3,2,1,49,1,0,0,0,0,10.0,5.0,10.0,7.845000000000001,5.8,0
826,132333,37577,7,8,3,2,267,4,1,1,9,1,0,0,1,0,7.6,6.5,5.75,5.335,2.4,0
796,57792,12711,14,4,1,1,501,13,1,1,25,1,0,0,0,0,8.0,4.5,9.55,6.505,10.0,0
815,65807,90548,12,8,2,2,713,11,1,1,26,1,0,0,0,0,9.600000000000001,5.0,9.3,7.5649999999999995,10.0,0
648,145266,9096,0,5,4,1,617,6,2,1,21,0,0,0,0,0,3.0,9.0,3.15,7.085,7.6,0
696,173373,71555,21,3,4,3,557,13,2,1,12,1,0,0,0,0,10.0,7.0,9.0,6.785,10.0,0
460,156213,94848,5,1,2,3,105,10,1,1,38,1,0,0,0,0,2.6,4.0,9.7,4.525,10.0,0
315,124292,80012,10,5,3,3,413,10,0,1,6,1,0,0,0,0,7.0,5.5,5.9,6.0649999999999995,10.0,0
792,142984,13254,12,6,4,2,448,4,2,1,42,1,0,1,0,0,8.4,8.0,10.0,6.24,6.4,0
725,33777,82120,20,4,5,3,46,3,2,1,41,1,0,0,0,0,10.0,8.5,10.0,4.23,5.8,0
407,58346,10965,19,7,2,1,755,3,2,1,11,1,0,0,0,0,10.0,6.0,8.45,7.775,5.8,0
749,74703,82000,0,3,2,2,623,4,1,1,12,1,0,0,0,0,1.7999999999999998,5.0,4.8,7.115,6.4,0
610,114977,82975,10,7,2,3,490,2,2,1,11,1,0,0,0,0,8.2,4.0,6.65,6.45,5.2,0
469,67819,62987,10,1,1,3,189,8,2,1,11,1,0,0,0,0,4.6,2.5,6.65,4.945,8.8,0
845,179541,37963,7,7,2,2,334,11,2,1,37,1,0,0,0,0,7.0,5.0,9.95,5.67,10.0,0
713,154917,98976,21,1,3,3,591,1,1,1,2,0,0,0,0,0,9.0,5.5,4.5,6.955,4.6,0
550,130186,8273,2,1,3,3,415,11,2,0,7,1,0,0,0,0,1.4,5.5,4.45,2.075,10.0,0
440,43290,20330,18,2,4,3,478,6,1,1,48,1,0,0,0,0,8.4,7.0,10.0,6.390000000000001,7.6,0
573,132551,26494,11,2,1,1,988,3,2,1,30,1,0,0,0,0,5.6000000000000005,4.5,9.7,8.940000000000001,5.8,0
715,181771,81422,5,4,2,2,628,7,1,1,12,1,0,0,0,0,4.4,5.0,5.8,7.140000000000001,8.2,0
338,195324,8212,22,1,1,2,280,6,2,1,7,1,0,0,0,0,9.4,3.5,8.45,5.4,7.6,0
328,118682,88441,7,4,2,1,363,7,1,1,36,1,0,0,0,0,5.2,6.0,9.8,5.8149999999999995,8.2,0
776,154365,92594,4,2,4,1,568,3,2,1,23,1,0,0,0,0,2.8,9.0,7.25,6.84,5.8,0
617,138017,6080,9,4,2,3,976,10,2,1,27,0,0,0,0,0,6.0,4.0,5.85,8.879999999999999,10.0,0
544,139496,37675,21,4,3,2,474,1,2,1,3,1,0,0,0,0,10.0,6.5,7.65,6.37,4.6,0
571,77089,27007,15,9,1,3,629,6,2,1,15,1,0,0,0,0,10.0,2.5,8.25,7.145,7.6,0
739,167680,87641,11,9,2,2,373,11,0,1,17,1,0,0,0,0,9.8,5.0,7.75,5.865,10.0,0
538,148713,51815,16,1,3,3,78,8,0,1,3,0,0,0,0,0,7.0,5.5,3.6500000000000004,4.39,8.8,0
676,217345,88482,5,5,1,3,317,5,2,1,42,1,0,0,0,0,5.0,2.5,10.0,5.585,7.0,0
565,36619,5639,8,7,2,1,432,6,2,1,39,0,0,0,0,0,7.4,6.0,7.449999999999999,6.16,7.6,0
658,98006,68593,9,4,1,3,523,5,1,1,32,1,0,0,0,0,6.0,2.5,9.6,6.615,7.0,0
639,238980,83038,19,5,3,2,228,1,2,1,44,1,0,0,0,1,10.0,6.5,10.0,5.14,4.6,0
688,232725,98899,13,2,5,2,54,12,1,1,26,1,0,0,0,0,6.4,9.5,9.5,4.27,10.0,0
302,34779,8736,13,3,3,2,929,8,2,1,35,1,1,0,0,0,7.0,6.5,10.0,8.645,8.8,0
728,202112,21473,16,7,5,2,242,4,0,1,3,0,1,0,0,0,10.0,9.5,3.6500000000000004,5.21,6.4,0
441,245902,39019,24,7,3,3,710,11,1,1,35,0,0,0,0,0,10.0,5.5,10.0,7.55,10.0,0
675,207397,91623,15,4,4,3,376,14,1,0,12,1,0,0,0,0,8.4,7.0,7.8,1.88,10.0,0
623,41630,99025,3,1,2,2,869,2,2,1,47,0,1,0,0,0,1.8000000000000003,5.0,7.65,8.344999999999999,5.2,0
445,125575,41820,1,1,2,3,131,3,1,1,13,1,0,0,0,0,1.0,4.0,5.15,4.655,5.8,0
592,135436,89861,15,4,2,3,504,3,2,1,41,1,0,0,0,0,8.4,4.0,10.0,6.52,5.8,0
731,163250,62589,0,4,3,1,586,12,1,1,36,1,0,0,0,0,2.4,7.5,8.399999999999999,6.93,10.0,0
698,171007,70807,2,6,1,1,958,11,0,1,46,1,0,0,0,0,4.3999999999999995,4.5,10.0,8.79,10.0,0
643,198330,23414,22,7,1,2,893,8,2,1,5,1,1,0,0,0,10.0,3.5,8.15,8.465,8.8,0
439,42784,29220,10,9,4,3,158,10,2,1,13,1,0,0,0,0,9.399999999999999,7.0,6.95,4.79,10.0,0
486,214794,65531,15,9,1,2,770,4,2,1,42,1,0,0,0,0,10.0,3.5,10.0,7.85,6.4,0
360,174099,47425,17,5,5,2,904,1,2,1,2,1,0,1,0,0,9.8,9.5,6.7,8.52,4.6,0
679,247616,14387,14,3,3,3,485,5,1,1,24,1,0,0,0,0,7.4,5.5,9.4,6.425,7.0,0
739,208925,81815,8,3,2,3,588,11,1,1,33,1,0,0,0,0,5.0,4.0,9.55,6.9399999999999995,10.0,0
618,132167,32584,11,6,3,2,359,13,1,1,5,0,0,0,0,0,8.0,6.5,2.95,5.795,10.0,0
601,87359,49783,17,1,3,3,906,6,2,1,39,1,0,0,0,1,7.4,5.5,10.0,8.530000000000001,7.6,0
643,223460,44809,4,7,2,3,580,7,2,1,0,1,0,0,0,0,5.800000000000001,4.0,3.8,6.9,8.2,0
310,98608,59327,23,3,3,2,124,4,0,1,45,1,0,0,0,0,10.0,6.5,10.0,4.62,6.4,0
361,227741,15857,7,5,3,3,637,7,1,1,47,1,0,0,0,0,5.800000000000001,5.5,10.0,7.1850000000000005,8.2,0
525,35111,47261,2,7,2,1,246,7,0,1,48,1,0,0,0,0,5.0,6.0,10.0,5.23,8.2,0
452,183384,78588,1,7,1,2,56,13,1,1,7,1,0,0,0,0,4.6000000000000005,3.5,4.25,4.28,10.0,0
609,44161,21995,24,9,2,2,630,3,2,1,16,1,0,0,0,0,10.0,5.0,10.0,7.15,5.8,0
542,138920,18580,18,1,2,1,283,6,1,1,12,1,0,0,0,0,7.8,6.0,8.4,5.415,7.6,0
792,124823,23240,7,3,1,2,122,11,0,1,18,1,0,0,0,0,4.6,3.5,7.1,4.61,10.0,0
665,145014,88446,1,9,3,2,554,12,1,1,40,1,1,0,0,0,5.8,6.5,9.2,6.77,10.0,0
629,150466,80752,18,8,2,3,408,8,2,1,34,1,0,0,0,0,10.0,4.0,10.0,6.04,8.8,0
406,87313,51111,0,2,4,3,801,9,2,1,49,1,0,0,0,0,1.2,7.0,10.0,8.004999999999999,9.399999999999999,0
525,201446,95447,21,8,2,1,301,3,2,1,32,1,0,0,0,0,10.0,6.0,10.0,5.505,5.8,0
517,175086,39866,12,8,2,1,325,8,2,1,44,1,1,0,0,0,9.600000000000001,6.0,10.0,5.625,8.8,0
805,100308,85974,22,2,3,3,171,11,1,1,44,1,1,0,0,0,10.0,5.5,10.0,4.855,10.0,0
558,66389,78401,19,8,4,1,99,3,1,1,43,1,0,0,0,0,10.0,9.0,10.0,4.495,5.8,0
816,169233,87093,16,3,2,2,60,0,2,1,32,0,0,0,0,0,8.2,5.0,8.0,4.3,4.0,0
353,127800,17211,2,7,2,2,433,3,1,1,41,1,0,0,0,0,5.0,5.0,9.55,6.165,5.8,0
346,158562,63985,8,9,4,3,415,1,2,1,38,1,0,0,0,0,8.6,7.0,10.0,6.075,4.6,0
820,139547,38268,4,4,2,3,153,5,2,1,45,1,0,0,0,0,4.0,4.0,10.0,4.765,7.0,0
398,44502,8646,5,6,1,3,625,12,2,1,37,1,0,0,0,0,5.6,2.5,9.55,7.125,10.0,0
319,55757,60371,3,9,2,2,691,14,0,1,37,1,1,0,0,0,6.6,5.0,9.15,7.455,10.0,0
789,61111,47816,16,5,3,3,537,14,2,1,8,1,0,0,0,0,9.4,5.5,7.4,6.6850000000000005,10.0,0
718,118273,94460,20,1,1,2,142,7,0,1,47,0,0,0,0,1,8.6,3.5,10.0,4.71,8.2,0
361,234317,49112,20,3,2,2,508,5,2,1,36,1,0,0,0,0,9.8,5.0,10.0,6.54,7.0,0
444,78645,56048,20,9,2,3,399,8,1,1,46,1,0,0,0,1,10.0,4.0,10.0,5.995,8.8,0
515,130218,59911,15,3,4,3,179,5,2,1,0,1,0,1,0,0,7.8,7.0,6.0,4.895,7.0,0
302,79055,80446,15,2,2,1,993,10,2,1,35,0,0,0,0,0,7.2,6.0,8.25,8.965,10.0,0
459,139815,6778,21,4,2,1,551,6,2,1,41,1,0,0,0,0,10.0,6.0,10.0,6.755,7.6,0
419,160070,50752,10,5,2,3,169,11,2,1,37,1,0,0,0,0,7.0,4.0,10.0,4.845,10.0,0
388,179978,89977,1,7,2,3,958,4,2,1,1,1,1,0,0,0,4.6000000000000005,4.0,3.35,8.79,6.4,0
628,121026,75726,16,7,3,3,668,7,0,1,9,1,0,0,0,0,10.0,5.5,7.55,7.34,8.2,0
656,90192,85840,14,9,3,2,828,1,2,1,22,0,0,0,0,0,10.0,6.5,6.1,8.14,4.6,0
566,201549,32289,17,8,3,3,758,1,1,1,8,1,0,0,0,0,10.0,5.5,7.6000000000000005,7.79,4.6,0
622,187973,49788,9,2,3,3,421,10,0,1,10,1,0,0,0,0,4.8,5.5,6.3,6.105,10.0,0
840,242343,9747,5,8,4,3,696,7,2,1,35,1,0,0,1,0,6.8,7.0,9.25,7.48,4.2,0
494,72021,79822,20,8,2,2,593,5,2,1,41,0,0,0,0,0,10.0,5.0,10.0,6.965,7.0,0
631,49092,5045,15,5,5,2,393,1,1,1,37,1,0,0,0,0,9.0,9.5,10.0,5.965,4.6,0
469,152314,12758,4,3,2,2,884,5,2,1,34,1,0,1,0,0,3.4,5.0,8.899999999999999,8.42,7.0,0
820,126843,28437,11,9,3,2,648,12,1,1,12,1,0,0,0,0,9.8,6.5,7.0,7.24,10.0,0
762,152903,24585,5,7,2,2,906,10,2,1,18,1,0,0,0,0,6.2,5.0,6.699999999999999,8.530000000000001,10.0,0
339,70721,14854,13,1,3,3,717,7,2,1,34,0,0,0,0,0,5.8,5.5,7.699999999999999,7.585,8.2,0
836,48511,57076,22,8,2,2,194,5,2,1,29,1,0,0,0,0,10.0,5.0,10.0,4.97,7.0,0
560,92782,61950,15,5,3,3,671,8,0,0,17,0,0,0,0,0,9.0,5.5,5.55,3.355,8.8,0
694,117003,22349,24,6,4,1,223,5,1,1,11,1,0,1,0,0,10.0,9.0,9.450000000000001,5.115,7.0,0
525,169374,26348,6,9,3,2,103,13,0,1,11,1,0,0,0,0,7.8,6.5,5.85,4.515,10.0,0
423,75568,39296,1,8,3,3,579,2,0,0,20,1,0,0,0,0,5.2,5.5,6.2,2.895,5.2,0
337,154304,24455,5,3,1,2,228,8,2,1,11,0,0,0,0,0,3.8,3.5,2.65,5.14,8.8,0
627,122062,83824,8,5,2,2,228,9,2,1,27,0,0,0,0,0,6.2,5.0,5.65,5.14,9.399999999999999,0
550,124301,59021,6,4,5,2,22,14,2,1,28,1,0,0,0,0,4.800000000000001,9.5,8.4,4.11,10.0,0
475,71507,76923,1,1,3,3,432,4,2,1,38,1,0,0,0,0,1.0,5.5,8.9,6.16,6.4,0
753,144277,44293,18,5,2,3,804,5,2,1,40,0,0,0,0,0,10.0,4.0,9.6,8.02,7.0,0
336,149999,93552,7,7,2,3,432,3,0,1,43,1,0,0,0,0,7.0,4.0,10.0,6.16,5.8,0
615,227580,51116,10,1,1,3,495,2,1,1,3,1,0,0,0,0,4.6,2.5,5.45,6.475,5.2,0
413,120128,45484,24,4,2,1,386,9,1,1,30,0,0,0,0,0,10.0,6.0,9.3,5.93,9.399999999999999,0
339,30683,35215,3,6,2,3,977,13,2,1,23,1,0,0,1,0,4.8,4.0,7.05,8.885,7.8,0
600,43664,86638,15,9,2,3,661,4,2,1,41,1,0,0,0,0,10.0,4.0,10.0,7.305,6.4,0
523,122364,8404,24,8,1,3,417,11,2,1,48,1,0,0,0,0,10.0,2.5,10.0,6.085,10.0,0
617,184244,42260,17,2,2,3,795,2,1,1,17,1,0,0,0,0,8.0,4.0,8.95,7.975,5.2,0
648,234713,70642,12,3,2,3,128,12,2,1,41,1,1,0,0,0,6.6000000000000005,4.0,10.0,4.64,10.0,0
414,84340,85731,4,5,2,2,280,1,2,0,25,1,0,0,0,0,4.6,5.0,7.55,1.4,4.6,0
622,107236,51009,1,7,2,3,965,14,1,1,43,1,0,0,0,0,4.6000000000000005,4.0,9.65,8.825,10.0,0
339,31017,97689,10,3,4,3,921,5,2,1,19,1,0,0,0,0,5.8,7.0,7.85,8.605,7.0,0
339,56613,34605,0,7,2,3,106,13,1,1,7,1,0,0,0,0,4.2,4.0,4.05,4.53,10.0,0
588,237202,58205,12,5,4,3,851,7,2,1,32,1,0,0,0,0,7.800000000000001,7.0,10.0,8.254999999999999,8.2,0
561,227992,42569,4,6,4,3,56,13,2,1,3,1,0,0,0,0,5.199999999999999,7.0,4.25,4.28,10.0,0
515,50348,10580,17,6,1,3,673,2,1,0,37,1,0,0,0,0,10.0,2.5,10.0,3.365,5.2,0
446,167520,10400,13,4,1,2,182,5,2,1,21,1,0,0,0,1,7.6,3.5,8.75,4.91,7.0,0
635,29491,44643,12,8,2,2,796,10,0,1,35,1,0,0,0,0,9.600000000000001,5.0,10.0,7.98,10.0,0
467,229720,91173,6,9,2,3,356,13,2,1,47,1,0,0,0,0,7.8,4.0,10.0,5.78,10.0,0
391,141070,44015,7,2,2,3,246,8,2,1,30,1,0,1,0,0,4.0,4.0,8.9,5.23,8.8,0
652,247629,76713,17,9,2,3,946,14,2,1,7,1,0,0,0,0,10.0,4.0,7.45,8.73,10.0,0
662,78759,77805,6,4,3,3,552,13,1,1,8,1,0,0,0,0,4.800000000000001,5.5,5.4,6.76,10.0,0
644,195625,19974,19,6,1,3,222,0,2,1,46,1,0,0,0,0,10.0,2.5,10.0,5.11,4.0,0
469,152040,19037,16,7,5,2,281,2,2,1,17,1,0,0,0,0,10.0,9.5,8.75,5.405,5.2,0
655,20368,89292,15,4,2,2,416,12,1,1,34,1,0,0,0,0,8.4,5.0,10.0,6.08,10.0,0
490,225032,21167,10,8,4,3,87,1,0,1,23,1,0,0,0,0,8.8,7.0,8.45,4.435,4.6,0
721,55010,93754,18,8,1,2,800,11,2,1,16,1,0,0,0,0,10.0,3.5,9.0,8.0,10.0,0
306,205226,95703,0,1,2,3,562,7,2,1,0,0,0,0,0,0,1.0,4.0,1.0,6.8100000000000005,8.2,0
432,55851,48148,20,8,2,3,155,8,2,1,38,1,0,0,0,0,10.0,4.0,10.0,4.775,8.8,0
330,142761,77153,7,3,5,2,941,9,2,1,41,1,0,0,0,0,4.6,9.5,10.0,8.705,9.399999999999999,0
834,176568,26534,0,5,1,3,21,5,2,1,14,1,0,0,0,0,3.0,2.5,5.1,4.105,7.0,0
725,147152,95995,8,8,3,2,769,2,2,1,12,0,0,0,0,0,8.0,6.5,3.4,7.845000000000001,5.2,0
693,182008,91078,18,6,4,2,238,9,1,1,22,1,0,0,0,0,10.0,8.0,9.9,5.1899999999999995,9.399999999999999,0
662,98858,61879,20,4,3,2,852,7,2,1,28,1,0,0,0,0,10.0,6.5,10.0,8.26,8.2,0
736,87005,70839,8,4,2,3,974,9,2,1,30,1,0,0,0,0,5.6,4.0,9.1,8.870000000000001,9.399999999999999,0
381,57493,34756,20,4,5,2,700,14,2,0,36,1,0,0,0,0,10.0,9.5,10.0,3.5,10.0,0
655,220867,17683,24,6,4,2,350,6,2,1,27,0,0,0,0,0,10.0,8.0,8.850000000000001,5.75,7.6,0
557,187462,54485,9,7,2,2,681,13,2,1,31,0,0,0,0,0,7.800000000000001,5.0,6.449999999999999,7.404999999999999,10.0,0
823,30292,16025,23,5,2,2,742,1,2,1,6,0,0,0,1,0,10.0,5.0,5.5,7.71,1.0,0
594,112377,91426,22,8,5,3,848,10,2,1,13,1,0,0,0,0,10.0,8.5,9.350000000000001,8.24,10.0,0
523,179437,23715,10,7,5,1,173,6,2,0,13,1,0,0,0,0,8.2,10.0,6.95,1.0,7.6,0
824,168279,75097,0,8,2,3,689,0,1,0,31,1,0,0,0,0,4.8,4.0,7.6499999999999995,3.445,4.0,0
345,121735,97943,19,4,3,2,391,7,2,1,8,0,0,0,0,0,10.0,6.5,5.0,5.955,8.2,0
412,42912,92116,24,8,2,3,740,11,2,1,5,1,0,0,1,0,10.0,4.0,8.55,7.7,6.6,0
532,100771,80705,7,6,2,1,591,4,1,1,14,1,0,0,0,0,6.4,6.0,6.5,6.955,6.4,0
316,207644,22116,19,3,1,3,431,8,2,1,29,1,0,0,0,0,9.4,2.5,10.0,6.154999999999999,8.8,0
659,127293,41744,11,8,2,2,447,11,1,1,29,0,0,0,0,0,9.2,5.0,6.55,6.234999999999999,10.0,0
522,119083,92579,0,7,3,3,781,10,2,1,15,1,0,0,0,0,4.2,5.5,5.25,7.904999999999999,10.0,0
747,133655,7124,9,5,2,3,951,11,2,1,22,1,0,0,0,0,6.6,4.0,8.1,8.754999999999999,10.0,0
664,170348,43051,3,4,2,3,72,2,2,0,30,0,0,0,0,0,3.6,4.0,5.1,1.0,5.2,0
625,117459,12176,14,1,2,3,979,11,2,1,11,1,0,0,0,0,6.2,4.0,7.45,8.895,10.0,0
766,156606,96310,18,3,2,1,255,6,2,1,20,1,0,0,0,0,9.0,6.0,9.6,5.275,7.6,0
713,243077,69818,5,2,5,3,59,7,2,1,2,1,0,0,1,0,3.2,8.5,4.3,4.295,4.2,0
754,186742,23676,4,8,4,2,807,0,2,1,2,1,0,0,0,0,6.4,8.0,4.1,8.035,4.0,0
532,213219,50177,4,8,2,3,243,13,0,1,37,1,0,0,0,0,6.4,4.0,9.35,5.215,10.0,0
523,249171,95296,17,5,4,3,978,5,1,1,21,1,0,0,0,0,9.8,7.0,9.55,8.89,7.0,0
711,131695,5997,2,5,2,3,537,13,2,1,20,1,0,0,0,0,3.8,4.0,6.4,6.6850000000000005,10.0,0
634,187558,64330,21,4,3,1,957,10,2,1,43,1,0,0,1,0,10.0,7.5,10.0,8.785,6.0,0
521,216629,48769,1,1,5,2,525,1,1,0,15,1,0,0,0,0,1.0,9.5,5.45,2.625,4.6,0
336,54268,83653,3,1,2,2,291,7,0,1,17,0,0,0,0,0,1.8000000000000003,5.0,3.15,5.455,8.2,0
577,127338,16231,17,6,3,1,678,5,1,1,3,1,0,0,0,0,10.0,7.5,6.8500000000000005,7.390000000000001,7.0,0
495,232407,77976,8,4,2,1,229,10,1,1,19,1,0,0,1,0,5.6,6.0,7.45,5.145,6.0,0
783,46336,90447,18,4,2,2,916,14,2,1,44,0,0,0,0,0,9.6,5.0,10.0,8.58,10.0,0
541,23641,60965,9,3,2,3,357,10,0,1,12,1,0,0,0,0,5.4,4.0,6.6,5.785,10.0,0
623,107132,86144,21,9,5,3,373,11,1,1,30,1,0,0,0,0,10.0,8.5,10.0,5.865,10.0,0
491,52959,66517,14,3,2,3,929,2,2,1,1,1,0,1,0,0,7.4,4.0,5.95,8.645,5.2,0
316,164378,97693,0,8,4,2,572,3,1,1,29,0,0,0,0,0,4.8,8.0,4.35,6.859999999999999,5.8,0
823,197254,99315,10,2,4,3,51,6,2,0,30,1,0,0,0,0,5.2,7.0,9.5,1.0,7.6,0
700,94123,32387,13,4,2,3,432,8,1,1,27,1,0,0,0,0,7.6,4.0,9.65,6.16,8.8,0
321,207398,9090,9,1,2,3,144,10,2,1,8,1,0,0,0,0,4.2,4.0,6.0,4.72,10.0,0
773,247967,29945,18,5,3,1,795,9,0,1,10,1,0,0,0,0,10.0,7.5,8.1,7.975,9.399999999999999,0
419,41498,45239,23,2,2,2,268,1,1,1,34,1,0,0,0,0,10.0,5.0,10.0,5.34,4.6,0
509,90198,8743,20,1,1,3,200,8,2,1,48,1,0,0,0,0,8.6,2.5,10.0,5.0,8.8,0
605,47197,35924,15,1,5,2,265,14,2,0,43,0,0,1,0,0,6.6,9.5,9.45,1.325,10.0,0
569,171791,15196,7,2,3,3,757,5,2,1,36,1,1,0,0,0,4.0,5.5,9.8,7.785,7.0,0
584,241273,96815,1,5,2,1,503,1,0,1,45,1,0,0,0,0,3.4,6.0,9.95,6.515000000000001,4.6,0
526,128775,73860,22,9,3,1,797,7,2,1,16,1,0,0,0,0,10.0,7.5,9.8,7.984999999999999,8.2,0
680,45032,46400,24,6,1,3,875,3,0,1,25,1,0,0,0,0,10.0,2.5,10.0,8.375,5.8,0
759,79624,90177,6,4,2,2,999,10,2,1,3,1,0,0,0,0,4.800000000000001,5.0,4.65,8.995000000000001,10.0,0
306,98177,98018,18,3,4,2,82,12,1,1,32,1,0,1,0,0,9.0,8.0,10.0,4.41,10.0,0
328,61964,85399,6,8,4,2,83,14,2,1,16,1,1,0,0,0,7.2,8.0,6.6,4.415,10.0,0
332,181100,53795,14,3,2,3,644,7,0,1,41,1,0,0,0,0,7.4,4.0,10.0,7.220000000000001,8.2,0
378,131030,56553,7,1,2,1,591,10,2,1,7,1,0,0,0,0,3.4000000000000004,6.0,5.45,6.955,10.0,0
758,74646,29111,13,4,3,3,410,6,2,1,25,1,0,0,0,0,7.6,5.5,9.35,6.05,7.6,0
837,101187,68083,0,5,2,2,88,6,2,1,42,1,0,0,0,0,3.0,5.0,9.3,4.44,7.6,0
781,159608,66600,12,5,1,3,257,10,0,1,19,1,0,0,0,0,7.800000000000001,2.5,8.25,5.285,10.0,0
729,137399,55022,2,5,2,3,196,12,2,1,41,1,0,0,0,0,3.8,4.0,9.55,4.98,10.0,0
584,76747,8199,20,8,3,2,959,13,2,1,37,1,0,0,0,0,10.0,6.5,10.0,8.795,10.0,0
815,65712,55897,5,8,1,1,662,6,2,1,42,1,0,0,1,0,6.8,4.5,10.0,7.3100000000000005,3.5999999999999996,0
398,157345,43038,18,4,1,1,819,1,2,0,47,1,0,0,0,0,9.6,4.5,10.0,4.095,4.6,0
696,91820,60038,14,9,2,3,565,7,2,1,41,1,0,0,0,0,10.0,4.0,10.0,6.825,8.2,0
788,145342,12897,3,1,2,1,768,1,1,1,32,1,0,0,0,0,1.8000000000000003,6.0,8.4,7.84,4.6,0
338,111228,69541,20,5,2,2,479,2,2,1,39,1,0,0,0,0,10.0,5.0,10.0,6.395,5.2,0
570,94353,19892,2,5,2,2,857,9,1,1,16,1,0,0,0,0,3.8,5.0,5.8,8.285,9.399999999999999,0
456,245563,13271,3,5,2,2,747,6,2,1,8,1,0,0,0,0,4.2,5.0,4.8,7.734999999999999,7.6,0
374,112091,29815,4,8,4,1,588,6,2,1,19,1,0,0,0,0,6.4,9.0,6.65,6.9399999999999995,7.6,0
429,105914,50612,17,9,1,3,465,11,2,1,7,1,0,0,0,0,10.0,2.5,7.45,6.325,10.0,0
383,201902,38357,24,3,2,3,285,6,2,1,40,0,0,0,0,0,10.0,4.0,10.0,5.425,7.6,0
321,126718,80088,9,9,5,2,774,3,1,1,47,1,0,0,0,0,9.0,9.5,10.0,7.87,5.8,0
758,168199,21267,7,8,3,3,824,4,2,1,45,0,0,0,1,0,7.6,5.5,8.15,8.120000000000001,2.4,0
838,234560,23268,11,3,3,3,801,6,2,1,5,1,0,0,0,0,6.2,5.5,5.95,8.004999999999999,7.6,0
681,31539,19263,21,2,2,3,188,7,0,1,8,1,0,0,0,0,9.6,4.0,8.4,4.9399999999999995,8.2,0
739,197833,75935,2,4,1,3,923,2,2,1,10,1,0,0,0,0,3.2,2.5,4.9,8.615,5.2,0
320,66219,64660,17,2,3,3,800,5,2,1,46,1,0,0,0,0,8.0,5.5,10.0,8.0,7.0,0
602,165764,70527,22,4,3,3,138,11,1,1,46,0,0,0,0,0,10.0,5.5,10.0,4.6899999999999995,10.0,0
383,234728,68379,7,5,1,3,388,8,2,1,4,1,0,1,0,0,5.800000000000001,2.5,5.0,5.9399999999999995,8.8,0
752,33334,99542,0,2,2,2,124,9,2,0,7,0,0,0,0,0,1.2,5.0,1.05,1.0,9.399999999999999,0
686,179687,46271,13,8,4,2,331,13,2,1,34,1,0,0,0,0,10.0,8.0,10.0,5.655,10.0,0
806,27903,71612,21,1,2,2,398,10,2,1,24,1,0,0,1,0,9.0,5.0,10.0,5.99,6.0,0
556,179599,12235,22,3,2,3,795,11,1,0,35,0,0,0,0,0,10.0,4.0,9.65,3.975,10.0,0
826,166701,93757,12,7,2,2,473,4,2,1,38,1,0,0,0,0,9.0,5.0,10.0,6.365,6.4,0
461,78008,21417,24,1,3,3,211,3,2,1,48,1,1,0,0,0,10.0,5.5,10.0,5.055,5.8,0
462,234348,39609,11,2,3,2,638,8,1,1,43,1,0,0,0,0,5.6000000000000005,6.5,10.0,7.1899999999999995,8.8,0
823,119318,38902,2,3,3,3,998,3,2,1,5,1,0,0,0,0,2.5999999999999996,5.5,4.15,8.99,5.8,0
570,177780,28645,17,2,2,1,556,2,0,1,23,0,0,0,0,0,8.0,6.0,6.85,6.779999999999999,5.2,0
791,161932,67873,20,2,1,3,418,12,1,1,20,1,0,0,0,0,9.2,2.5,10.0,6.09,10.0,0
507,168510,92218,12,6,2,3,627,6,2,0,35,1,0,0,0,0,8.4,4.0,10.0,3.135,7.6,0
838,87300,69558,14,7,3,2,770,4,1,1,17,1,0,0,1,0,9.8,6.5,8.35,7.85,2.4,0
359,149263,67233,9,6,3,2,161,0,2,0,47,0,0,0,0,0,7.199999999999999,6.5,8.85,1.0,4.0,0
729,222617,28401,0,6,5,3,662,7,2,1,0,1,0,0,0,0,3.5999999999999996,8.5,3.0,7.3100000000000005,8.2,0
608,40842,12771,5,9,2,2,414,10,1,1,28,0,0,0,0,0,7.3999999999999995,5.0,5.2,6.07,10.0,0
819,211285,46335,8,8,3,3,500,0,1,1,16,1,0,0,0,0,8.0,5.5,7.0,6.5,4.0,0
326,62372,79451,9,8,2,3,816,8,1,1,4,1,0,0,0,0,8.4,4.0,5.4,8.08,8.8,0
498,134316,84434,14,6,1,3,171,0,1,1,49,1,0,0,0,0,9.2,2.5,10.0,4.855,4.0,0
686,118971,72449,8,5,2,3,156,3,1,1,5,1,0,0,0,1,6.2,4.0,5.35,4.78,5.8,0
648,219978,97604,22,9,2,3,421,9,2,1,44,0,0,0,0,0,10.0,4.0,10.0,6.105,9.399999999999999,0
835,58744,6942,13,2,5,3,265,3,2,1,7,1,0,0,0,0,6.4,8.5,6.65,5.325,5.8,0
677,136082,25388,10,7,2,3,612,10,0,0,24,1,0,0,0,0,8.2,4.0,8.6,3.06,10.0,0
826,77442,88251,6,6,5,2,379,13,2,1,18,1,0,0,0,0,6.0,9.5,6.9,5.895,10.0,0
452,149070,62042,23,7,2,2,739,8,0,1,47,1,0,0,0,0,10.0,5.0,10.0,7.695,8.8,0
505,105990,58740,1,4,2,2,660,0,2,1,49,1,0,0,0,0,2.8,5.0,10.0,7.3,4.0,0
754,141670,70873,13,9,1,3,698,9,1,0,38,0,0,0,0,0,10.0,2.5,8.3,3.49,9.399999999999999,0
572,126917,52024,5,7,1,2,300,12,0,1,8,1,0,0,0,0,6.2,3.5,5.2,5.5,10.0,0
535,23650,28450,4,2,2,3,349,8,2,0,27,0,0,0,0,0,2.8,4.0,4.85,1.745,8.8,0
820,65117,61965,4,4,1,2,85,3,2,1,30,1,0,0,0,0,4.0,3.5,8.3,4.425,5.8,0
800,111244,15057,18,5,2,3,578,6,2,1,0,1,0,0,0,0,10.0,4.0,6.6,6.890000000000001,7.6,0
416,203844,98249,18,2,5,2,549,8,2,1,40,0,0,0,0,0,8.4,9.5,9.6,6.745,8.8,0
685,23190,13983,5,8,3,2,843,10,0,1,9,0,1,0,0,0,6.8,6.5,2.3499999999999996,8.215,10.0,0
643,68113,24995,9,1,3,1,514,6,2,1,49,1,0,0,0,0,4.2,7.5,10.0,6.57,7.6,0
694,159861,96628,22,3,1,2,330,1,2,1,21,1,0,0,0,0,10.0,3.5,10.0,5.65,4.6,0
363,52125,82681,13,1,2,2,978,5,0,1,0,1,0,0,0,0,5.8,5.0,5.6,8.89,7.0,0
371,249767,43886,16,5,2,3,671,12,1,1,12,1,0,0,0,0,9.4,4.0,8.0,7.355,10.0,0
573,150000,94025,2,8,4,2,316,5,2,1,13,1,0,0,0,1,5.6,8.0,5.35,5.58,7.0,0
619,168531,99020,0,7,1,3,356,2,2,1,22,0,0,0,0,0,4.2,2.5,3.3,5.78,5.2,0
637,186490,7673,9,9,2,2,402,3,2,0,38,0,0,0,0,0,9.0,5.0,7.5,2.01,5.8,0
665,131904,39890,2,2,2,1,208,5,2,1,27,1,0,0,0,0,2.0,6.0,7.45,5.04,7.0,0
794,198157,82513,4,8,2,3,685,10,2,1,28,1,0,0,0,0,6.4,4.0,8.0,7.425,10.0,0
465,38768,28466,24,8,3,1,191,5,1,1,39,0,0,0,0,0,10.0,7.5,10.0,4.955,7.0,0
843,201033,97545,18,6,2,3,249,0,2,1,32,1,0,0,0,0,10.0,4.0,10.0,5.245,4.0,0
310,101099,55406,9,3,2,3,943,9,2,1,1,1,0,0,0,0,5.4,4.0,4.95,8.715,9.399999999999999,0
600,178957,8688,24,2,3,2,763,7,2,1,42,1,0,0,0,0,10.0,6.5,10.0,7.8149999999999995,8.2,0
401,107421,74284,15,8,2,3,75,8,1,1,32,1,0,0,0,0,10.0,4.0,10.0,4.375,8.8,0
724,212154,18665,0,6,2,1,180,1,2,1,23,1,0,0,0,0,3.5999999999999996,6.0,6.449999999999999,4.9,4.6,0
691,26895,25641,5,4,1,3,654,3,2,1,11,1,0,0,0,0,4.4,2.5,5.65,7.27,5.8,0
513,201383,37500,8,5,3,3,602,10,2,1,39,1,0,1,0,0,6.2,5.5,10.0,7.01,10.0,0
387,240566,40797,4,5,5,3,174,5,1,1,27,1,0,0,0,0,4.6,8.5,7.85,4.87,7.0,0
700,218139,89766,13,9,3,2,963,1,2,1,34,0,0,0,0,0,10.0,6.5,7.699999999999999,8.815000000000001,4.6,0
345,91017,50950,9,9,4,2,72,10,2,1,9,1,0,0,0,0,9.0,8.0,6.15,4.36,10.0,0
762,43932,30046,1,8,2,3,364,6,2,1,46,1,0,0,0,0,5.2,4.0,10.0,5.82,7.6,0
609,41360,14638,4,8,2,3,60,5,2,1,43,0,0,0,0,0,6.4,4.0,7.25,4.3,7.0,0
385,74847,91363,0,2,1,3,593,7,2,1,33,1,0,0,0,0,1.2,2.5,7.95,6.965,8.2,0
391,110365,26173,24,3,3,2,52,14,1,1,4,1,0,0,0,0,10.0,6.5,8.4,4.26,10.0,0
541,105468,18222,9,8,2,3,844,6,2,1,40,1,0,0,0,0,8.4,4.0,10.0,8.219999999999999,7.6,0
301,58931,55064,24,5,3,3,972,9,1,1,17,1,0,0,0,0,10.0,5.5,10.0,8.86,9.399999999999999,0
524,75823,42010,21,7,3,2,330,0,2,1,5,1,0,0,0,0,10.0,6.5,7.95,5.65,4.0,0
415,58032,23095,8,8,5,3,327,9,1,0,10,0,0,0,1,0,8.0,8.5,3.1,1.635,5.3999999999999995,0
402,232498,6439,2,6,2,2,225,9,2,1,45,1,0,0,0,0,4.3999999999999995,5.0,10.0,5.125,9.399999999999999,0
493,38807,90550,14,5,2,2,200,4,2,1,0,1,0,0,0,0,8.600000000000001,5.0,5.800000000000001,5.0,6.4,0
465,162839,10375,3,8,2,2,679,5,2,1,22,1,0,0,0,0,6.0,5.0,6.9,7.395,7.0,0
389,159143,94023,12,1,2,3,499,13,2,1,3,1,0,0,0,1,5.4,4.0,5.8500000000000005,6.495,10.0,0
421,73413,96238,5,1,4,3,99,6,2,0,6,1,0,0,0,0,2.6,7.0,4.9,1.0,7.6,0
442,177221,25600,19,1,1,3,431,3,2,0,40,1,0,0,0,0,8.200000000000001,2.5,10.0,2.155,5.8,0
405,35540,7466,16,3,5,1,500,13,1,0,48,1,0,0,0,0,8.2,10.0,10.0,2.5,10.0,0
727,90248,50097,22,6,5,2,625,8,1,1,16,1,0,0,0,0,10.0,9.5,9.8,7.125,8.8,0
604,242809,58276,4,6,2,3,572,0,1,1,10,1,0,1,0,0,5.199999999999999,4.0,5.3,6.859999999999999,4.0,0
616,130494,55117,14,5,2,3,263,2,1,1,26,0,0,0,0,0,8.600000000000001,4.0,6.7,5.3149999999999995,5.2,0
308,105435,51971,7,7,2,3,116,9,2,1,11,0,0,0,0,0,7.0,4.0,3.05,4.58,9.399999999999999,0
372,39787,11928,24,5,2,1,303,1,1,1,46,1,0,0,0,0,10.0,6.0,10.0,5.515,4.6,0
658,40982,93016,4,2,1,3,520,13,2,1,33,1,0,0,0,0,2.8,2.5,8.75,6.6,10.0,0
522,42606,60309,23,4,2,3,245,1,1,1,7,1,0,0,0,0,10.0,4.0,8.65,5.225,4.6,0
715,161222,79647,12,1,1,3,507,0,2,1,22,1,0,1,0,0,5.4,2.5,8.7,6.535,4.0,0
669,237001,45888,0,7,3,3,844,12,1,1,25,1,0,0,0,0,4.2,5.5,6.75,8.219999999999999,10.0,0
563,132223,48832,0,4,2,3,854,2,2,1,33,1,0,0,0,0,2.4,4.0,7.95,8.27,5.2,0
617,66936,14404,6,4,1,3,365,9,2,1,31,1,0,0,0,0,4.800000000000001,2.5,8.85,5.825,9.399999999999999,0
383,113286,38639,21,4,2,3,626,4,2,1,5,0,0,1,0,0,10.0,4.0,4.95,7.13,6.4,0
617,159665,83118,4,3,5,3,776,5,1,1,0,1,0,0,0,0,3.4,8.5,3.8,7.88,7.0,0
410,168430,65598,13,8,3,2,313,7,2,1,49,1,0,1,0,0,10.0,6.5,10.0,5.5649999999999995,8.2,0
550,233215,71399,14,4,2,3,917,3,2,1,3,0,0,0,0,0,8.0,4.0,3.25,8.585,5.8,0
682,57381,32684,20,8,3,3,541,0,1,1,24,1,0,0,0,0,10.0,5.5,10.0,6.705,4.0,0
306,141465,73591,24,9,3,2,880,11,0,1,7,0,0,0,0,0,10.0,6.5,5.8500000000000005,8.4,10.0,0
758,241419,82722,16,1,4,3,501,8,2,1,39,1,0,0,0,0,7.0,7.0,10.0,6.505,8.8,0
383,48074,7682,23,4,2,3,593,2,1,1,45,0,0,0,0,0,10.0,4.0,10.0,6.965,5.2,0
507,171667,43046,17,6,4,2,126,7,2,1,19,1,0,0,0,0,10.0,8.0,9.25,4.63,8.2,0
689,64194,26832,6,8,2,3,376,13,1,1,13,1,0,0,0,0,7.2,4.0,6.15,5.88,10.0,0
613,200449,21997,21,6,4,2,651,3,2,1,32,1,0,0,0,0,10.0,8.0,10.0,7.255,5.8,0
321,46853,39640,17,6,2,3,468,10,2,1,2,1,0,0,0,0,10.0,4.0,6.7,6.34,10.0,0
709,93719,81882,18,4,4,2,129,14,2,1,14,1,0,0,0,0,9.6,8.0,8.7,4.645,10.0,0
814,171733,45491,19,9,5,3,222,14,1,1,26,1,0,0,0,0,10.0,8.5,10.0,5.11,10.0,0
426,201565,68043,6,7,1,3,750,2,2,1,18,0,0,0,0,0,6.6000000000000005,2.5,3.9,7.75,5.2,0
313,138724,77725,7,6,5,3,192,2,2,0,0,1,1,0,1,0,6.4,8.5,4.4,1.0,1.2,0
311,187567,50520,12,1,1,3,655,3,2,1,34,1,0,0,0,0,5.4,2.5,10.0,7.275,5.8,0
386,33703,67919,17,2,2,1,348,3,2,0,32,1,0,0,0,0,8.0,6.0,10.0,1.74,5.8,0
823,204152,69442,23,6,2,3,487,11,2,1,16,1,0,0,0,0,10.0,4.0,10.0,6.4350000000000005,10.0,0
836,181887,26770,10,1,5,1,503,14,2,1,12,1,0,0,0,0,4.6,10.0,6.8,6.515000000000001,10.0,0
600,180637,52498,8,5,2,3,240,6,2,1,47,1,0,0,0,0,6.2,4.0,10.0,5.2,7.6,0
542,214393,66477,22,1,2,3,905,1,1,1,11,1,0,0,0,0,9.4,4.0,9.05,8.525,4.6,0
421,137491,5244,0,3,3,3,373,7,1,1,38,1,0,0,0,0,1.7999999999999998,5.5,8.7,5.865,8.2,0
446,78453,37788,21,7,5,3,455,10,2,1,25,0,0,1,0,0,10.0,8.5,7.95,6.275,10.0,0
655,108478,84453,7,5,3,1,954,13,1,1,26,1,0,0,0,0,5.800000000000001,7.5,8.3,8.77,10.0,0
608,53161,62737,20,1,2,1,493,1,2,1,23,1,0,0,0,0,8.6,6.0,10.0,6.465,4.6,0
587,207063,51489,11,1,2,3,861,0,2,1,16,1,0,0,0,0,5.0,4.0,7.6,8.305,4.0,0
606,134296,76303,1,8,1,3,959,7,0,1,10,1,0,0,0,0,5.2,2.5,4.7,8.795,8.2,0
848,160788,33390,14,9,3,2,255,14,1,1,21,1,0,0,0,0,10.0,6.5,8.95,5.275,10.0,0
651,53349,15247,20,7,1,1,915,3,2,1,7,1,0,0,0,0,10.0,4.5,8.05,8.575,5.8,0
611,67098,74051,23,3,2,3,929,5,2,1,41,1,0,0,0,0,10.0,4.0,10.0,8.645,7.0,0
358,128435,64719,17,6,4,1,773,12,1,1,47,1,0,0,0,0,10.0,9.0,10.0,7.865,10.0,0
334,151204,39678,16,3,2,3,234,0,1,1,31,1,0,0,0,0,8.2,4.0,10.0,5.17,4.0,0
744,71990,92802,14,4,2,3,166,2,2,1,28,0,0,0,0,0,8.0,4.0,7.0,4.83,5.2,0
392,88921,81286,19,4,2,3,640,6,0,0,41,1,0,0,0,0,10.0,4.0,10.0,3.2,7.6,0
506,187610,34583,19,3,1,1,615,6,2,1,31,1,0,0,0,0,9.4,4.5,10.0,7.075,7.6,0
652,120572,13076,8,6,2,1,749,10,2,1,39,1,0,0,0,0,6.8,6.0,10.0,7.745,10.0,0
631,27213,23006,2,5,2,3,374,7,0,1,4,1,0,0,0,0,3.8,4.0,4.0,5.87,8.2,0
458,144693,20051,19,9,4,3,911,13,0,1,48,1,0,0,0,0,10.0,7.0,10.0,8.555,10.0,0
323,195295,9314,18,9,2,2,195,1,1,1,12,1,0,1,0,0,10.0,5.0,8.4,4.975,4.6,0
703,111655,33670,17,3,2,2,504,6,1,1,24,1,0,0,0,0,8.600000000000001,5.0,10.0,6.52,7.6,0
815,88371,72551,19,9,3,1,855,3,2,1,41,1,0,0,0,0,10.0,7.5,10.0,8.275,5.8,0
663,88274,15236,7,3,3,3,194,14,2,0,9,1,1,0,0,0,4.6,5.5,5.75,1.0,10.0,0
681,127853,40568,0,4,3,3,396,5,2,1,25,1,0,1,0,0,2.4,5.5,6.75,5.98,7.0,0
831,24134,65314,23,1,5,1,289,3,2,1,25,1,0,1,0,0,9.8,10.0,10.0,5.445,5.8,0
451,111428,96903,23,5,3,2,924,14,1,1,20,1,0,0,0,0,10.0,6.5,10.0,8.620000000000001,10.0,0
719,59601,21352,14,9,2,3,751,8,1,1,22,0,0,1,0,0,10.0,4.0,6.1,7.755,8.8,0
549,93889,50650,18,2,3,2,491,13,1,1,43,0,0,0,0,0,8.4,6.5,10.0,6.455,10.0,0
416,35690,15346,9,4,2,3,274,0,2,1,11,1,0,0,0,0,6.0,4.0,6.45,5.37,4.0,0
811,21909,30156,11,2,2,3,679,0,2,1,38,1,0,0,0,0,5.6000000000000005,4.0,10.0,7.395,4.0,0
634,111239,60904,5,8,2,3,361,4,1,1,42,1,0,0,0,0,6.8,4.0,10.0,5.805,6.4,0
717,100032,19035,12,9,2,3,598,4,2,1,24,1,0,0,0,0,10.0,4.0,9.0,6.99,6.4,0
594,32062,21108,3,3,1,3,91,10,2,1,11,1,0,0,0,0,3.0,2.5,5.25,4.455,10.0,0
670,95386,7853,12,9,1,3,949,7,2,1,35,1,0,0,0,0,10.0,2.5,10.0,8.745000000000001,8.2,0
485,244309,89156,16,6,1,2,190,6,2,1,31,1,0,0,0,0,10.0,3.5,10.0,4.95,7.6,0
545,185803,9176,0,6,4,2,351,10,1,1,17,1,0,0,0,0,3.5999999999999996,8.0,5.55,5.755,10.0,0
567,156225,30920,4,7,4,3,205,2,0,1,41,1,0,0,0,0,5.800000000000001,7.0,9.95,5.025,5.2,0
536,161553,59850,23,5,2,2,69,7,1,1,19,1,0,0,0,0,10.0,5.0,10.0,4.345,8.2,0
829,119270,11829,16,6,3,3,160,13,1,1,1,1,0,0,0,0,10.0,5.5,6.35,4.8,10.0,0
320,86425,95666,17,1,1,1,70,3,2,1,32,1,0,0,0,0,7.4,4.5,10.0,4.35,5.8,0
819,214672,78927,6,3,4,3,656,2,2,1,45,1,0,0,0,0,4.2,7.0,10.0,7.279999999999999,5.2,0
399,104981,89860,15,9,2,3,437,1,2,1,16,1,0,0,0,0,10.0,4.0,8.4,6.1850000000000005,4.6,0
777,223069,45667,7,5,1,3,960,8,1,1,35,1,0,0,0,0,5.800000000000001,2.5,9.65,8.8,8.8,0
597,124470,70842,11,5,1,2,340,13,1,1,29,1,0,0,0,0,7.4,3.5,9.55,5.7,10.0,0
825,179277,40843,13,8,2,3,48,11,2,1,8,1,0,0,0,0,10.0,4.0,6.8,4.24,10.0,0
633,108887,55808,18,2,1,2,262,6,2,1,30,1,0,0,0,0,8.4,3.5,10.0,5.3100000000000005,7.6,0
301,101542,35543,10,7,2,2,899,4,2,1,38,1,0,0,0,0,8.2,5.0,10.0,8.495000000000001,6.4,0
674,195221,77780,11,9,1,1,964,8,2,1,20,1,0,0,0,0,9.8,4.5,8.2,8.82,8.8,0
592,69112,11611,12,7,2,3,627,2,2,1,21,1,0,0,0,0,9.0,4.0,8.55,7.135,5.2,0
617,162012,93242,7,5,2,2,242,12,2,1,16,0,0,0,0,0,5.800000000000001,5.0,3.8,5.21,10.0,0
801,79010,89612,0,6,5,3,363,12,2,1,2,1,0,0,0,0,3.5999999999999996,8.5,3.3,5.8149999999999995,10.0,0
680,227866,51902,8,4,2,3,910,12,2,1,31,1,0,0,0,0,5.6,4.0,9.25,8.55,10.0,0
313,44485,38043,1,7,2,3,179,5,2,1,32,1,0,0,0,0,4.6000000000000005,4.0,8.0,4.895,7.0,0
803,109299,10271,13,1,3,3,226,7,1,1,9,1,0,0,0,0,5.8,5.5,6.95,5.13,8.2,0
530,125584,77867,12,4,4,3,357,8,1,1,4,0,0,0,0,0,7.200000000000001,7.0,3.0000000000000004,5.785,8.8,0
383,152139,82089,15,3,2,3,535,3,1,1,3,1,0,0,0,0,7.8,4.0,6.45,6.675,5.8,0
429,40607,63745,1,4,4,3,420,0,1,1,37,1,0,0,0,0,2.8,7.0,8.75,6.1,4.0,0
444,81597,67077,3,1,2,2,537,7,1,1,31,1,0,0,0,0,1.8000000000000003,5.0,8.25,6.6850000000000005,8.2,0
327,94554,64119,11,2,1,1,740,9,2,1,37,1,0,1,0,0,5.6000000000000005,4.5,10.0,7.7,9.399999999999999,0
365,199593,16573,15,9,2,1,907,2,2,1,40,0,0,0,0,0,10.0,6.0,9.0,8.535,5.2,0
462,35187,26409,9,7,3,2,924,5,2,1,19,1,0,0,0,0,7.800000000000001,6.5,7.65,8.620000000000001,7.0,0
528,23985,90970,2,6,2,2,928,3,2,1,8,0,1,0,0,0,4.3999999999999995,5.0,1.6,8.64,5.8,0
560,194124,29464,3,2,3,3,690,5,1,1,14,1,1,0,0,1,2.4000000000000004,5.5,5.7,7.45,7.0,0
748,170635,47840,5,1,2,3,535,11,1,1,7,1,0,0,0,0,2.6,4.0,5.05,6.675,10.0,0
723,198394,53785,22,2,3,2,952,2,2,1,33,1,0,1,0,1,10.0,6.5,10.0,8.76,5.2,0
759,212317,25662,4,7,2,3,252,6,2,1,29,1,0,0,0,0,5.800000000000001,4.0,8.149999999999999,5.26,7.6,0
600,71514,23228,17,2,2,3,840,1,1,1,9,1,0,0,0,0,8.0,4.0,7.75,8.2,4.6,0
602,38608,65721,2,3,2,2,995,4,2,1,13,0,0,0,0,0,2.5999999999999996,5.0,2.35,8.975,6.4,0
586,218334,54223,9,8,3,3,17,2,2,1,33,1,0,0,0,0,8.4,5.5,9.75,4.085,5.2,0
694,243190,12386,10,7,2,3,292,4,0,1,21,1,0,0,0,0,8.2,4.0,8.15,5.46,6.4,0
309,91327,11862,18,9,3,1,632,2,1,0,12,0,0,0,0,0,10.0,7.5,5.4,3.16,5.2,0
569,208297,45108,13,4,3,3,561,8,2,1,28,1,1,0,1,0,7.6,5.5,9.8,6.805,4.8,0
660,225066,96788,20,7,2,1,933,7,2,1,28,0,0,0,0,0,10.0,6.0,8.2,8.665,8.2,0
556,37221,80023,10,1,5,2,589,13,0,1,6,1,0,0,0,0,4.6,9.5,5.9,6.945,10.0,0
432,68506,85140,20,2,3,3,644,1,1,1,43,1,0,0,0,0,9.2,5.5,10.0,7.220000000000001,4.6,0
575,40968,87963,3,7,2,3,838,7,2,1,5,0,0,0,0,0,5.4,4.0,1.35,8.190000000000001,8.2,0
812,147677,32201,23,2,1,3,175,13,1,1,34,1,0,0,0,0,10.0,2.5,10.0,4.875,10.0,0
612,233678,73578,21,6,2,2,212,7,2,1,36,1,0,0,0,0,10.0,5.0,10.0,5.0600000000000005,8.2,0
583,179009,54966,5,9,1,3,649,9,0,0,3,1,0,0,0,0,7.3999999999999995,2.5,4.45,3.245,9.399999999999999,0
420,213507,59774,16,5,2,2,373,2,1,1,13,1,0,0,0,0,9.4,5.0,8.15,5.865,5.2,0
406,200580,15386,21,7,2,3,161,9,1,1,5,1,0,0,0,0,10.0,4.0,7.95,4.805,9.399999999999999,0
503,192903,82228,18,1,3,2,933,4,2,1,16,0,0,0,0,0,7.8,6.5,6.0,8.665,6.4,0
464,194005,20225,12,8,1,3,434,1,2,1,48,0,0,0,0,0,9.600000000000001,2.5,9.6,6.17,4.6,0
604,198379,21693,21,9,3,3,667,9,2,1,23,1,0,1,0,0,10.0,5.5,10.0,7.335,9.399999999999999,0
796,199412,77197,9,5,2,3,570,5,2,1,12,1,0,0,0,0,6.6,4.0,6.6,6.85,7.0,0
455,122951,48021,10,6,2,2,478,1,2,1,11,1,0,0,0,0,7.6,5.0,6.65,6.390000000000001,4.6,0
666,128306,23261,5,8,3,3,419,14,2,1,28,1,0,0,0,0,6.8,5.5,8.2,6.095000000000001,10.0,0
550,237410,32378,1,4,3,3,524,3,1,1,23,1,0,0,1,0,2.8,5.5,6.65,6.62,1.7999999999999998,0
633,63601,91755,0,2,2,3,260,14,2,1,33,1,0,0,0,0,1.2,4.0,7.95,5.3,10.0,0
810,227028,16937,10,8,2,3,86,2,2,1,13,1,0,0,0,0,8.8,4.0,6.95,4.43,5.2,0
592,92178,71330,15,2,2,1,431,0,2,1,26,1,0,0,0,0,7.2,6.0,9.9,6.154999999999999,4.0,0
319,236383,52366,2,5,2,2,741,7,2,1,4,1,0,0,1,0,3.8,5.0,4.0,7.705,4.2,0
581,179826,77322,4,6,2,2,919,7,2,1,39,0,0,0,0,0,5.199999999999999,5.0,6.6499999999999995,8.594999999999999,8.2,0
300,194382,45160,14,5,3,3,394,0,2,1,46,1,0,0,0,0,8.600000000000001,5.5,10.0,5.97,4.0,0
418,89893,50313,14,6,2,3,869,11,2,1,8,1,0,0,0,0,9.2,4.0,7.0,8.344999999999999,10.0,0
334,106799,32032,3,6,1,1,388,5,2,1,15,1,0,0,0,0,4.8,4.5,5.85,5.9399999999999995,7.0,0
497,68367,96963,22,3,2,3,237,11,1,1,12,1,0,0,0,0,10.0,4.0,9.2,5.1850000000000005,10.0,0
784,33201,22358,3,3,2,2,127,0,2,1,14,0,0,0,0,0,3.0,5.0,2.7,4.635,4.0,0
358,153811,66710,7,9,2,2,276,12,2,1,35,1,0,0,0,0,8.2,5.0,9.65,5.38,10.0,0
460,33231,91157,6,3,2,2,244,8,2,1,24,1,0,0,0,0,4.2,5.0,7.8,5.22,8.8,0
505,193567,53821,24,3,2,3,177,0,2,1,15,0,0,0,0,0,10.0,4.0,7.050000000000001,4.885,4.0,0
311,172240,33365,16,2,3,3,781,14,2,1,43,1,0,0,0,0,7.6000000000000005,5.5,10.0,7.904999999999999,10.0,0
789,183696,18189,14,7,1,2,939,2,2,1,43,1,0,0,0,0,9.8,3.5,10.0,8.695,5.2,0
575,161707,81749,4,4,4,3,714,8,0,1,30,0,0,0,0,0,4.0,7.0,5.3,7.57,8.8,0
541,29964,12248,12,1,2,2,705,0,1,1,46,1,0,0,0,0,5.4,5.0,10.0,7.525,4.0,0
515,178857,9369,3,6,2,2,531,14,2,1,36,1,0,0,0,0,4.8,5.0,9.0,6.654999999999999,10.0,0
550,246118,68763,21,5,3,2,346,1,2,1,32,1,0,0,0,0,10.0,6.5,10.0,5.73,4.6,0
425,233869,13050,16,2,3,2,336,3,1,0,19,1,0,0,0,0,7.6000000000000005,6.5,9.05,1.68,5.8,0
516,235862,33605,21,6,2,3,368,6,1,1,25,1,0,0,0,0,10.0,4.0,10.0,5.84,7.6,0
605,228000,54616,16,1,3,3,457,7,1,1,34,0,0,0,0,0,7.0,5.5,8.3,6.285,8.2,0
484,32336,59479,13,3,4,2,662,0,2,0,39,1,0,1,0,0,7.0,8.0,10.0,3.31,4.0,0
338,97475,85934,13,4,3,2,543,0,2,1,6,1,0,0,0,0,7.6,6.5,6.5,6.715,4.0,0
522,178484,45883,16,3,1,1,833,4,0,1,44,1,1,0,0,0,8.2,4.5,10.0,8.165,6.4,0
483,102212,38055,7,6,3,2,899,7,2,1,41,1,0,0,0,0,6.4,6.5,10.0,8.495000000000001,8.2,0
794,95379,73731,1,4,3,3,714,14,1,1,30,1,0,0,0,0,2.8,5.5,7.7,7.57,10.0,0
726,65591,95987,12,1,3,2,613,0,2,1,16,1,0,0,0,0,5.4,6.5,7.800000000000001,7.0649999999999995,4.0,0
477,81750,12450,21,5,3,3,106,2,1,0,42,1,0,0,0,0,10.0,5.5,10.0,1.0,5.2,0
727,110648,7925,15,5,5,2,662,5,2,1,7,1,0,0,0,0,9.0,9.5,7.05,7.3100000000000005,7.0,0
593,116134,85051,15,9,2,2,778,12,0,0,22,1,0,0,0,0,10.0,5.0,9.3,3.89,10.0,0
450,186526,55272,5,8,1,3,559,0,2,1,46,0,0,0,0,0,6.8,2.5,7.8999999999999995,6.795,4.0,0
683,118537,10310,21,8,2,2,768,13,2,1,43,1,0,0,0,0,10.0,5.0,10.0,7.84,10.0,0
607,82672,36817,23,5,1,2,265,2,0,1,17,0,0,0,0,0,10.0,3.5,7.15,5.325,5.2,0
635,47228,97944,3,8,2,2,451,11,0,0,41,1,0,0,0,0,6.0,5.0,9.75,2.255,10.0,0
674,34429,49528,2,7,2,2,418,0,1,1,11,0,0,0,0,0,5.0,5.0,2.05,6.09,4.0,0
307,104294,60779,5,1,2,2,819,3,2,1,29,1,0,0,0,0,2.6,5.0,8.35,8.094999999999999,5.8,0
640,218880,89816,3,7,3,2,94,8,0,0,35,0,0,0,0,0,5.4,6.5,5.85,1.0,8.8,0
428,233958,87641,17,8,3,3,426,12,2,1,14,1,0,0,0,0,10.0,5.5,8.5,6.13,10.0,0
651,135577,89083,5,3,2,3,962,4,2,1,17,1,0,0,0,0,3.8,4.0,6.55,8.809999999999999,6.4,0
657,204087,81310,4,9,4,3,558,13,1,0,24,1,0,0,0,0,7.0,7.0,7.3999999999999995,2.79,10.0,0
816,108074,20457,8,8,1,2,511,2,0,1,12,0,0,0,0,0,8.0,3.5,3.4,6.555,5.2,0
794,88936,47311,10,2,3,3,706,9,2,1,23,0,0,0,0,0,5.2,5.5,5.449999999999999,7.529999999999999,9.399999999999999,0
385,231979,8980,5,6,3,2,107,6,1,1,16,1,0,0,0,0,5.6,6.5,6.4,4.535,7.6,0
474,77378,25886,15,4,2,1,839,13,1,1,0,1,0,0,0,0,8.4,6.0,6.0,8.195,10.0,0
492,57310,82112,18,3,2,2,908,5,2,0,36,1,0,0,0,0,9.0,5.0,10.0,4.54,7.0,0
610,121827,55877,10,6,2,2,551,10,1,0,48,1,0,0,0,0,7.6,5.0,10.0,2.755,10.0,0
418,234755,41181,20,9,3,1,512,8,2,1,26,0,0,0,0,0,10.0,7.5,7.9,6.5600000000000005,8.8,0
517,219899,38262,14,2,3,1,460,3,0,0,19,1,0,0,1,0,6.800000000000001,7.5,8.65,2.3,1.7999999999999998,0
726,186328,5947,23,5,2,2,200,3,2,1,17,1,0,0,0,0,10.0,5.0,10.0,5.0,5.8,0
713,227500,5022,8,6,2,2,859,8,2,1,8,1,0,1,0,0,6.8,5.0,5.8,8.295,8.8,0
413,119862,6128,23,4,1,2,800,1,2,1,9,1,0,0,0,0,10.0,3.5,8.95,8.0,4.6,0
444,58889,84522,18,7,2,1,977,9,1,1,24,0,0,0,0,0,10.0,6.0,7.199999999999999,8.885,9.399999999999999,0
837,71428,37322,24,2,5,2,210,1,1,1,48,1,0,0,0,0,10.0,9.5,10.0,5.05,4.6,0
602,130502,53929,18,7,1,2,331,8,2,0,0,1,0,0,0,0,10.0,3.5,6.6,1.655,8.8,0
644,188279,86696,23,2,4,1,710,6,1,1,35,1,0,0,0,0,10.0,9.0,10.0,7.55,7.6,0
300,70255,14808,8,1,3,2,267,4,2,1,17,1,0,0,0,0,3.8000000000000003,6.5,7.15,5.335,6.4,0
446,125824,57882,22,5,5,1,164,13,0,1,46,0,0,0,0,0,10.0,10.0,10.0,4.82,10.0,0
586,242603,26725,3,2,1,3,953,4,2,1,14,1,0,0,0,0,2.4000000000000004,2.5,5.7,8.765,6.4,0
352,25409,77534,9,8,2,2,496,8,0,1,32,1,0,0,0,0,8.4,5.0,9.6,6.48,8.8,0
603,62438,44950,8,8,1,2,840,12,2,1,21,1,0,0,0,0,8.0,3.5,7.75,8.2,10.0,0
368,246431,93954,18,1,3,1,237,14,2,1,23,1,0,1,0,0,7.8,7.5,10.0,5.1850000000000005,10.0,0
660,27869,88576,14,4,3,2,526,9,0,1,0,0,0,0,0,0,8.0,6.5,2.8000000000000003,6.63,9.399999999999999,0
519,207934,25557,18,9,1,2,650,4,0,1,10,0,0,1,0,0,10.0,3.5,5.1,7.25,6.4,0
460,239009,26825,1,5,3,3,520,8,2,0,42,1,0,0,0,0,3.4,5.5,9.5,2.6,8.8,0
388,45958,13998,9,6,2,3,927,7,2,0,25,1,0,0,0,0,7.199999999999999,4.0,8.55,4.635,8.2,0
458,227374,41080,18,3,1,1,83,5,2,1,25,0,0,0,0,0,9.0,4.5,7.35,4.415,7.0,0
788,170840,62797,16,5,2,3,374,4,2,1,5,1,0,0,0,0,9.4,4.0,6.95,5.87,6.4,0
623,247402,20802,19,1,1,2,33,12,1,1,32,1,0,0,0,0,8.200000000000001,3.5,10.0,4.165,10.0,0
680,177217,16167,23,8,2,1,836,4,2,1,13,1,0,1,0,0,10.0,6.0,9.55,8.18,6.4,0
401,95622,47407,20,6,2,3,472,4,2,0,23,1,1,0,0,0,10.0,4.0,10.0,2.36,6.4,0
793,46442,18338,1,2,4,1,490,13,2,1,37,1,0,0,0,0,1.6,9.0,8.75,6.45,10.0,0
318,101948,81289,18,4,3,2,955,0,1,1,48,1,0,0,0,0,9.6,6.5,10.0,8.775,4.0,0
753,45596,76520,16,4,2,3,800,10,2,1,40,1,0,0,0,0,8.8,4.0,10.0,8.0,10.0,0
781,95791,23895,17,9,3,3,727,4,0,1,16,1,0,0,0,0,10.0,5.5,8.8,7.635,6.4,0
696,62406,52910,16,9,2,3,667,2,0,0,13,1,0,0,0,0,10.0,4.0,8.15,3.335,5.2,0
578,60524,70898,1,5,2,3,98,5,2,1,18,1,0,0,0,0,3.4,4.0,5.9,4.49,7.0,0
664,174404,8454,18,3,3,3,543,8,2,0,7,1,1,0,0,0,9.0,5.5,7.65,2.715,8.8,0
630,130160,91540,0,1,3,2,309,11,1,1,22,1,0,0,0,0,1.0,6.5,6.3,5.545,10.0,0
643,166836,65797,10,6,3,1,53,14,2,1,43,1,0,0,0,0,7.6,7.5,10.0,4.265,10.0,0
754,178635,88137,24,8,3,3,46,2,2,1,1,1,0,0,0,0,10.0,5.5,7.950000000000001,4.23,5.2,0
364,238747,55637,9,1,3,3,528,0,0,1,2,0,0,0,0,0,4.2,5.5,2.1,6.640000000000001,4.0,0
375,187442,10349,4,1,2,2,483,7,2,1,12,1,0,0,0,0,2.2,5.0,5.6,6.415,8.2,0
442,25062,44963,15,7,4,3,289,11,1,0,4,1,0,0,0,0,10.0,7.0,6.6,1.445,10.0,0
772,64645,80583,23,7,1,1,470,12,1,0,17,0,0,0,0,0,10.0,4.5,7.15,2.35,10.0,0
716,142759,12750,4,2,4,2,178,13,1,1,0,1,0,0,0,0,2.8,8.0,3.8,4.89,10.0,0
604,27244,99929,23,3,2,2,79,13,2,1,36,1,0,0,0,0,10.0,5.0,10.0,4.395,10.0,0
796,157444,27463,22,2,1,2,222,8,0,1,20,1,0,0,0,0,10.0,3.5,10.0,5.11,8.8,0
590,105501,79935,11,6,3,3,592,9,2,1,43,1,0,0,0,0,8.0,5.5,10.0,6.96,9.399999999999999,0
401,137450,63792,3,8,2,2,923,3,2,1,18,0,0,0,0,0,6.0,5.0,3.3,8.615,5.8,0
566,215543,18686,22,8,3,3,728,9,1,0,37,1,0,1,0,0,10.0,5.5,10.0,3.64,9.399999999999999,0
302,36956,68528,5,1,2,3,81,13,2,1,33,1,0,0,0,0,2.6,4.0,8.95,4.405,10.0,0
384,191545,27787,18,9,3,2,837,13,2,1,1,1,0,0,0,0,10.0,6.5,6.75,8.184999999999999,10.0,0
627,164966,19776,8,8,2,3,189,12,2,1,19,1,0,0,0,0,8.0,4.0,7.45,4.945,10.0,0
749,249990,62427,11,9,2,1,217,4,1,1,30,0,0,0,0,0,9.8,6.0,6.7,5.085,6.4,0
753,220658,66086,14,9,2,3,186,2,1,1,12,1,0,0,0,0,10.0,4.0,7.6,4.93,5.2,0
520,36709,68308,15,6,3,2,716,13,2,1,13,0,0,0,0,0,9.6,6.5,4.95,7.58,10.0,0
453,232330,20797,12,3,3,2,310,12,1,1,37,1,0,0,0,0,6.6000000000000005,6.5,10.0,5.55,10.0,0
311,138428,10302,24,1,2,3,914,7,0,1,11,0,0,0,0,0,10.0,4.0,6.450000000000001,8.57,8.2,0
432,35210,68172,20,8,5,3,893,2,2,1,12,1,0,0,0,0,10.0,8.5,8.8,8.465,5.2,0
603,200582,43059,23,3,3,3,760,3,1,1,23,1,0,0,0,0,10.0,5.5,10.0,7.8,5.8,0
592,122081,5908,6,7,4,3,163,9,2,1,39,1,0,0,0,0,6.6000000000000005,7.0,10.0,4.8149999999999995,9.399999999999999,0
599,189746,65252,24,6,1,3,163,11,2,1,30,0,0,0,0,0,10.0,2.5,9.3,4.8149999999999995,10.0,0
342,120025,85659,22,3,1,2,39,6,2,1,13,0,0,0,0,0,10.0,3.5,6.3500000000000005,4.195,7.6,0
642,168805,17877,19,6,2,3,36,1,2,1,49,1,0,0,0,0,10.0,4.0,10.0,4.18,4.6,0
625,171152,19239,3,3,1,2,985,0,2,1,29,1,0,0,0,0,3.0,3.5,7.949999999999999,8.925,4.0,0
797,204484,91971,10,9,2,2,249,3,2,0,26,1,0,0,0,0,9.399999999999999,5.0,8.9,1.245,5.8,0
663,144476,32313,7,1,2,2,764,7,2,1,35,1,0,1,0,0,3.4000000000000004,5.0,9.65,7.82,8.2,0
726,210043,47103,5,8,2,2,653,14,0,1,5,1,0,0,0,0,6.8,5.0,4.75,7.265000000000001,10.0,0
320,190781,53408,24,5,3,2,700,0,2,1,5,1,0,0,0,0,10.0,6.5,8.55,7.5,4.0,0
706,79846,88251,9,4,5,2,860,9,2,1,14,1,0,0,0,0,6.0,9.5,6.9,8.3,9.399999999999999,0
635,85480,93771,6,1,4,2,107,13,2,1,23,1,0,0,0,0,3.0000000000000004,8.0,7.65,4.535,10.0,0
416,72960,96665,6,9,1,3,335,13,2,0,12,1,0,0,0,0,7.8,2.5,6.0,1.675,10.0,0
423,192224,15534,3,9,2,3,246,2,2,1,6,1,0,0,0,0,6.6,4.0,4.5,5.23,5.2,0
698,178322,48060,2,5,2,3,856,3,1,0,44,1,0,0,0,0,3.8,4.0,10.0,4.28,5.8,0
350,105765,22189,23,9,1,2,147,3,1,1,20,1,0,0,0,0,10.0,3.5,10.0,4.735,5.8,0
623,137265,91067,6,9,2,3,639,2,1,1,37,1,0,0,0,0,7.8,4.0,9.75,7.195,5.2,0
440,68137,15967,3,7,2,1,627,2,1,1,37,1,0,1,0,0,5.4,6.0,9.15,7.135,5.2,0
769,233083,86991,12,8,2,3,557,12,2,1,13,0,0,0,0,0,9.600000000000001,4.0,4.3500000000000005,6.785,10.0,0
633,138922,70563,19,1,3,2,55,6,2,1,2,1,0,0,0,0,8.200000000000001,6.5,7.1000000000000005,4.275,7.6,0
672,141280,13660,16,4,3,3,625,7,1,1,42,1,0,0,0,0,8.8,5.5,10.0,7.125,8.2,0
793,197484,95875,6,4,1,2,399,13,2,1,44,1,0,0,0,0,4.800000000000001,3.5,10.0,5.995,10.0,0
838,63876,44823,16,9,2,3,373,12,1,1,34,1,0,0,0,0,10.0,4.0,10.0,5.865,10.0,0
455,114547,60842,3,3,4,3,369,9,2,1,11,1,0,0,0,0,3.0,7.0,5.25,5.845,9.399999999999999,0
590,224736,14616,10,1,2,3,591,13,2,1,20,1,0,0,0,0,4.6,4.0,8.0,6.955,10.0,0
443,70227,80976,2,5,2,2,216,3,2,1,19,1,0,0,0,0,3.8,5.0,6.25,5.08,5.8,0
405,183522,53738,10,7,2,2,742,10,0,1,26,1,0,0,0,0,8.2,5.0,8.9,7.71,10.0,0
719,104433,18107,2,4,2,3,610,10,2,1,4,1,0,0,0,0,3.2,4.0,4.0,7.05,10.0,0
301,93704,66404,11,9,1,2,988,14,2,1,44,1,0,0,0,0,9.8,3.5,10.0,8.940000000000001,10.0,0
389,26861,99182,0,6,3,3,983,7,2,1,10,0,0,0,0,0,3.5999999999999996,5.5,1.5,8.915,8.2,0
644,81914,96787,3,6,1,2,524,7,2,1,48,1,0,0,0,0,4.8,3.5,10.0,6.62,8.2,0
649,83888,20954,13,3,2,3,955,5,0,1,41,1,0,0,0,0,7.0,4.0,10.0,8.775,7.0,0
758,99286,21943,0,5,1,3,819,0,1,1,43,1,0,0,0,0,3.0,2.5,9.45,8.094999999999999,4.0,0
562,81293,45725,13,6,3,3,375,6,1,1,5,1,0,0,0,0,8.8,5.5,6.35,5.875,7.6,0
650,233596,50434,12,4,1,1,983,6,2,1,4,1,0,0,0,0,7.200000000000001,4.5,6.0,8.915,7.6,0
407,88515,90751,12,3,2,2,447,4,2,1,21,0,0,0,0,0,6.6000000000000005,5.0,5.550000000000001,6.234999999999999,6.4,0
338,174596,15110,23,5,2,3,240,5,1,1,0,0,0,0,0,0,10.0,4.0,4.6000000000000005,5.2,7.0,0
458,27065,92091,14,7,2,3,432,13,1,1,19,1,0,0,0,0,9.8,4.0,8.65,6.16,10.0,0
611,188756,21462,16,6,2,2,478,8,2,1,23,1,0,0,0,0,10.0,5.0,9.65,6.390000000000001,8.8,0
540,108720,84232,11,2,2,2,639,2,2,1,19,1,0,0,0,0,5.6000000000000005,5.0,8.05,7.195,5.2,0
744,184437,59081,21,1,3,3,320,11,1,1,46,1,0,0,0,0,9.0,5.5,10.0,5.6,10.0,0
597,78876,57799,22,5,5,3,404,3,1,1,47,1,0,0,0,0,10.0,8.5,10.0,6.02,5.8,0
335,174776,71567,13,5,2,3,123,8,2,1,28,1,0,0,0,0,8.2,4.0,9.8,4.615,8.8,0
383,208929,94301,11,6,1,3,211,14,1,0,41,1,0,0,0,0,8.0,2.5,10.0,1.055,10.0,0
751,156694,56224,17,3,1,3,472,12,2,1,23,1,0,0,0,0,8.600000000000001,2.5,9.85,6.359999999999999,10.0,0
684,103797,61063,3,1,3,1,551,9,2,1,7,1,0,1,0,0,1.8000000000000003,7.5,4.65,6.755,9.399999999999999,0
471,245027,60240,13,4,2,1,373,13,2,1,33,1,0,0,0,0,7.6,6.0,10.0,5.865,10.0,0
675,111141,86352,18,4,3,1,256,11,2,1,21,1,0,0,0,0,9.6,7.5,9.75,5.28,10.0,0
661,245779,22868,12,2,3,3,602,1,1,1,38,1,0,0,0,0,6.000000000000001,5.5,10.0,7.01,4.6,0
440,238772,80973,24,8,4,2,255,13,2,1,32,1,0,1,0,0,10.0,8.0,10.0,5.275,10.0,0
417,230404,85989,22,6,4,1,193,12,2,1,29,1,0,0,0,0,10.0,9.0,10.0,4.965,10.0,0
576,122390,27222,17,3,3,2,422,8,1,1,5,1,0,0,0,0,8.600000000000001,6.5,7.15,6.109999999999999,8.8,0
519,116856,84794,10,1,2,2,282,14,1,1,12,1,0,0,0,0,4.6,5.0,6.8,5.41,10.0,0
325,86201,68924,5,3,2,3,554,4,2,1,43,1,0,0,0,0,3.8,4.0,10.0,6.77,6.4,0
820,183766,83513,8,8,2,3,623,2,2,1,18,1,0,0,0,0,8.0,4.0,7.3,7.115,5.2,0
309,109766,59649,11,4,2,3,286,7,1,1,25,1,0,0,0,0,6.800000000000001,4.0,8.95,5.43,8.2,0
677,42995,88749,18,3,3,1,632,12,2,1,16,1,0,0,0,0,9.0,7.5,9.0,7.16,10.0,0
451,112320,15223,13,4,1,3,508,8,2,1,36,1,0,0,0,0,7.6,2.5,10.0,6.54,8.8,0
348,100141,53166,14,4,3,2,727,0,1,0,26,0,0,0,0,0,8.0,6.5,6.7,3.635,4.0,0
453,234071,44369,10,2,2,3,787,4,2,1,23,1,0,0,0,0,5.2,4.0,8.45,7.9350000000000005,6.4,0
592,159491,91379,5,4,3,1,499,13,2,1,46,0,0,0,0,0,4.4,7.5,7.8999999999999995,6.495,10.0,0
349,199024,74392,13,9,2,1,224,8,2,1,13,1,0,0,0,0,10.0,6.0,7.55,5.12,8.8,0
830,184909,64526,2,4,2,1,112,10,2,1,2,0,0,0,0,0,3.2,6.0,1.0,4.5600000000000005,10.0,0
359,90799,17661,18,1,2,3,816,1,2,0,4,1,0,0,1,0,7.8,4.0,7.2,4.08,1.0,0
466,199949,20591,19,1,4,3,599,12,2,0,13,0,0,0,0,0,8.200000000000001,7.0,5.75,2.995,10.0,0
501,65687,76718,24,1,2,1,184,0,1,0,7,1,0,0,0,0,10.0,6.0,8.850000000000001,1.0,4.0,0
445,57276,60235,10,5,2,2,863,7,2,1,42,1,0,0,0,0,7.0,5.0,10.0,8.315000000000001,8.2,0
738,54523,12970,23,6,1,3,61,14,2,1,24,1,0,0,0,0,10.0,2.5,10.0,4.305,10.0,0
541,217127,52922,16,6,3,1,306,5,2,1,14,0,0,0,0,0,10.0,7.5,5.300000000000001,5.53,7.0,0
782,74615,35755,16,6,2,2,997,13,2,1,44,1,0,0,0,0,10.0,5.0,10.0,8.985,10.0,0
407,247714,24416,22,9,5,2,184,13,2,1,36,1,0,0,0,0,10.0,9.5,10.0,4.92,10.0,0
525,30514,18672,2,1,2,3,978,1,1,0,44,0,0,0,0,0,1.4,4.0,7.0,4.89,4.6,0
731,67456,88468,13,6,2,2,352,2,2,1,2,1,0,0,0,0,8.8,5.0,5.9,5.76,5.2,0
718,27233,51996,6,8,3,3,720,4,1,1,44,1,0,0,0,0,7.2,5.5,10.0,7.6,6.4,0
754,21102,79095,24,8,2,2,609,0,2,1,10,1,0,1,0,0,10.0,5.0,9.3,7.045,4.0,0
459,86133,5064,18,3,3,2,180,1,2,1,8,1,0,0,0,0,9.0,6.5,7.8,4.9,4.6,0
822,66715,73835,2,5,2,1,46,10,1,1,3,1,0,0,0,0,3.8,6.0,3.85,4.23,10.0,0
376,236265,75385,1,4,5,3,644,11,2,0,48,0,0,0,0,0,2.8,8.5,7.3999999999999995,3.22,10.0,0
808,130545,10639,16,1,3,2,210,0,2,1,14,1,1,1,0,0,7.0,6.5,8.3,5.05,4.0,0
740,124085,16055,8,9,3,3,73,13,2,0,26,1,0,0,0,0,8.6,5.5,8.5,1.0,10.0,0
553,129101,64220,21,5,1,2,495,13,0,1,30,1,0,0,0,0,10.0,3.5,10.0,6.475,10.0,0
619,157328,92594,5,2,2,2,464,10,2,1,49,1,0,0,1,0,3.2,5.0,10.0,6.32,6.0,0
562,128684,34427,23,2,3,3,709,6,2,1,15,1,0,0,0,0,10.0,5.5,9.850000000000001,7.545,7.6,0
673,84800,87516,20,7,3,3,736,6,2,1,31,1,0,0,0,0,10.0,5.5,10.0,7.68,7.6,0
466,114937,69666,8,4,1,2,418,9,2,1,33,1,0,0,0,0,5.6,3.5,9.55,6.09,9.399999999999999,0
758,61548,69274,4,1,2,3,896,14,2,1,5,1,0,0,0,0,2.2,4.0,4.55,8.48,10.0,0
579,223162,15866,1,5,2,3,764,13,1,1,43,1,0,0,0,0,3.4,4.0,9.65,7.82,10.0,0
601,229272,8889,21,2,3,1,159,4,2,1,4,1,0,0,0,0,9.6,7.5,7.8,4.795,6.4,0
830,193439,53226,14,7,2,2,511,9,2,1,23,1,0,0,0,0,9.8,5.0,9.25,6.555,9.399999999999999,0
517,148845,36335,8,9,2,2,948,5,2,1,48,1,0,1,0,0,8.6,5.0,10.0,8.74,7.0,0
401,133815,55547,18,1,2,2,645,12,1,1,18,1,0,0,0,0,7.8,5.0,9.3,7.225,10.0,0
587,240994,31162,9,2,2,3,976,2,2,1,29,0,0,0,0,0,4.8,4.0,6.1499999999999995,8.879999999999999,5.2,0
466,221454,94449,3,6,1,2,719,10,2,1,11,1,0,0,0,0,4.8,3.5,5.25,7.595000000000001,10.0,0
335,147602,29687,9,8,5,1,557,1,1,1,4,1,0,0,0,0,8.4,10.0,5.4,6.785,4.6,0
652,146270,15995,7,7,1,2,823,9,0,1,27,1,0,0,0,0,7.0,3.5,8.45,8.115,9.399999999999999,0
372,146320,61488,21,9,4,3,287,12,2,1,38,1,0,0,0,0,10.0,7.0,10.0,5.4350000000000005,10.0,0
652,177277,7631,12,2,2,3,44,14,2,1,33,1,0,0,0,0,6.000000000000001,4.0,10.0,4.22,10.0,0
369,45570,39954,6,9,2,1,634,8,2,0,11,1,0,0,0,0,7.8,6.0,5.85,3.17,8.8,0
724,181327,10967,6,4,2,2,184,1,2,1,22,1,0,0,0,0,4.800000000000001,5.0,7.5,4.92,4.6,0
816,41182,93294,3,3,3,2,42,13,2,1,4,1,0,1,0,0,3.0,6.5,4.2,4.21,10.0,0
727,59373,92278,14,7,3,3,734,0,2,1,39,1,0,0,0,0,9.8,5.5,10.0,7.67,4.0,0
838,63019,69471,11,5,2,2,724,8,0,1,36,1,0,0,0,0,7.4,5.0,10.0,7.62,8.8,0
459,213691,42116,15,5,1,3,406,7,0,1,15,1,0,0,0,0,9.0,2.5,8.25,6.029999999999999,8.2,0
448,36043,97116,5,2,4,2,263,7,2,1,8,1,0,0,0,0,3.2,8.0,5.2,5.3149999999999995,8.2,0
529,196604,39227,8,6,5,3,577,6,2,1,32,1,0,0,0,0,6.8,8.5,9.4,6.885,7.6,0
366,217008,6942,2,6,2,3,332,8,2,0,36,1,0,0,0,0,4.3999999999999995,4.0,8.8,1.66,8.8,0
680,39239,52664,7,4,3,3,22,10,2,1,32,1,0,0,0,0,5.2,5.5,9.2,4.11,10.0,0
357,161488,33069,6,5,2,2,59,2,2,1,48,1,0,1,1,0,5.4,5.0,10.0,4.295,1.2,0
558,154484,92342,3,7,2,3,769,7,1,1,0,1,0,0,0,0,5.4,4.0,3.6,7.845000000000001,8.2,0
641,101976,19407,12,8,1,2,242,0,2,1,46,0,0,0,0,0,9.600000000000001,3.5,9.3,5.21,4.0,0
429,44406,64201,18,6,2,2,962,0,2,1,36,1,0,0,0,0,10.0,5.0,10.0,8.809999999999999,4.0,0
471,21875,85093,6,5,3,3,549,10,2,0,8,1,0,0,0,0,5.4,5.5,5.4,2.745,10.0,0
508,188138,59348,9,3,1,3,625,12,2,1,17,1,0,0,0,0,5.4,2.5,7.35,7.125,10.0,0
653,156824,86981,24,7,2,3,875,14,2,1,37,1,0,0,0,0,10.0,4.0,10.0,8.375,10.0,0
770,237825,22878,11,8,4,2,105,14,1,1,20,1,0,0,0,0,9.2,8.0,8.2,4.525,10.0,0
415,229097,88100,2,3,2,3,352,5,1,1,43,1,0,0,0,0,2.5999999999999996,4.0,9.850000000000001,5.76,7.0,0
563,152425,83629,24,5,1,1,865,14,1,1,13,1,0,0,0,0,10.0,4.5,9.75,8.325,10.0,0
741,178058,60420,23,2,3,1,202,11,2,1,38,1,0,0,0,0,10.0,7.5,10.0,5.01,10.0,0
847,237979,96987,11,4,2,3,929,7,2,1,38,1,0,0,0,0,6.800000000000001,4.0,10.0,8.645,8.2,0
752,34691,48168,18,4,1,2,520,7,1,1,5,1,0,0,0,0,9.6,3.5,7.35,6.6,8.2,0
776,220919,59862,14,8,2,3,460,9,2,1,2,1,0,0,0,0,10.0,4.0,6.1,6.3,9.399999999999999,0
586,68075,94622,7,3,2,2,134,0,2,1,47,1,0,0,0,0,4.6,5.0,10.0,4.67,4.0,0
602,30794,87025,11,5,4,2,90,10,1,1,47,0,0,0,0,0,7.4,8.0,9.25,4.45,10.0,0
610,219542,33004,19,5,3,3,16,14,2,0,17,1,0,0,0,0,10.0,5.5,9.35,1.0,10.0,0
507,167478,25471,5,2,2,3,339,0,2,1,36,1,0,0,0,0,3.2,4.0,9.399999999999999,5.695,4.0,0
745,95930,96820,9,9,2,2,92,8,2,1,19,1,0,0,0,0,9.0,5.0,7.65,4.46,8.8,0
354,177944,65167,1,4,5,2,545,8,2,1,28,1,0,0,0,0,2.8,9.5,7.4,6.725,8.8,0
311,61708,88828,23,9,1,3,914,6,1,1,35,1,0,0,0,0,10.0,2.5,10.0,8.57,7.6,0
699,135492,70308,12,9,2,2,635,0,1,1,15,1,0,0,0,0,10.0,5.0,7.65,7.175,4.0,0
814,126629,88969,24,2,5,2,536,12,1,1,3,1,0,0,0,0,10.0,9.5,8.25,6.68,10.0,0
841,171872,19568,6,9,5,3,122,9,1,1,44,0,0,0,0,0,7.8,8.5,7.8,4.61,9.399999999999999,0
536,194469,14466,7,9,1,1,449,1,2,1,13,0,0,0,0,0,8.2,4.5,3.35,6.245,4.6,0
578,143313,96057,22,2,1,3,899,7,2,1,16,1,0,0,0,0,10.0,2.5,9.8,8.495000000000001,8.2,0
647,188981,62324,15,6,2,3,863,7,2,1,34,1,0,0,0,0,9.6,4.0,10.0,8.315000000000001,8.2,0
403,41352,20467,10,9,1,3,771,10,2,0,34,1,0,0,0,0,9.399999999999999,2.5,10.0,3.855,10.0,0
816,121975,80955,3,4,3,2,666,12,1,1,48,0,0,0,0,0,3.6,6.5,7.799999999999999,7.33,10.0,0
547,113848,57948,16,2,1,3,28,4,1,1,44,1,0,0,0,0,7.6000000000000005,2.5,10.0,4.14,6.4,0
663,166510,21676,15,7,1,1,18,1,1,1,31,0,0,0,0,0,10.0,4.5,7.6499999999999995,4.09,4.6,0
620,239993,99791,18,9,2,1,841,2,1,1,9,0,0,0,0,0,10.0,6.0,4.95,8.205,5.2,0
585,64999,36514,22,6,5,1,194,4,2,1,28,1,0,0,0,0,10.0,10.0,10.0,4.97,6.4,0
448,38482,27650,10,4,2,2,47,2,2,1,11,1,0,0,0,0,6.4,5.0,6.65,4.235,5.2,0
383,183543,93290,6,1,2,1,732,9,2,1,8,1,0,0,0,0,3.0000000000000004,6.0,5.4,7.66,9.399999999999999,0
705,67279,82701,12,4,5,3,913,0,2,1,25,0,0,0,0,0,7.200000000000001,8.5,6.15,8.565000000000001,4.0,0
755,129413,15683,18,3,2,2,143,13,1,0,20,1,0,1,0,0,9.0,5.0,9.6,1.0,10.0,0
460,74213,64819,16,7,2,2,954,5,2,1,0,1,0,0,0,0,10.0,5.0,6.2,8.77,7.0,0
759,133909,85978,24,5,2,3,111,13,2,1,35,1,0,0,0,0,10.0,4.0,10.0,4.555,10.0,0
849,33026,9860,21,3,1,2,950,4,0,1,18,1,0,0,0,0,10.0,3.5,9.9,8.75,6.4,0
799,105184,8729,12,2,2,3,158,2,2,1,5,1,0,0,0,0,6.000000000000001,4.0,6.15,4.79,5.2,0
808,25435,36351,11,2,2,3,102,8,0,1,46,0,0,0,0,0,5.6000000000000005,4.0,9.1,4.51,8.8,0
780,159565,67744,6,5,2,3,811,9,2,1,17,1,0,0,0,0,5.4,4.0,6.75,8.055,9.399999999999999,0
413,223299,29346,0,8,1,2,149,7,2,1,36,1,0,0,0,0,4.8,3.5,8.399999999999999,4.745,8.2,0
660,79321,79155,0,8,2,3,304,6,2,1,7,1,0,0,0,1,4.8,4.0,4.05,5.52,7.6,0
640,153835,81700,19,5,2,3,873,11,2,1,10,0,0,0,0,0,10.0,4.0,5.300000000000001,8.365,10.0,0
748,40389,11955,22,2,1,3,783,13,2,1,4,1,0,0,0,0,10.0,2.5,8.0,7.915,10.0,0
479,51498,70642,13,4,1,1,602,12,2,1,20,1,0,0,0,0,7.6,4.5,8.6,7.01,10.0,0
706,83755,75290,14,7,4,3,553,14,2,1,39,0,0,0,0,0,9.8,7.0,8.65,6.765000000000001,10.0,0
495,121545,49293,10,6,2,3,197,12,0,1,42,1,0,0,0,0,7.6,4.0,10.0,4.985,10.0,0
765,55825,66336,23,7,1,1,145,10,2,1,20,1,0,0,0,0,10.0,4.5,10.0,4.725,10.0,0
610,36934,26662,8,5,3,3,175,1,2,1,19,1,0,0,0,1,6.2,5.5,7.45,4.875,4.6,0
561,25574,11408,16,2,1,3,486,13,2,1,41,0,0,0,0,0,7.6000000000000005,2.5,9.35,6.43,10.0,0
718,150698,45403,3,8,3,3,156,9,0,1,8,1,0,0,0,0,6.0,5.5,4.8,4.78,9.399999999999999,0
705,189251,6225,19,2,3,1,254,4,1,1,1,0,1,0,0,1,8.8,7.5,3.95,5.27,6.4,0
442,152659,17196,18,8,3,3,192,4,2,1,48,0,0,0,0,1,10.0,5.5,10.0,4.96,6.4,0
641,62782,74786,6,7,3,1,18,5,1,1,3,0,0,0,0,0,6.6000000000000005,7.5,1.6500000000000001,4.09,7.0,0
615,205484,20372,0,3,1,3,445,5,1,1,25,0,0,1,0,0,1.7999999999999998,2.5,3.75,6.225,7.0,0
400,80561,22279,8,4,3,1,165,2,1,1,11,1,0,0,0,0,5.6,7.5,6.25,4.825,5.2,0
543,228296,59240,12,7,1,1,839,10,1,1,18,1,0,0,0,0,9.0,4.5,8.1,8.195,10.0,0
789,155481,97404,23,4,2,2,697,3,0,1,18,1,0,0,0,0,10.0,5.0,10.0,7.484999999999999,5.8,0
311,147159,43187,1,9,4,3,123,0,2,1,18,1,0,0,0,0,5.8,7.0,5.9,4.615,4.0,0
538,222391,53481,1,7,2,3,764,10,2,1,28,1,0,0,0,0,4.6000000000000005,4.0,7.4,7.82,10.0,0
341,46751,33475,23,1,5,1,176,0,2,0,38,1,0,0,0,0,9.8,10.0,10.0,1.0,4.0,0
728,58174,49552,14,1,1,1,497,4,2,0,44,0,0,0,0,0,6.2,4.5,9.4,2.485,6.4,0
457,142678,72969,16,4,2,2,446,11,1,1,33,1,0,0,0,0,8.8,5.0,10.0,6.23,10.0,0
515,76572,81534,12,9,1,3,232,3,2,1,7,1,0,0,0,0,10.0,2.5,6.45,5.16,5.8,0
761,81416,11858,6,4,3,2,200,14,2,1,5,1,0,1,0,0,4.800000000000001,6.5,4.95,5.0,10.0,0
433,163113,79486,8,5,1,2,796,6,0,1,31,1,0,0,0,0,6.2,3.5,9.25,7.98,7.6,0
366,174299,79474,11,1,1,3,810,6,0,1,27,0,0,0,0,0,5.0,2.5,6.25,8.05,7.6,0
306,55201,30168,2,2,2,2,585,3,2,1,10,1,0,0,0,0,2.0,5.0,4.9,6.925,5.8,0
825,56069,37099,22,4,3,2,803,9,1,1,27,0,0,0,0,0,10.0,6.5,8.45,8.015,9.399999999999999,0
372,233262,76180,21,4,1,2,182,13,2,1,31,1,0,0,0,0,10.0,3.5,10.0,4.91,10.0,0
698,46370,66455,14,6,3,3,266,14,2,1,40,0,0,0,0,0,9.2,5.5,8.8,5.33,10.0,0
704,246090,59240,6,6,1,3,724,13,1,0,7,1,0,1,0,0,6.0,2.5,5.25,3.62,10.0,0
429,145342,79796,22,8,1,3,459,12,2,0,19,1,0,0,0,0,10.0,2.5,10.0,2.295,10.0,0
765,162658,59592,0,9,2,2,510,1,2,1,23,1,0,0,0,0,5.3999999999999995,5.0,6.449999999999999,6.55,4.6,0
505,201303,52458,13,1,5,3,940,9,1,1,26,0,0,0,0,0,5.8,8.5,6.5,8.7,9.399999999999999,0
565,145758,63046,18,1,1,1,86,3,2,1,46,1,1,0,0,0,7.8,4.5,10.0,4.43,5.8,0
836,156394,21488,15,6,1,3,624,7,0,1,10,0,0,0,0,0,9.6,2.5,4.5,7.12,8.2,0
552,85294,63841,9,4,3,3,235,1,2,1,46,1,0,0,0,0,6.0,5.5,10.0,5.175,4.6,0
588,99468,5395,0,4,2,3,235,4,1,1,22,0,1,0,0,0,2.4,4.0,3.3,5.175,6.4,0
463,180371,57669,4,1,3,2,748,12,2,1,21,1,0,0,0,0,2.2,6.5,6.95,7.74,10.0,0
394,110715,15845,2,9,2,3,617,6,0,1,4,0,0,0,0,1,6.199999999999999,4.0,1.0,7.085,7.6,0
409,90793,41059,16,3,2,3,950,9,2,1,47,1,0,0,0,0,8.2,4.0,10.0,8.75,9.399999999999999,0
635,197573,23394,17,5,2,2,85,5,2,1,33,1,0,0,0,0,9.8,5.0,10.0,4.425,7.0,0
537,208206,98993,20,1,2,3,42,12,0,1,30,0,1,0,0,1,8.6,4.0,8.5,4.21,10.0,0
680,131672,50906,18,8,3,3,603,13,2,0,46,0,0,0,0,0,10.0,5.5,10.0,3.015,10.0,0
735,160849,64332,21,3,3,3,78,8,1,1,36,1,0,0,0,0,10.0,5.5,10.0,4.39,8.8,0
782,162321,42305,24,1,2,3,860,1,2,1,46,1,0,0,0,0,10.0,4.0,10.0,8.3,4.6,0
324,140902,47628,21,6,4,1,424,3,2,1,25,0,0,0,0,0,10.0,9.0,7.95,6.12,5.8,0
416,41390,26352,17,1,2,3,740,6,2,1,22,1,0,0,0,0,7.4,4.0,9.7,7.7,7.6,0
781,40369,91682,15,3,2,3,457,11,1,1,42,1,0,0,0,0,7.8,4.0,10.0,6.285,10.0,0
691,163953,87971,1,5,3,2,371,7,0,1,37,1,0,0,0,0,3.4,6.5,8.75,5.855,8.2,0
836,29587,56993,14,4,3,2,879,4,2,0,37,1,1,0,0,0,8.0,6.5,10.0,4.395,6.4,0
378,244872,44386,12,7,1,1,379,4,2,1,31,1,0,0,0,0,9.0,4.5,10.0,5.895,6.4,0
472,225399,61624,12,6,3,1,408,3,2,1,4,0,0,0,0,0,8.4,7.5,3.0000000000000004,6.04,5.8,0
311,127009,62065,15,3,2,3,823,8,2,1,24,1,0,0,0,0,7.8,4.0,9.6,8.115,8.8,0
427,238983,90504,7,8,3,2,129,11,2,1,32,0,1,0,0,0,7.6,6.5,6.2,4.645,10.0,0
391,239219,13539,10,8,3,1,57,9,2,1,6,1,0,0,0,0,8.8,7.5,5.9,4.285,9.399999999999999,0
842,158905,6263,7,2,2,2,77,3,1,1,15,1,0,0,1,0,4.0,5.0,6.65,4.385,1.7999999999999998,0
831,67013,18305,21,7,1,2,348,2,1,1,48,1,0,0,0,0,10.0,3.5,10.0,5.74,5.2,0
746,137341,58817,9,1,3,2,94,8,1,1,28,1,0,0,0,0,4.2,6.5,9.0,4.47,8.8,0
689,147785,29398,22,2,3,1,903,6,1,0,14,1,0,0,0,0,10.0,7.5,9.5,4.515,7.6,0
342,214692,80801,0,8,2,2,945,8,2,1,19,1,0,0,0,0,4.8,5.0,5.85,8.725,8.8,0
553,166826,54107,11,1,2,3,386,3,2,1,21,1,0,0,0,0,5.0,4.0,8.35,5.93,5.8,0
429,127584,37152,8,2,5,1,394,2,2,1,9,1,1,0,0,0,4.4,10.0,5.95,5.97,5.2,0
359,98113,98260,4,1,2,3,285,9,1,1,7,0,0,1,0,0,2.2,4.0,1.85,5.425,9.399999999999999,0
766,247703,35624,8,5,2,1,777,7,2,1,31,1,0,0,0,0,6.2,6.0,9.25,7.885,8.2,0
586,106784,61132,15,7,2,2,927,3,2,1,27,1,0,0,1,0,10.0,5.0,10.0,8.635,1.7999999999999998,0
816,55282,57979,17,6,2,2,959,9,2,1,8,1,0,1,0,0,10.0,5.0,7.6000000000000005,8.795,9.399999999999999,0
766,187809,63013,7,6,4,1,214,2,2,1,30,1,0,0,0,0,6.4,9.0,8.9,5.07,5.2,0
644,248499,99925,22,6,3,2,754,14,1,1,22,1,0,0,0,0,10.0,6.5,10.0,7.77,10.0,0
681,44124,68797,10,8,2,2,74,11,1,1,18,1,0,0,0,0,8.8,5.0,7.699999999999999,4.37,10.0,0
552,90102,56798,19,5,3,2,920,3,2,1,31,1,0,0,0,0,10.0,6.5,10.0,8.6,5.8,0
355,153268,21650,18,7,3,3,838,1,2,1,9,0,0,0,0,0,10.0,5.5,4.95,8.190000000000001,4.6,0
762,81527,31014,3,3,2,1,88,11,1,1,19,1,0,0,0,0,3.0,6.0,6.45,4.44,10.0,0
756,150371,81421,19,9,1,3,535,10,2,1,34,1,0,0,0,0,10.0,2.5,10.0,6.675,10.0,0
382,150942,12434,9,3,3,3,334,3,2,1,30,1,0,0,0,0,5.4,5.5,9.3,5.67,5.8,0
398,116651,35028,23,6,2,3,387,6,2,1,10,0,0,0,0,0,10.0,4.0,6.1000000000000005,5.9350000000000005,7.6,0
448,105395,71558,12,3,1,2,826,14,1,0,42,1,0,0,0,0,6.6000000000000005,3.5,10.0,4.13,10.0,0
628,31345,29331,19,1,2,3,911,12,2,1,39,0,0,0,0,0,8.200000000000001,4.0,9.65,8.555,10.0,0
455,144544,72573,13,1,5,2,690,2,1,1,9,1,0,0,0,0,5.8,9.5,6.95,7.45,5.2,0
489,54077,79292,20,3,2,1,680,0,1,1,8,1,0,0,0,0,9.8,6.0,8.2,7.4,4.0,0
793,150429,51326,1,4,5,1,637,9,2,1,41,1,0,0,0,0,2.8,10.0,9.35,7.1850000000000005,9.399999999999999,0
562,217472,87979,3,2,1,3,355,7,2,1,9,0,0,0,0,0,2.4000000000000004,2.5,1.95,5.775,8.2,0
379,32055,9123,6,9,3,2,713,5,0,0,49,1,1,0,0,0,7.8,6.5,10.0,3.565,7.0,0
699,123693,21603,18,8,1,3,866,13,1,1,36,1,0,0,0,0,10.0,2.5,10.0,8.33,10.0,0
559,105283,70941,16,3,2,2,444,2,2,0,36,1,0,0,0,0,8.2,5.0,10.0,2.22,5.2,0
400,64484,47597,15,7,2,3,964,7,2,1,6,0,0,0,0,0,10.0,4.0,3.9,8.82,8.2,0
658,97514,68238,12,4,2,3,704,5,2,0,19,1,0,0,0,0,7.200000000000001,4.0,8.25,3.52,7.0,0
679,110135,89238,23,5,3,3,894,0,2,1,19,1,0,0,0,0,10.0,5.5,10.0,8.469999999999999,4.0,0
520,55771,47719,23,4,3,2,387,8,2,1,7,0,0,0,0,0,10.0,6.5,5.65,5.9350000000000005,8.8,0
719,208726,96786,21,9,2,3,954,10,2,1,16,0,0,0,0,0,10.0,4.0,6.6,8.77,10.0,0
423,197612,46751,22,7,4,3,752,8,2,1,37,1,0,0,0,0,10.0,7.0,10.0,7.76,8.8,0
721,234223,91978,17,4,2,2,689,8,0,1,24,1,0,0,0,0,9.200000000000001,5.0,10.0,7.445,8.8,0
530,130284,22693,20,8,2,2,24,13,1,1,12,1,0,0,0,0,10.0,5.0,8.8,4.12,10.0,0
362,137399,94541,11,2,1,3,463,12,1,1,44,1,1,0,0,0,5.6000000000000005,2.5,10.0,6.3149999999999995,10.0,0
784,124885,42697,22,7,2,2,202,11,1,1,12,1,0,0,0,0,10.0,5.0,9.2,5.01,10.0,0
782,180449,99524,24,1,3,3,242,5,1,1,47,1,0,0,0,0,10.0,5.5,10.0,5.21,7.0,0
818,246639,34992,0,8,1,1,272,5,2,1,1,0,0,0,0,0,4.8,4.5,1.0,5.36,7.0,0
454,200645,68825,14,6,1,3,455,12,0,1,36,1,0,0,0,0,9.2,2.5,10.0,6.275,10.0,0
391,193805,14522,2,5,1,1,63,3,1,1,41,1,0,0,0,0,3.8,4.5,9.55,4.315,5.8,0
825,149344,50406,5,9,2,2,701,7,0,1,41,1,0,0,0,0,7.3999999999999995,5.0,10.0,7.505,8.2,0
754,162832,17121,13,9,2,2,956,8,0,1,10,1,0,1,0,0,10.0,5.0,7.1,8.780000000000001,8.8,0
809,133226,19219,22,3,1,3,13,11,2,1,19,0,0,0,0,0,10.0,2.5,7.25,4.065,10.0,0
482,119250,6617,5,9,2,2,266,6,1,1,8,1,0,0,0,0,7.3999999999999995,5.0,5.2,5.33,7.6,0
685,45762,48016,0,9,3,3,370,6,2,1,44,1,0,0,0,0,5.3999999999999995,5.5,9.6,5.85,7.6,0
704,202058,55672,19,2,2,3,843,12,1,1,44,0,0,0,0,0,8.8,4.0,10.0,8.215,10.0,0
545,185404,29276,5,5,2,2,249,1,2,1,28,0,0,0,0,0,5.0,5.0,5.2,5.245,4.6,0
770,191172,77240,7,2,1,2,491,1,0,1,33,1,0,0,0,0,4.0,3.5,9.350000000000001,6.455,4.6,0
722,156016,60735,14,1,4,2,684,11,2,1,4,1,0,0,0,0,6.2,8.0,6.4,7.42,10.0,0
364,68825,22959,13,7,2,2,470,14,1,1,30,1,0,0,0,0,9.4,5.0,10.0,6.35,10.0,0
312,33877,33522,15,4,5,1,858,9,2,1,25,1,0,0,0,0,8.4,10.0,9.75,8.29,9.399999999999999,0
512,181062,61087,19,5,5,3,147,10,0,1,36,1,0,0,1,0,10.0,8.5,10.0,4.735,6.0,0
541,149065,14953,22,4,3,3,460,1,2,1,43,1,0,0,0,0,10.0,5.5,10.0,6.3,4.6,0
792,128443,31567,15,6,1,2,333,3,0,1,19,0,0,0,0,0,9.6,3.5,5.85,5.665,5.8,0
512,119612,65523,18,2,2,3,482,8,1,1,7,0,0,0,0,0,8.4,4.0,4.65,6.41,8.8,0
637,137674,67708,23,8,1,3,750,4,2,1,5,1,0,0,0,0,10.0,2.5,8.350000000000001,7.75,6.4,0
472,135074,27560,0,4,4,3,623,1,2,1,17,1,0,0,0,0,2.4,7.0,5.55,7.115,4.6,0
463,206355,63390,3,8,3,3,486,3,2,1,7,1,0,0,0,0,6.0,5.5,4.65,6.43,5.8,0
764,154330,73149,23,3,5,3,202,6,2,1,24,1,0,0,0,0,10.0,8.5,10.0,5.01,7.6,0
796,51629,41660,9,5,3,2,316,4,2,1,1,1,0,0,0,0,6.6,6.5,4.95,5.58,6.4,0
694,188651,50104,19,3,2,3,551,10,2,0,27,1,0,0,0,0,9.4,4.0,10.0,2.755,10.0,0
607,174030,62805,17,7,2,3,816,7,2,1,41,1,0,0,0,0,10.0,4.0,10.0,8.08,8.2,0
482,190537,29496,1,3,2,2,768,0,2,1,24,1,0,0,0,0,2.1999999999999997,5.0,6.8,7.84,4.0,0
809,236925,88301,3,8,2,2,915,13,0,1,19,1,0,0,0,0,6.0,5.0,6.45,8.575,10.0,0
845,35775,96257,14,9,3,2,230,12,2,1,5,1,0,0,0,0,10.0,6.5,6.550000000000001,5.15,10.0,0
526,227647,8515,3,2,4,2,181,13,2,0,36,1,0,0,0,0,2.4000000000000004,8.0,9.0,1.0,10.0,0
735,245705,9454,15,3,2,2,169,14,2,1,15,1,1,0,0,0,7.8,5.0,8.25,4.845,10.0,0
721,185279,27873,14,7,4,3,181,4,2,0,34,1,0,0,0,0,9.8,7.0,10.0,1.0,6.4,0
320,173625,78920,17,5,4,3,72,3,2,1,35,1,0,0,0,0,9.8,7.0,10.0,4.36,5.8,0
696,204704,18727,6,7,2,2,582,2,2,1,0,1,0,0,0,0,6.6000000000000005,5.0,4.2,6.91,5.2,0
404,20055,74070,14,2,2,1,74,6,1,1,13,1,0,0,0,0,6.800000000000001,6.0,7.75,4.37,7.6,0
491,108697,54979,21,4,3,3,178,9,1,1,13,1,0,0,0,0,10.0,5.5,9.15,4.89,9.399999999999999,0
316,183945,30465,10,1,2,2,90,10,0,1,23,1,0,0,0,0,4.6,5.0,8.45,4.45,10.0,0
419,121505,58900,18,5,1,1,768,0,2,1,18,1,1,0,0,0,10.0,4.5,9.3,7.84,4.0,0
692,100720,64799,7,8,2,3,277,5,1,1,37,1,0,0,0,0,7.6,4.0,9.95,5.385,7.0,0
724,217277,26330,23,1,5,2,389,7,1,1,43,0,0,1,0,0,9.8,9.5,10.0,5.945,8.2,0
428,98199,13302,0,7,1,1,779,1,1,1,17,0,0,0,0,0,4.2,4.5,2.55,7.895,4.6,0
429,176390,83443,2,7,3,2,82,5,0,1,8,1,0,0,0,0,5.0,6.5,4.6,4.41,7.0,0
328,53734,94966,4,7,3,3,341,10,1,1,12,1,0,0,0,0,5.800000000000001,5.5,5.6,5.705,10.0,0
396,233299,77717,17,1,3,3,197,0,0,1,44,1,0,0,0,0,7.4,5.5,10.0,4.985,4.0,0
309,169594,17875,11,3,2,2,34,12,1,1,18,1,0,0,0,0,6.2,5.0,7.9,4.17,10.0,0
541,162728,32219,11,2,3,2,237,12,2,1,9,0,0,0,0,0,5.6000000000000005,6.5,3.55,5.1850000000000005,10.0,0
531,166965,41182,20,5,2,3,127,5,2,1,37,1,0,0,0,0,10.0,4.0,10.0,4.635,7.0,0
583,36493,85541,18,2,1,3,454,5,2,1,2,1,0,0,0,0,8.4,2.5,6.9,6.27,7.0,0
499,154704,47269,8,5,5,3,117,4,2,1,47,1,0,0,0,0,6.2,8.5,10.0,4.585,6.4,0
378,115872,84781,10,5,2,3,251,6,2,1,40,1,0,0,0,0,7.0,4.0,10.0,5.255,7.6,0
472,239720,11457,16,4,3,3,620,13,2,1,16,1,0,0,0,0,8.8,5.5,8.6,7.1,10.0,0
766,81779,11749,15,7,2,3,543,4,2,1,22,1,0,0,0,0,10.0,4.0,9.3,6.715,6.4,0
715,189524,38064,3,6,1,3,490,14,0,1,26,1,0,0,0,0,4.8,2.5,7.5,6.45,10.0,0
748,164338,14821,9,2,5,3,512,13,2,1,8,1,0,0,0,0,4.8,8.5,6.0,6.5600000000000005,10.0,0
386,141187,83655,21,4,3,3,507,7,1,0,4,1,1,0,0,0,10.0,5.5,7.8,2.535,8.2,0
400,136603,12664,14,7,1,2,65,1,1,1,18,0,0,0,0,0,9.8,3.5,5.5,4.325,4.6,0
307,81607,34281,24,9,5,3,158,5,1,1,28,1,0,0,0,0,10.0,8.5,10.0,4.79,7.0,0
499,36940,36821,18,9,3,3,320,4,2,1,14,1,0,0,0,0,10.0,5.5,8.7,5.6,6.4,0
804,175075,29647,2,3,2,3,561,9,2,1,41,1,0,0,0,0,2.5999999999999996,4.0,9.55,6.805,9.399999999999999,0
386,147880,74918,20,1,3,1,956,1,1,1,35,1,0,0,0,0,8.6,7.5,10.0,8.780000000000001,4.6,0
342,118408,86985,22,9,1,3,671,10,2,1,11,1,0,0,0,0,10.0,2.5,9.05,7.355,10.0,0
684,54815,87799,4,8,2,3,933,12,2,1,13,1,0,0,0,0,6.4,4.0,5.75,8.665,10.0,0
734,181941,95179,10,7,1,2,130,6,0,1,14,1,0,0,0,0,8.2,3.5,7.1,4.65,7.6,0
707,69297,79944,23,6,2,3,781,3,2,1,30,1,0,0,0,0,10.0,4.0,10.0,7.904999999999999,5.8,0
782,80107,94142,4,7,2,3,35,5,2,0,4,1,0,0,0,0,5.800000000000001,4.0,4.4,1.0,7.0,0
316,102793,32603,6,9,4,2,992,4,0,0,43,1,0,0,0,0,7.8,8.0,10.0,4.96,6.4,0
447,167754,51458,5,6,3,2,121,3,1,1,2,1,0,0,0,0,5.6,6.5,4.3,4.605,5.8,0
576,39622,75605,12,3,2,3,520,12,2,1,46,0,0,0,0,0,6.6000000000000005,4.0,9.3,6.6,10.0,0
531,50408,24623,1,3,4,3,890,1,2,1,29,1,0,1,0,0,2.1999999999999997,7.0,7.55,8.45,4.6,0
665,159909,49440,18,4,2,1,965,12,1,1,46,1,0,0,0,0,9.6,6.0,10.0,8.825,10.0,0
527,215282,87427,10,8,3,1,32,12,2,1,11,0,0,0,0,0,8.8,7.5,3.65,4.16,10.0,0
735,166479,12704,19,9,1,1,690,6,1,1,14,1,0,0,0,0,10.0,4.5,8.9,7.45,7.6,0
698,180381,98826,4,8,4,2,835,4,2,1,37,0,0,0,0,0,6.4,8.0,6.35,8.175,6.4,0
510,222990,32460,8,2,4,2,273,12,2,1,27,0,0,1,0,0,4.4,8.0,5.65,5.365,10.0,0
690,113190,88045,5,4,3,3,125,2,0,1,48,1,0,0,0,0,4.4,5.5,10.0,4.625,5.2,0
798,169967,87805,16,4,4,3,489,5,1,1,22,1,1,0,0,0,8.8,7.0,9.5,6.445,7.0,0
839,237984,78511,18,2,2,3,316,7,1,1,46,1,0,1,0,0,8.4,4.0,10.0,5.58,8.2,0
790,20370,11565,22,8,4,1,240,10,2,1,14,1,0,0,0,0,10.0,9.0,9.5,5.2,10.0,0
741,134212,93003,7,3,2,2,710,9,2,1,10,1,0,0,0,0,4.6,5.0,5.9,7.55,9.399999999999999,0
560,20486,9870,6,2,1,2,501,9,2,1,29,1,0,0,0,0,3.6000000000000005,3.5,8.55,6.505,9.399999999999999,0
649,43762,23909,4,7,3,3,778,11,2,1,11,1,0,0,0,0,5.800000000000001,5.5,5.45,7.890000000000001,10.0,0
651,46613,14117,14,1,3,3,129,1,2,1,18,1,0,0,0,0,6.2,5.5,8.5,4.645,4.6,0
819,23196,72474,9,6,2,3,295,10,0,1,31,1,0,0,0,0,7.199999999999999,4.0,9.45,5.475,10.0,0
619,246009,98926,23,3,1,1,997,9,2,1,0,1,0,0,1,0,10.0,4.5,7.6000000000000005,8.985,5.3999999999999995,0
437,120565,49322,15,3,1,3,794,11,1,1,15,1,0,0,0,0,7.8,2.5,8.25,7.970000000000001,10.0,0
849,96349,25128,8,5,2,3,416,3,2,1,10,0,1,0,0,0,6.2,4.0,3.1,6.08,5.8,0
667,84839,74001,6,3,1,3,367,2,2,1,30,1,0,0,0,0,4.2,2.5,8.7,5.835,5.2,0
519,192988,5440,10,4,1,3,899,6,2,1,32,0,0,0,0,0,6.4,2.5,6.8,8.495000000000001,7.6,0
636,28572,65955,8,3,2,3,161,9,2,1,35,1,0,0,0,0,5.0,4.0,9.85,4.805,9.399999999999999,0
522,179297,54613,16,7,5,1,607,7,1,1,29,1,0,1,0,0,10.0,10.0,10.0,7.035,8.2,0
659,65853,75949,8,3,3,3,334,7,1,1,37,1,0,0,0,0,5.0,5.5,10.0,5.67,8.2,0
628,200462,16663,2,4,2,2,866,13,2,1,3,1,0,0,0,0,3.2,5.0,3.85,8.33,10.0,0
762,183347,24547,21,2,5,1,957,3,2,1,24,1,0,0,0,0,9.6,10.0,10.0,8.785,5.8,0
681,92379,86662,7,2,3,1,848,14,1,1,33,1,0,0,0,0,4.0,7.5,9.350000000000001,8.24,10.0,0
468,152177,5005,18,9,2,3,255,14,1,1,16,0,0,0,0,0,10.0,4.0,6.0,5.275,10.0,0
516,136074,12038,19,1,2,2,835,9,1,1,32,1,0,0,0,0,8.200000000000001,5.0,10.0,8.175,9.399999999999999,0
677,210968,11414,15,1,2,3,927,1,2,1,29,1,0,0,0,0,6.6,4.0,10.0,8.635,4.6,0
418,63209,92659,6,1,2,3,324,5,2,1,12,1,0,0,0,0,3.0000000000000004,4.0,6.0,5.62,7.0,0
489,248247,74506,6,3,2,3,949,14,2,1,11,1,0,0,0,0,4.2,4.0,5.85,8.745000000000001,10.0,0
669,193559,81586,19,2,2,3,814,2,2,1,31,0,0,0,0,0,8.8,4.0,8.45,8.07,5.2,0
448,169123,7606,24,3,2,3,171,7,2,1,22,1,0,0,0,0,10.0,4.0,10.0,4.855,8.2,0
787,114244,21482,12,5,3,2,621,2,1,1,28,1,1,0,0,0,7.800000000000001,6.5,9.600000000000001,7.105,5.2,0
673,228472,76873,2,9,2,2,378,1,2,1,33,1,0,0,0,0,6.199999999999999,5.0,8.350000000000001,5.89,4.6,0
459,120300,38948,11,2,3,3,194,12,2,0,18,1,0,0,1,0,5.6000000000000005,5.5,7.9,1.0,7.199999999999999,0
650,218033,94987,23,1,2,2,962,12,0,1,11,1,0,0,0,0,9.8,5.0,9.25,8.809999999999999,10.0,0
587,211228,96801,7,6,5,1,945,8,1,1,3,1,0,0,0,0,6.4,10.0,4.85,8.725,8.8,0
587,134682,96250,12,3,2,3,285,8,2,1,24,1,0,0,0,1,6.6000000000000005,4.0,9.0,5.425,8.8,0
525,77175,25875,19,7,4,3,538,8,1,1,25,1,0,0,0,0,10.0,7.0,10.0,6.6899999999999995,8.8,0
822,157921,18057,15,6,3,3,445,2,2,1,17,1,0,1,0,0,9.6,5.5,8.55,6.225,5.2,0
821,121551,37400,6,7,3,3,269,1,2,1,29,1,0,0,0,0,6.6000000000000005,5.5,8.55,5.345,4.6,0
572,38976,76458,3,5,3,3,968,13,2,1,33,0,0,0,0,0,4.2,5.5,5.550000000000001,8.84,10.0,0
701,150617,73607,11,1,1,2,254,13,2,1,32,1,0,0,0,0,5.0,3.5,10.0,5.27,10.0,0
482,119794,92561,16,3,5,2,827,3,2,1,30,0,0,0,0,0,8.2,9.5,7.7,8.135,5.8,0
787,76866,32503,0,3,1,3,347,1,1,1,30,1,0,0,0,0,1.7999999999999998,2.5,7.5,5.735,4.6,0
423,137752,28765,16,7,2,1,997,7,2,1,12,1,0,0,0,0,10.0,6.0,8.0,8.985,8.2,0
713,67078,51612,1,3,2,2,59,9,1,0,23,1,0,0,0,0,2.1999999999999997,5.0,6.65,1.0,9.399999999999999,0
471,51113,89335,5,5,2,3,281,0,2,1,4,1,0,0,0,0,5.0,4.0,4.6,5.405,4.0,0
587,35401,98012,11,4,3,2,244,1,2,0,0,1,0,0,0,0,6.800000000000001,6.5,5.2,1.22,4.6,0
734,163956,86748,10,4,4,2,593,5,1,1,33,1,0,0,0,0,6.4,8.0,9.95,6.965,7.0,0
412,235432,14428,20,7,2,2,838,8,2,1,45,1,0,0,0,0,10.0,5.0,10.0,8.190000000000001,8.8,0
421,188635,36419,10,1,5,2,565,9,2,0,8,1,0,0,0,0,4.6,9.5,6.2,2.825,9.399999999999999,0
843,185486,70195,17,7,2,2,923,11,2,1,7,1,0,0,0,0,10.0,5.0,7.45,8.615,10.0,0
521,167214,78695,7,8,1,3,315,4,2,1,42,1,0,0,0,0,7.6,2.5,10.0,5.575,6.4,0
338,91492,94846,24,3,1,3,486,4,2,1,35,1,0,0,0,0,10.0,2.5,10.0,6.43,6.4,0
796,230536,44142,6,3,3,2,497,2,2,1,28,1,0,0,0,0,4.2,6.5,8.4,6.484999999999999,5.2,0
532,226329,76540,13,4,1,2,89,7,0,1,34,0,0,1,0,0,7.6,3.5,7.699999999999999,4.445,8.2,0
829,96693,43289,15,6,2,1,295,11,0,1,4,1,0,0,1,0,9.6,6.0,6.6,5.475,6.6,0
448,55135,81948,11,7,1,3,570,5,1,1,45,1,0,0,0,0,8.600000000000001,2.5,10.0,6.85,7.0,0
696,223304,63951,8,1,2,2,107,9,1,0,9,1,0,0,0,0,3.8000000000000003,5.0,5.95,1.0,9.399999999999999,0
601,47862,16755,19,4,3,3,487,11,1,1,37,1,0,0,0,0,10.0,5.5,10.0,6.4350000000000005,10.0,0
659,156262,89553,22,7,2,2,926,1,2,1,9,1,0,0,1,0,10.0,5.0,8.75,8.629999999999999,1.0,0
537,90199,8890,20,2,1,3,415,11,2,1,10,1,0,0,0,0,9.2,2.5,8.5,6.075,10.0,0
535,125366,99376,15,1,2,2,952,11,2,1,7,0,0,0,0,0,6.6,5.0,4.05,8.76,10.0,0
502,24331,22175,20,1,2,1,546,4,1,1,3,1,0,0,0,0,8.6,6.0,7.45,6.73,6.4,0
555,203258,79727,18,6,1,1,735,3,2,1,17,1,0,0,0,0,10.0,4.5,9.15,7.675,5.8,0
534,64648,70687,15,5,2,3,577,10,2,1,19,1,0,0,0,0,9.0,4.0,8.85,6.885,10.0,0
644,48549,89983,8,1,3,2,264,9,2,1,45,1,0,0,0,0,3.8000000000000003,6.5,10.0,5.32,9.399999999999999,0
833,232854,93287,12,3,1,2,969,8,2,1,2,1,0,0,0,0,6.6000000000000005,3.5,5.7,8.844999999999999,8.8,0
765,45761,99711,4,7,2,3,677,3,2,1,43,1,0,0,0,0,5.800000000000001,4.0,10.0,7.385,5.8,0
840,23262,29288,21,9,2,2,496,7,1,1,14,0,0,0,0,0,10.0,5.0,6.300000000000001,6.48,8.2,0
512,202331,51629,18,9,2,2,682,0,2,1,7,1,0,0,0,0,10.0,5.0,7.65,7.41,4.0,0
762,92572,52800,9,6,2,3,203,4,2,1,45,1,0,0,0,0,7.199999999999999,4.0,10.0,5.015,6.4,0
735,204544,42367,6,3,2,2,525,8,2,1,5,1,0,1,0,0,4.2,5.0,4.95,6.625,8.8,0
582,107858,82810,8,1,2,3,473,2,2,1,45,1,0,0,0,0,3.8000000000000003,4.0,10.0,6.365,5.2,0
762,104667,82754,24,3,3,2,789,10,2,1,35,1,0,0,0,0,10.0,6.5,10.0,7.945,10.0,0
706,24677,94328,13,2,1,2,922,12,2,0,19,0,0,0,0,0,6.4,3.5,5.45,4.61,10.0,0
387,224580,73513,14,5,3,2,513,5,2,1,31,1,0,0,0,0,8.600000000000001,6.5,10.0,6.5649999999999995,7.0,0
343,150334,87762,12,8,2,3,45,10,2,1,5,1,0,0,0,0,9.600000000000001,4.0,6.15,4.225,10.0,0
760,231937,34022,9,5,2,3,25,9,2,1,15,1,0,0,0,0,6.6,4.0,7.05,4.125,9.399999999999999,0
577,121437,74329,13,1,3,3,928,5,2,1,48,1,0,0,0,0,5.8,5.5,10.0,8.64,7.0,0
720,201689,64414,20,3,2,2,977,10,1,1,1,1,0,0,0,0,9.8,5.0,7.15,8.885,10.0,0
652,237101,6659,22,5,2,3,898,5,2,1,17,1,0,0,0,0,10.0,4.0,9.95,8.49,7.0,0
814,169667,62941,11,7,3,2,658,3,1,1,44,1,0,0,0,0,8.600000000000001,6.5,10.0,7.29,5.8,0
318,238531,42930,18,5,3,2,599,6,2,1,25,0,0,0,0,0,10.0,6.5,7.35,6.995,7.6,0
322,80148,48473,5,5,5,3,832,2,2,1,19,1,0,0,0,0,5.0,8.5,6.85,8.16,5.2,0
712,66926,60598,11,7,3,2,82,5,1,1,15,1,0,0,0,0,8.600000000000001,6.5,7.45,4.41,7.0,0
329,95271,21040,23,8,4,2,329,9,1,1,20,0,0,0,0,0,10.0,8.0,7.6000000000000005,5.645,9.399999999999999,0
407,54457,74806,12,8,1,2,952,4,2,0,44,1,0,0,0,0,9.600000000000001,3.5,10.0,4.76,6.4,0
666,62531,18286,7,7,2,3,254,2,2,1,13,1,0,0,0,0,7.0,4.0,6.35,5.27,5.2,0
580,224335,74139,15,3,2,2,867,1,2,1,17,1,0,0,0,0,7.8,5.0,8.55,8.335,4.6,0
427,224372,60916,1,2,1,2,749,11,2,1,7,1,0,0,0,0,1.6,3.5,4.25,7.745,10.0,0
528,148027,22600,21,1,2,3,204,14,2,1,4,0,0,0,0,0,9.0,4.0,4.8,5.02,10.0,0
410,214243,7291,6,6,3,2,767,0,1,1,23,0,0,0,0,0,6.0,6.5,4.65,7.835,4.0,0
435,65771,18123,11,9,2,2,915,7,2,1,40,1,0,0,0,0,9.8,5.0,10.0,8.575,8.2,0
661,113135,8811,6,3,3,3,98,0,2,1,46,1,0,1,0,0,4.2,5.5,10.0,4.49,4.0,0
485,86354,83883,18,5,2,3,781,4,2,1,28,1,0,0,0,0,10.0,4.0,10.0,7.904999999999999,6.4,0
428,132743,36276,13,9,2,1,807,4,1,0,8,1,0,0,0,0,10.0,6.0,6.8,4.035,6.4,0
560,188361,59145,8,9,2,3,148,0,2,1,41,1,0,0,0,0,8.6,4.0,10.0,4.74,4.0,0
814,53892,51619,17,7,2,1,572,8,1,1,17,0,0,0,0,0,10.0,6.0,5.95,6.859999999999999,8.8,0
748,222268,86049,10,4,2,3,668,4,1,1,45,0,0,0,0,0,6.4,4.0,8.75,7.34,6.4,0
403,149662,75678,15,2,3,2,763,8,1,1,17,0,0,0,0,0,7.2,6.5,5.55,7.8149999999999995,8.8,0
782,115057,93782,18,2,1,2,406,10,2,1,47,1,0,0,0,0,8.4,3.5,10.0,6.029999999999999,10.0,0
523,58409,96043,10,4,1,2,962,5,2,1,27,0,0,0,0,0,6.4,3.5,6.05,8.809999999999999,7.0,0
790,185542,31714,17,1,3,3,493,6,2,0,36,1,0,0,0,0,7.4,5.5,10.0,2.465,7.6,0
772,169457,60685,10,4,2,3,396,6,1,1,9,1,0,0,0,0,6.4,4.0,6.35,5.98,7.6,0
309,174368,17194,24,6,2,3,377,1,2,1,19,1,0,0,0,0,10.0,4.0,10.0,5.885,4.6,0
704,138566,78062,3,6,1,3,855,13,2,1,37,1,0,0,0,0,4.8,2.5,9.15,8.275,10.0,0
601,81716,69037,17,7,2,1,467,4,2,1,40,1,0,0,0,0,10.0,6.0,10.0,6.335,6.4,0
530,109152,24362,18,5,3,2,431,1,2,1,22,1,0,0,0,0,10.0,6.5,9.9,6.154999999999999,4.6,0
365,46382,59499,12,9,4,3,241,3,2,1,47,1,0,0,0,0,10.0,7.0,10.0,5.205,5.8,0
411,96675,51281,3,2,3,3,548,11,2,1,42,1,0,0,0,0,2.4000000000000004,5.5,9.9,6.74,10.0,0
312,248668,67813,9,2,1,3,353,2,0,1,19,1,0,0,0,0,4.8,2.5,7.65,5.765,5.2,0
692,42419,49852,21,4,3,2,729,11,1,1,22,1,1,0,0,0,10.0,6.5,10.0,7.645,10.0,0
799,244393,52836,4,4,2,2,147,12,1,1,49,1,1,0,0,0,4.0,5.0,10.0,4.735,10.0,0
533,101238,9595,2,4,2,2,383,10,2,1,4,1,0,0,0,0,3.2,5.0,4.0,5.915,10.0,0
613,245825,20402,15,1,1,2,446,5,2,1,26,1,0,1,0,0,6.6,3.5,9.9,6.23,7.0,0
311,190363,70283,7,4,3,2,164,10,2,1,8,0,0,0,0,0,5.2,6.5,2.6,4.82,10.0,0
508,32397,97676,23,5,3,2,528,14,1,1,42,1,0,0,0,0,10.0,6.5,10.0,6.640000000000001,10.0,0
313,77888,93131,6,9,3,3,124,4,2,1,40,1,0,0,0,0,7.8,5.5,10.0,4.62,6.4,0
717,55169,47723,18,3,3,2,101,0,2,1,35,1,0,0,1,0,9.0,6.5,10.0,4.505,1.0,0
736,82182,56322,13,3,2,1,355,14,2,1,39,0,0,0,0,0,7.0,6.0,8.45,5.775,10.0,0
676,112476,51764,14,5,2,3,603,1,0,1,36,0,0,0,0,0,8.600000000000001,4.0,8.2,7.015000000000001,4.6,0
319,62249,29911,16,6,3,2,534,12,2,1,2,0,0,0,0,0,10.0,6.5,3.5,6.67,10.0,0
369,179413,96288,20,3,3,3,593,6,2,1,35,0,0,0,0,0,9.8,5.5,9.25,6.965,7.6,0
510,95603,24405,0,1,3,2,100,8,2,1,47,1,1,0,0,0,1.0,6.5,10.0,4.5,8.8,0
400,197216,63122,5,8,2,3,709,0,1,0,44,0,0,0,0,0,6.8,4.0,7.6,3.545,4.0,0
431,212844,94756,22,1,3,3,407,3,0,1,34,1,0,0,0,0,9.4,5.5,10.0,6.035,5.8,0
680,99360,8447,14,2,2,3,114,13,2,1,35,1,0,0,0,0,6.800000000000001,4.0,10.0,4.57,10.0,0
431,33444,58143,11,3,3,3,821,14,2,1,28,0,0,0,0,0,6.2,5.5,6.4,8.105,10.0,0
319,196719,67906,20,6,2,2,975,14,1,1,32,0,0,0,0,0,10.0,5.0,8.8,8.875,10.0,0
835,143662,15662,19,4,4,2,605,10,2,1,25,1,0,0,0,0,10.0,8.0,10.0,7.025,10.0,0
526,118843,68001,1,4,1,3,549,2,1,1,7,1,0,0,0,0,2.8,2.5,4.25,6.745,5.2,0
453,30974,63282,4,9,3,3,288,11,2,1,8,0,0,0,0,0,7.0,5.5,2.0,5.4399999999999995,10.0,0
768,132150,9899,8,6,2,3,21,11,2,1,21,1,0,0,0,0,6.8,4.0,7.75,4.105,10.0,0
704,189455,33582,19,2,1,2,929,10,1,1,4,1,0,1,0,0,8.8,3.5,7.4,8.645,10.0,0
501,114826,72471,13,7,1,3,316,12,1,1,43,1,0,0,0,0,9.4,2.5,10.0,5.58,10.0,0
337,232624,47213,17,3,3,3,373,4,2,1,40,1,0,0,0,0,8.600000000000001,5.5,10.0,5.865,6.4,0
487,117648,80871,21,9,1,3,671,4,2,1,35,1,0,0,0,0,10.0,2.5,10.0,7.355,6.4,0
356,245121,88205,7,6,1,2,327,12,1,1,31,1,0,0,0,0,6.4,3.5,9.05,5.635,10.0,0
319,154028,79081,1,8,5,3,547,11,2,0,29,1,0,0,0,0,5.2,8.5,7.55,2.735,10.0,0
572,159149,88805,8,1,3,2,223,9,2,1,48,0,0,0,0,0,3.8000000000000003,6.5,8.799999999999999,5.115,9.399999999999999,0
418,56490,42830,6,2,2,1,323,9,2,1,43,1,0,0,0,0,3.6000000000000005,6.0,10.0,5.615,9.399999999999999,0
815,144713,12066,17,6,2,3,464,10,2,1,44,1,0,0,0,0,10.0,4.0,10.0,6.32,10.0,0
520,75612,15712,15,3,2,2,408,1,2,1,42,1,0,0,0,0,7.8,5.0,10.0,6.04,4.6,0
825,120474,86527,20,1,3,3,761,4,2,0,16,0,0,0,0,0,8.6,5.5,6.4,3.805,6.4,0
814,56159,70365,4,6,3,2,231,3,2,1,29,1,0,0,0,0,5.199999999999999,6.5,8.149999999999999,5.155,5.8,0
635,59710,92185,22,5,3,1,589,12,2,1,46,1,0,0,0,0,10.0,7.5,10.0,6.945,10.0,0
354,234608,35806,14,9,2,2,271,0,1,1,8,0,0,0,0,0,10.0,5.0,4.0,5.355,4.0,0
799,164878,17210,4,6,3,2,505,11,2,1,3,1,0,0,0,0,5.199999999999999,6.5,4.25,6.525,10.0,0
835,133096,41972,10,5,1,1,632,0,0,1,11,1,0,0,0,0,7.0,4.5,6.65,7.16,4.0,0
461,229417,39136,21,1,1,2,139,0,2,1,34,1,0,0,0,0,9.0,3.5,10.0,4.695,4.0,0
458,231463,49297,13,1,3,3,168,7,2,1,19,1,0,0,0,0,5.8,5.5,8.45,4.84,8.2,0
487,127412,20945,24,1,1,3,801,14,1,1,16,1,0,0,0,0,10.0,2.5,10.0,8.004999999999999,10.0,0
359,114924,47477,18,7,2,3,300,2,0,1,21,0,0,0,0,0,10.0,4.0,6.75,5.5,5.2,0
618,26458,84180,2,6,3,3,824,8,1,1,6,1,0,0,0,0,4.3999999999999995,5.5,4.3,8.120000000000001,8.8,0
510,150993,75453,23,5,2,2,552,14,1,1,38,1,0,0,0,0,10.0,5.0,10.0,6.76,10.0,0
705,55524,90404,9,4,1,3,98,9,2,1,43,1,0,0,0,0,6.0,2.5,10.0,4.49,9.399999999999999,0
408,157925,82413,5,8,3,3,977,1,2,1,41,1,0,0,0,0,6.8,5.5,10.0,8.885,4.6,0
375,60477,18224,2,8,4,2,341,8,0,1,7,1,0,0,0,0,5.6,8.0,4.45,5.705,8.8,0
841,52222,8052,1,5,3,3,639,10,1,1,8,0,1,0,1,0,3.4,5.5,1.4,7.195,6.0,0
613,38320,32272,12,4,2,2,515,8,2,1,45,1,0,0,0,0,7.200000000000001,5.0,10.0,6.575,8.8,0
416,114154,46150,17,2,2,3,139,14,1,1,5,0,0,0,0,0,8.0,4.0,4.15,4.695,10.0,0
318,72243,22316,1,7,1,2,216,3,2,1,18,0,0,0,0,0,4.6000000000000005,3.5,2.9,5.08,5.8,0
731,196687,58389,14,5,3,1,369,3,1,1,21,0,0,0,0,0,8.600000000000001,7.5,5.95,5.845,5.8,0
649,168424,68332,4,3,2,1,68,3,2,1,46,1,0,0,0,1,3.4,6.0,10.0,4.34,5.8,0
482,92833,12240,14,9,4,2,105,11,2,1,19,0,0,0,0,0,10.0,8.0,5.65,4.525,10.0,0
412,113476,73774,20,9,2,3,840,0,1,1,19,1,0,0,1,0,10.0,4.0,9.85,8.2,1.0,0
482,134560,48175,16,8,2,3,255,4,1,1,26,0,0,0,0,0,10.0,4.0,7.1,5.275,6.4,0
780,154275,5565,1,1,3,2,468,12,2,1,26,1,0,0,0,0,1.0,6.5,7.1,6.34,10.0,0
445,59267,92298,17,3,3,2,154,5,1,1,6,1,0,0,0,0,8.600000000000001,6.5,7.300000000000001,4.77,7.0,0
412,57941,76094,14,2,3,2,319,3,2,1,23,1,0,0,0,0,6.800000000000001,6.5,9.25,5.595,5.8,0
775,102809,21375,19,4,4,3,646,7,1,1,7,1,0,0,0,0,10.0,7.0,7.8500000000000005,7.23,8.2,0
602,45368,30710,22,2,5,2,926,14,2,1,2,1,0,0,0,0,10.0,9.5,7.7,8.629999999999999,10.0,0
417,97186,54895,2,8,4,3,543,14,2,1,10,1,0,0,0,0,5.6,7.0,4.9,6.715,10.0,0
460,50984,81639,4,1,3,3,390,13,2,1,35,1,0,0,0,0,2.2,5.5,9.05,5.95,10.0,0
700,193013,20174,10,4,3,3,362,13,1,1,1,1,0,0,0,0,6.4,5.5,5.15,5.8100000000000005,10.0,0
497,223990,92329,8,5,3,3,893,2,2,0,0,1,0,0,0,0,6.2,5.5,4.6,4.465,5.2,0
559,203755,32597,4,4,1,3,960,10,2,1,6,1,0,0,0,1,4.0,2.5,4.7,8.8,10.0,0
346,20801,79289,24,8,2,3,294,8,2,1,23,1,0,0,0,0,10.0,4.0,10.0,5.47,8.8,0
698,126538,43397,0,2,1,3,728,12,2,1,11,0,0,0,1,0,1.2,2.5,1.65,7.640000000000001,7.199999999999999,0
377,132201,76854,24,9,1,3,926,6,1,1,7,1,0,0,0,0,10.0,2.5,8.850000000000001,8.629999999999999,7.6,0
423,67965,38069,13,2,2,3,511,7,1,1,12,1,0,0,0,0,6.4,4.0,7.4,6.555,8.2,0
374,105269,90687,4,2,1,3,267,6,0,0,5,0,0,0,0,0,2.8,2.5,1.55,1.335,7.6,0
436,161041,45274,7,2,4,3,819,8,1,1,38,1,0,0,0,0,4.0,7.0,10.0,8.094999999999999,8.8,0
699,55969,79237,20,8,3,3,61,1,1,1,23,0,0,0,0,0,10.0,5.5,7.449999999999999,4.305,4.6,0
804,233341,77498,13,3,1,3,559,14,1,1,23,1,0,1,0,0,7.0,2.5,9.05,6.795,10.0,0
799,183521,43197,15,8,2,1,908,14,1,1,37,1,0,0,0,0,10.0,6.0,10.0,8.54,10.0,0
437,111679,53634,5,7,3,1,674,3,1,1,43,1,0,0,0,0,6.2,7.5,10.0,7.37,5.8,0
349,176777,35041,7,4,3,3,854,1,1,1,6,1,0,0,0,0,5.2,5.5,5.3,8.27,4.6,0
553,211375,12248,1,7,4,1,225,7,1,1,9,0,0,0,0,0,4.6000000000000005,9.0,1.5499999999999998,5.125,8.2,0
725,48363,90365,18,8,5,2,455,1,1,1,29,1,0,0,0,0,10.0,9.5,10.0,6.275,4.6,0
846,181792,7203,8,6,5,2,232,7,2,1,38,0,1,0,0,0,6.8,9.5,7.300000000000001,5.16,8.2,0
601,161044,56986,4,6,2,3,664,5,1,1,23,0,0,0,0,0,5.199999999999999,4.0,4.25,7.32,7.0,0
648,53351,30370,4,3,2,3,975,6,1,1,26,0,0,0,0,0,3.4,4.0,4.7,8.875,7.6,0
348,131023,40247,24,5,3,2,114,10,0,1,29,1,0,0,0,0,10.0,6.5,10.0,4.57,10.0,0
373,187217,80922,18,2,2,2,531,14,2,1,14,1,0,0,0,0,8.4,5.0,8.7,6.654999999999999,10.0,0
560,107948,5434,3,5,3,3,978,12,2,1,1,0,0,0,0,0,4.2,5.5,1.0,8.89,10.0,0
655,240686,67982,15,5,2,3,763,5,0,1,7,1,0,0,0,0,9.0,4.0,7.05,7.8149999999999995,7.0,0
559,239188,70180,15,7,3,1,897,13,2,1,16,1,0,1,0,0,10.0,7.5,8.4,8.485,10.0,0
594,76235,39474,15,4,2,1,392,11,2,1,47,1,0,0,0,0,8.4,6.0,10.0,5.96,10.0,0
612,34855,29644,6,6,2,3,123,8,2,1,12,1,0,0,0,0,6.0,4.0,6.0,4.615,8.8,0
481,187241,43493,17,9,2,3,754,3,2,1,17,1,0,0,0,0,10.0,4.0,8.95,7.77,5.8,0
663,197476,88824,23,4,4,3,78,0,2,1,20,1,0,0,0,0,10.0,7.0,10.0,4.39,4.0,0
487,170641,8959,20,6,2,3,374,8,0,1,35,1,0,0,0,0,10.0,4.0,10.0,5.87,8.8,0
842,145074,52289,0,9,4,3,53,12,1,1,11,1,0,0,0,0,5.3999999999999995,7.0,4.65,4.265,10.0,0
847,74437,16143,2,1,3,2,690,9,2,1,42,1,0,0,0,0,1.4,6.5,9.7,7.45,9.399999999999999,0
707,199578,44593,24,8,3,1,220,7,2,1,1,0,0,0,0,0,10.0,7.5,4.950000000000001,5.1,8.2,0
713,176810,44115,20,1,3,3,285,0,2,1,19,1,0,0,0,0,8.6,5.5,9.85,5.425,4.0,0
641,157844,27540,7,4,3,3,116,12,1,1,22,1,0,0,0,0,5.2,5.5,7.7,4.58,10.0,0
519,110410,40481,0,3,2,3,942,9,1,1,20,1,0,0,1,0,1.7999999999999998,4.0,6.0,8.71,5.3999999999999995,0
462,39731,82097,6,4,1,3,488,5,2,1,30,1,0,0,0,0,4.800000000000001,2.5,8.7,6.4399999999999995,7.0,0
519,161203,27578,6,7,4,3,688,13,2,1,15,0,0,0,0,0,6.6000000000000005,7.0,3.45,7.4399999999999995,10.0,0
569,86324,17787,7,9,3,3,214,9,2,1,12,0,0,0,0,0,8.2,5.5,3.2,5.07,9.399999999999999,0
699,205169,77048,18,9,2,1,128,11,2,1,3,1,0,0,0,0,10.0,6.0,7.05,4.64,10.0,0
481,101720,57879,16,1,3,1,495,11,1,0,1,1,0,0,0,0,7.0,7.5,6.35,2.475,10.0,0
504,116433,15596,10,1,2,3,118,14,2,0,49,0,0,0,0,0,4.6,4.0,9.35,1.0,10.0,0
527,22889,65669,14,9,1,2,463,3,2,1,0,1,0,0,0,0,10.0,3.5,5.800000000000001,6.3149999999999995,5.8,0
549,29569,24930,8,4,2,1,248,14,2,1,25,1,0,0,0,0,5.6,6.0,8.35,5.24,10.0,0
740,107193,52950,16,3,2,3,17,14,2,1,29,1,0,0,0,0,8.2,4.0,10.0,4.085,10.0,0
832,226749,23687,10,9,1,3,521,10,2,1,37,1,0,0,0,0,9.399999999999999,2.5,10.0,6.605,10.0,0
495,105192,57833,5,5,2,2,52,1,1,1,19,1,0,0,0,0,5.0,5.0,6.85,4.26,4.6,0
818,107154,40989,8,6,2,3,403,2,1,1,24,1,0,0,1,0,6.8,4.0,8.2,6.015000000000001,1.2,0
369,228542,35183,17,1,1,1,818,11,0,0,18,1,0,0,0,0,7.4,4.5,9.1,4.09,10.0,0
698,128073,25758,19,1,2,2,141,12,2,1,26,1,0,0,0,0,8.200000000000001,5.0,10.0,4.705,10.0,0
502,239894,6082,1,7,2,3,727,11,1,1,9,1,0,0,0,0,4.6000000000000005,4.0,4.55,7.635,10.0,0
447,27612,50891,3,8,1,3,909,8,0,1,40,0,0,0,0,0,6.0,2.5,6.6,8.545,8.8,0
771,71644,50810,17,8,1,1,801,4,2,1,16,1,0,0,0,0,10.0,4.5,8.8,8.004999999999999,6.4,0
498,52069,51901,0,7,1,2,760,6,0,1,46,1,0,0,0,0,4.2,3.5,9.899999999999999,7.8,7.6,0
725,101741,88512,10,9,1,2,798,14,0,1,1,1,0,0,0,0,9.399999999999999,3.5,5.15,7.99,10.0,0
791,178403,76062,2,1,3,3,403,12,2,1,16,0,0,0,0,0,1.4,5.5,2.8,6.015000000000001,10.0,0
441,75897,26563,7,2,2,3,567,14,2,1,6,1,0,0,0,0,4.0,4.0,5.3,6.835,10.0,0
612,165006,77008,4,3,1,2,994,1,2,1,15,1,0,0,0,0,3.4,3.5,6.05,8.969999999999999,4.6,0
464,161167,7775,19,5,1,1,207,7,2,1,48,0,0,0,0,0,10.0,4.5,10.0,5.035,8.2,0
613,242566,20828,20,4,2,3,473,2,2,1,26,1,0,0,0,0,10.0,4.0,10.0,6.365,5.2,0
320,122544,22974,21,4,3,3,130,0,2,1,0,0,0,0,0,0,10.0,5.5,4.2,4.65,4.0,0
381,38706,27388,21,8,2,3,309,12,2,1,21,0,0,0,0,0,10.0,4.0,7.35,5.545,10.0,0
430,194588,85591,4,8,1,2,229,7,1,1,21,1,0,1,0,0,6.4,3.5,6.95,5.145,8.2,0
604,123602,23615,10,7,2,3,877,10,2,1,26,1,0,0,0,0,8.2,4.0,8.9,8.385,10.0,0
670,248080,42886,11,1,2,2,810,10,1,1,15,1,0,0,0,0,5.0,5.0,7.45,8.05,10.0,0
683,54629,27838,21,4,1,2,103,8,1,0,35,1,0,0,0,0,10.0,3.5,10.0,1.0,8.8,0
744,197982,45728,8,1,3,2,301,7,1,0,15,1,0,0,0,0,3.8000000000000003,6.5,6.85,1.505,8.2,0
724,239612,83000,20,5,2,3,162,0,0,1,23,1,0,0,0,0,10.0,4.0,10.0,4.8100000000000005,4.0,0
460,144746,57798,12,3,1,3,534,11,2,0,34,1,0,0,0,0,6.6000000000000005,2.5,10.0,2.67,10.0,0
477,40431,77776,21,3,3,3,944,6,2,1,32,1,0,0,0,0,10.0,5.5,10.0,8.719999999999999,7.6,0
789,207805,75478,19,4,3,3,728,6,1,1,16,1,0,0,0,0,10.0,5.5,9.2,7.640000000000001,7.6,0
626,60088,24622,2,2,3,2,776,3,2,1,4,1,0,0,0,0,2.0,6.5,4.0,7.88,5.8,0
588,195207,18536,12,7,2,1,431,12,2,1,34,1,0,0,0,0,9.0,6.0,10.0,6.154999999999999,10.0,0
653,189087,72136,21,4,2,3,167,12,2,1,18,1,0,0,0,0,10.0,4.0,9.9,4.835,10.0,0
327,51385,10700,10,5,2,3,279,12,2,1,42,1,0,0,0,0,7.0,4.0,10.0,5.395,10.0,0
342,90199,43839,10,2,3,3,827,11,1,1,46,0,1,0,0,0,5.2,5.5,8.899999999999999,8.135,10.0,0
722,58677,15248,20,6,2,2,589,7,2,1,33,1,0,0,0,0,10.0,5.0,10.0,6.945,8.2,0
476,138104,50291,19,9,1,1,266,4,2,1,31,1,0,0,0,0,10.0,4.5,10.0,5.33,6.4,0
828,32818,87629,20,8,3,2,710,12,2,1,24,1,0,0,0,0,10.0,6.5,10.0,7.55,10.0,0
793,239294,89891,6,8,3,3,524,11,1,1,21,0,0,0,0,0,7.2,5.5,4.35,6.62,10.0,0
497,83001,22177,16,2,2,3,246,3,1,1,38,1,0,0,0,0,7.6000000000000005,4.0,10.0,5.23,5.8,0
816,175049,24483,15,4,4,2,955,12,2,1,49,1,0,0,0,0,8.4,8.0,10.0,8.775,10.0,0
813,69832,48815,13,8,3,2,454,4,0,1,26,1,0,0,0,0,10.0,6.5,9.5,6.27,6.4,0
321,60931,43533,0,1,1,1,941,10,2,1,32,1,0,0,0,0,1.0,4.5,7.8,8.705,10.0,0
411,103990,5026,10,8,4,2,653,1,2,0,7,1,0,0,0,0,8.8,8.0,6.05,3.265,4.6,0
356,229966,65611,12,3,2,3,180,3,1,1,29,1,0,0,0,0,6.6000000000000005,4.0,9.75,4.9,5.8,0
365,92204,92242,0,8,3,3,279,9,2,1,47,1,0,0,0,0,4.8,5.5,10.0,5.395,9.399999999999999,0
397,65784,29660,1,6,3,3,610,7,2,1,25,1,0,0,0,0,3.9999999999999996,5.5,6.95,7.05,8.2,0
443,126305,60103,8,7,2,2,624,6,1,1,14,1,0,0,0,0,7.4,5.0,6.7,7.12,7.6,0
734,29921,57253,12,2,2,3,646,11,2,1,35,1,0,0,0,0,6.000000000000001,4.0,10.0,7.23,10.0,0
385,54959,47082,4,1,4,3,76,7,2,1,44,0,0,0,0,0,2.2,7.0,7.3999999999999995,4.38,8.2,0
643,52328,21258,8,6,2,1,784,13,2,1,11,1,0,0,0,0,6.8,6.0,6.25,7.92,10.0,0
593,159931,94690,12,3,2,3,17,6,2,1,40,1,0,0,0,0,6.6000000000000005,4.0,10.0,4.085,7.6,0
542,109506,20389,4,4,2,3,565,6,2,1,44,1,0,0,0,0,4.0,4.0,10.0,6.825,7.6,0
331,94408,96860,14,9,4,2,457,10,1,1,42,0,0,0,0,0,10.0,8.0,9.1,6.285,10.0,0
690,143852,32685,6,3,4,3,144,6,2,1,11,1,1,0,0,0,4.2,7.0,5.85,4.72,7.6,0
576,235838,64220,13,2,2,3,769,1,2,1,3,1,0,0,0,0,6.4,4.0,6.05,7.845000000000001,4.6,0
831,46708,32195,15,2,4,3,825,2,1,1,2,1,0,0,0,1,7.2,7.0,6.3,8.125,5.2,0
453,38847,26797,5,2,2,1,839,0,2,1,36,0,1,0,0,0,3.2,6.0,6.3999999999999995,8.195,4.0,0
682,75989,76310,1,6,5,1,34,14,2,1,37,1,0,0,0,0,3.9999999999999996,10.0,8.75,4.17,10.0,0
367,243713,71332,15,2,2,2,474,1,1,1,31,1,0,0,0,0,7.2,5.0,10.0,6.37,4.6,0
513,145383,98925,18,7,1,3,995,9,2,0,25,1,0,0,0,0,10.0,2.5,10.0,4.975,9.399999999999999,0
675,24922,67907,4,7,1,2,383,5,0,1,3,1,0,0,0,0,5.800000000000001,3.5,4.25,5.915,7.0,0
512,221000,12188,3,7,1,3,205,1,2,0,0,1,0,0,0,0,5.4,2.5,3.6,1.025,4.6,0
378,72335,28696,13,2,1,3,713,0,2,1,4,1,0,0,0,0,6.4,2.5,6.2,7.5649999999999995,4.0,0
680,146913,7024,5,7,3,2,890,14,1,1,1,1,0,0,0,0,6.2,6.5,4.15,8.45,10.0,0
357,164613,78202,7,8,2,3,411,7,2,0,45,1,0,0,0,0,7.6,4.0,10.0,2.055,8.2,0
325,39551,40985,23,8,5,2,131,8,2,1,10,1,0,0,0,0,10.0,9.5,9.100000000000001,4.655,8.8,0
746,170453,11584,2,2,3,2,781,6,2,1,8,1,0,0,0,0,2.0,6.5,4.6,7.904999999999999,7.6,0
365,133319,95998,3,5,3,2,922,2,2,0,7,1,0,0,0,0,4.2,6.5,4.65,4.61,5.2,0
553,75673,32044,0,6,2,3,568,0,2,1,38,1,1,1,0,0,3.5999999999999996,4.0,8.7,6.84,4.0,0
343,121531,10285,1,9,4,3,895,3,1,1,14,1,0,0,0,0,5.8,7.0,5.300000000000001,8.475,5.8,0
396,42948,68115,12,6,3,1,218,12,2,1,8,1,0,0,0,0,8.4,7.5,6.6000000000000005,5.09,10.0,0
526,112264,12370,8,6,4,3,310,9,2,1,41,1,0,0,0,0,6.8,7.0,10.0,5.55,9.399999999999999,0
735,79072,22903,11,6,5,3,610,14,0,1,49,0,0,0,0,0,8.0,8.5,9.55,7.05,10.0,0
678,87560,37499,9,9,1,1,963,10,1,1,29,1,1,0,0,0,9.0,4.5,9.149999999999999,8.815000000000001,10.0,0
477,233321,27995,9,7,1,1,524,2,2,1,28,0,0,1,0,0,7.800000000000001,4.5,6.0,6.62,5.2,0
726,153558,40200,17,1,3,2,917,14,2,1,24,1,0,0,0,0,7.4,6.5,10.0,8.585,10.0,0
606,86691,93377,11,1,4,3,996,10,2,1,21,1,0,0,0,0,5.0,7.0,8.35,8.98,10.0,0
803,161154,75402,21,4,2,3,666,2,2,1,33,1,0,0,0,0,10.0,4.0,10.0,7.33,5.2,0
567,122781,18566,15,2,2,2,895,1,2,1,21,1,0,0,0,0,7.2,5.0,9.15,8.475,4.6,0
307,104105,42822,22,3,3,2,543,10,1,1,45,1,0,0,0,0,10.0,6.5,10.0,6.715,10.0,0
807,27086,56222,5,7,2,2,48,9,2,1,29,1,0,0,0,0,6.2,5.0,8.35,4.24,9.399999999999999,0
775,147818,99088,23,7,2,1,816,2,2,1,9,1,0,0,0,0,10.0,6.0,8.95,8.08,5.2,0
596,87853,95450,24,3,2,3,628,10,0,1,4,1,0,0,0,0,10.0,4.0,8.4,7.140000000000001,10.0,0
463,121925,55668,23,2,2,2,621,4,2,1,4,0,0,0,0,0,10.0,5.0,5.2,7.105,6.4,0
784,90027,68853,20,1,2,3,793,14,2,1,1,0,0,0,0,0,8.6,4.0,4.15,7.965,10.0,0
371,35916,59643,23,9,5,3,750,3,2,1,29,1,0,0,0,0,10.0,8.5,10.0,7.75,5.8,0
537,35248,27333,9,3,3,1,956,0,2,0,21,0,0,0,0,0,5.4,7.5,4.95,4.78,4.0,0
403,219119,20958,14,9,4,1,895,0,2,1,12,1,0,0,0,0,10.0,9.0,7.6,8.475,4.0,0
509,44226,57442,8,4,3,1,806,0,1,1,38,1,0,1,0,0,5.6,7.5,10.0,8.030000000000001,4.0,0
767,176097,25954,23,6,2,2,215,11,2,1,24,1,0,0,0,0,10.0,5.0,10.0,5.075,10.0,0
753,68380,80174,1,7,3,3,592,9,2,1,26,1,0,0,0,0,4.6000000000000005,5.5,7.1,6.96,9.399999999999999,0
567,27848,14675,17,6,4,3,690,8,1,1,46,1,0,0,0,0,10.0,7.0,10.0,7.45,8.8,0
685,34274,94590,11,1,4,2,706,8,1,1,26,0,0,0,0,0,5.0,8.0,6.1,7.529999999999999,8.8,0
686,74545,36661,2,6,3,2,421,8,2,0,20,1,0,0,0,0,4.3999999999999995,6.5,6.4,2.105,8.8,0
558,116494,69289,6,6,2,2,342,14,2,1,30,1,0,0,0,0,6.0,5.0,8.7,5.71,10.0,0
582,135981,22184,8,5,1,2,217,9,2,1,14,0,0,0,0,0,6.2,3.5,3.7,5.085,9.399999999999999,0
339,186305,52963,7,3,1,3,414,3,2,1,37,1,0,0,0,0,4.6,2.5,9.95,6.07,5.8,0
785,36304,30822,24,3,5,2,397,3,1,1,38,1,0,0,0,0,10.0,9.5,10.0,5.985,5.8,0
519,31294,67303,5,7,2,3,496,13,2,1,35,1,1,0,0,0,6.2,4.0,9.25,6.48,10.0,0
428,46425,81465,0,8,4,3,391,13,2,1,35,1,0,0,0,0,4.8,7.0,8.25,5.955,10.0,0
819,219783,10267,13,3,2,2,876,9,2,1,0,1,1,0,0,0,7.0,5.0,5.6,8.379999999999999,9.399999999999999,0
559,130777,57647,15,3,3,3,893,6,2,1,10,1,0,0,0,0,7.8,5.5,7.5,8.465,7.6,0
665,244383,67814,15,7,1,3,280,12,2,1,4,1,0,0,1,0,10.0,2.5,6.6,5.4,7.199999999999999,0
843,160497,41025,3,7,2,1,446,2,0,1,33,0,0,0,1,0,5.4,6.0,5.550000000000001,6.23,1.2,0
823,111549,82605,5,9,2,2,867,9,1,1,36,1,0,0,0,0,7.3999999999999995,5.0,9.399999999999999,8.335,9.399999999999999,0
315,113464,5981,14,6,3,2,439,2,2,1,4,1,0,0,0,0,9.2,6.5,6.4,6.195,5.2,0
428,196062,48436,21,7,1,3,656,3,1,1,19,1,0,0,0,0,10.0,2.5,10.0,7.279999999999999,5.8,0
408,126748,23472,7,1,3,2,667,10,2,1,44,1,0,0,0,0,3.4000000000000004,6.5,10.0,7.335,10.0,0
832,224818,24336,0,7,2,3,354,5,2,1,43,1,0,0,0,0,4.2,4.0,9.45,5.77,7.0,0
568,88295,30587,12,2,3,3,158,0,2,1,41,1,0,0,0,0,6.000000000000001,5.5,10.0,4.79,4.0,0
461,36091,82192,17,7,1,3,637,10,2,1,12,1,1,0,0,0,10.0,2.5,8.2,7.1850000000000005,10.0,0
559,139943,97862,17,3,3,2,401,13,2,1,8,0,0,0,0,0,8.600000000000001,6.5,4.6000000000000005,6.005,10.0,0
401,151074,89046,12,9,2,3,196,2,1,1,4,0,0,0,0,0,10.0,4.0,3.0000000000000004,4.98,5.2,0
805,70411,58013,21,5,3,2,29,11,2,1,37,1,0,0,0,0,10.0,6.5,10.0,4.145,10.0,0
546,192030,89511,13,7,2,2,347,14,2,1,31,1,0,1,0,0,9.4,5.0,10.0,5.735,10.0,0
836,115696,14665,10,8,3,3,382,14,2,1,29,1,0,0,0,0,8.8,5.5,9.35,5.91,10.0,0
430,171779,32097,6,2,4,1,988,4,1,1,48,1,0,0,0,0,3.6000000000000005,9.0,10.0,8.940000000000001,6.4,0
652,166320,96277,17,1,1,3,765,10,2,1,27,1,0,1,0,0,7.4,2.5,10.0,7.825,10.0,0
495,91309,57474,20,7,1,2,76,14,2,1,36,1,0,0,0,0,10.0,3.5,10.0,4.38,10.0,0
681,229394,76973,21,6,3,3,448,3,0,1,27,1,0,0,0,0,10.0,5.5,10.0,6.24,5.8,0
526,202792,30185,3,6,3,3,71,7,2,1,42,1,0,1,0,0,4.8,5.5,9.9,4.355,8.2,0
775,166109,80911,16,2,2,3,495,8,2,1,5,1,0,0,0,0,7.6000000000000005,4.0,6.95,6.475,8.8,0
776,87421,97643,18,3,2,1,795,7,2,1,40,1,0,0,0,0,9.0,6.0,10.0,7.975,8.2,0
564,232939,35484,13,4,1,2,868,10,2,1,43,1,0,1,0,0,7.6,3.5,10.0,8.34,10.0,0
671,60612,50610,9,3,1,3,984,10,2,1,28,0,1,0,0,0,5.4,2.5,6.0,8.92,10.0,0
785,239103,55807,24,2,2,3,631,8,2,0,3,1,0,0,0,0,10.0,4.0,8.25,3.155,8.8,0
733,33450,55907,5,3,3,2,577,13,2,1,17,1,0,0,0,0,3.8,6.5,6.55,6.885,10.0,0
510,29491,62389,17,6,2,2,94,14,2,1,14,1,0,0,0,0,10.0,5.0,8.5,4.47,10.0,0
676,137026,30835,24,9,2,2,415,13,1,1,24,1,0,0,0,0,10.0,5.0,10.0,6.075,10.0,0
694,94804,58790,3,4,4,1,785,13,1,1,3,1,0,0,0,0,3.6,9.0,4.05,7.925,10.0,0
749,113293,81960,10,6,2,2,404,7,1,1,13,1,1,0,0,0,7.6,5.0,6.95,6.02,8.2,0
663,139498,14643,12,1,3,3,628,9,1,1,49,1,0,0,0,0,5.4,5.5,10.0,7.140000000000001,9.399999999999999,0
756,157863,80846,7,6,4,2,533,12,2,1,16,0,0,0,0,0,6.4,8.0,3.8,6.665,10.0,0
525,125475,23951,9,3,2,2,185,0,1,0,33,1,0,0,0,0,5.4,5.0,9.75,1.0,4.0,0
430,48314,97104,22,9,2,3,368,6,2,1,18,1,1,0,0,0,10.0,4.0,10.0,5.84,7.6,0
775,71883,20233,10,4,5,1,840,13,2,1,28,0,0,0,0,0,6.4,10.0,6.2,8.2,10.0,0
576,245191,18200,2,7,5,3,548,8,1,1,21,1,0,0,0,0,5.0,8.5,6.55,6.74,8.8,0
455,107086,57275,14,4,2,3,300,0,1,1,13,0,0,0,0,0,8.0,4.0,4.75,5.5,4.0,0
517,216701,92084,7,6,1,3,139,9,2,1,35,1,0,0,0,1,6.4,2.5,9.65,4.695,9.399999999999999,0
489,121291,81068,19,7,2,3,748,0,1,1,1,0,0,0,0,0,10.0,4.0,3.95,7.74,4.0,0
716,29967,94001,17,2,2,3,488,9,2,1,44,1,0,0,0,0,8.0,4.0,10.0,6.4399999999999995,9.399999999999999,0
845,232826,26291,20,6,2,1,657,12,2,0,6,1,0,0,0,0,10.0,6.0,7.9,3.285,10.0,0
340,63220,47448,0,8,3,3,541,1,2,1,27,0,0,0,0,0,4.8,5.5,4.05,6.705,4.6,0
606,225235,35580,23,6,4,3,273,12,2,1,7,1,0,0,0,0,10.0,7.0,8.65,5.365,10.0,0
637,156019,96685,7,2,2,1,968,4,2,1,28,1,0,1,0,0,4.0,6.0,8.600000000000001,8.84,6.4,0
613,190491,26346,2,4,3,1,845,12,2,1,9,1,0,0,1,0,3.2,7.5,4.75,8.225,7.199999999999999,0
374,76131,15619,0,1,1,3,680,11,1,1,20,1,0,0,0,0,1.0,2.5,6.0,7.4,10.0,0
578,239786,6766,19,7,1,3,512,7,2,1,34,1,0,0,0,0,10.0,2.5,10.0,6.5600000000000005,8.2,0
475,48876,8549,24,8,2,2,169,12,2,1,3,1,1,0,0,0,10.0,5.0,8.25,4.845,10.0,0
572,239516,23693,15,2,1,3,918,7,2,1,20,0,0,0,1,0,7.2,2.5,6.0,8.59,4.2,0
588,121448,67019,8,5,2,3,863,9,2,1,37,1,0,0,0,0,6.2,4.0,10.0,8.315000000000001,9.399999999999999,0
571,171043,53328,16,8,4,3,547,3,2,0,24,1,0,0,0,0,10.0,7.0,9.8,2.735,5.8,0
365,213611,82701,15,8,2,3,90,6,2,0,19,0,0,0,0,0,10.0,4.0,5.85,1.0,7.6,0
782,249192,94100,22,5,3,2,422,6,1,1,6,1,0,0,0,0,10.0,6.5,8.3,6.109999999999999,7.6,0
547,69228,30301,5,8,2,3,484,8,2,1,6,1,0,0,0,0,6.8,4.0,4.9,6.42,8.8,0
455,94495,49763,22,6,1,3,897,14,1,1,31,1,0,0,1,0,10.0,2.5,10.0,8.485,8.4,0
346,48261,25765,6,5,2,3,991,8,1,1,31,1,0,0,0,0,5.4,4.0,8.85,8.955,8.8,0
753,126601,49787,23,4,3,3,27,2,2,1,21,0,0,0,0,0,10.0,5.5,7.75,4.135,5.2,0
500,81260,12425,15,5,2,2,78,12,0,1,48,0,0,0,0,0,9.0,5.0,10.0,4.39,10.0,0
423,232443,17857,7,4,3,2,917,14,2,1,24,1,1,0,0,0,5.2,6.5,8.0,8.585,10.0,0
300,235865,57771,9,1,4,2,139,10,2,1,5,1,0,0,0,0,4.2,8.0,5.55,4.695,10.0,0
490,154418,97999,13,3,3,3,947,7,2,1,26,1,0,0,0,0,7.0,5.5,9.5,8.735,8.2,0
815,247415,27444,10,8,1,3,656,4,1,0,17,1,0,0,0,1,8.8,2.5,7.55,3.28,6.4,0
741,247026,46457,1,7,3,2,824,14,1,1,11,1,0,0,0,0,4.6000000000000005,6.5,4.85,8.120000000000001,10.0,0
442,76176,84741,11,7,2,3,900,4,2,1,27,0,1,0,0,0,8.600000000000001,4.0,6.25,8.5,6.4,0
490,72300,5704,19,3,3,3,739,7,2,1,18,1,0,0,0,0,9.4,5.5,9.5,7.695,8.2,0
832,162412,10452,19,9,2,2,319,14,1,1,42,0,0,0,0,0,10.0,5.0,10.0,5.595,10.0,0
526,53012,43862,12,6,1,1,496,5,0,1,16,1,0,0,0,0,8.4,4.5,7.800000000000001,6.48,7.0,0
612,186465,66471,14,8,2,2,24,9,1,0,34,1,0,0,0,0,10.0,5.0,10.0,1.0,9.399999999999999,0
601,122153,74217,11,8,2,3,505,9,1,1,14,1,0,0,0,0,9.2,4.0,7.300000000000001,6.525,9.399999999999999,0
759,226205,91058,12,3,2,3,195,0,2,1,4,1,0,0,0,0,6.6000000000000005,4.0,6.0,4.975,4.0,0
700,176629,23300,7,4,4,2,426,3,2,1,35,1,0,0,0,1,5.2,8.0,9.65,6.13,5.8,0
692,215276,14566,15,6,4,1,716,8,2,0,32,1,0,0,0,0,9.6,9.0,10.0,3.58,8.8,0
506,93273,12501,2,2,2,3,712,4,2,0,20,1,0,0,0,0,2.0,4.0,6.4,3.56,6.4,0
509,132328,6845,12,7,2,3,755,13,1,1,34,1,0,0,0,0,9.0,4.0,10.0,7.775,10.0,0
414,130304,44181,11,2,2,3,441,3,2,1,41,0,0,0,0,0,5.6000000000000005,4.0,8.35,6.205,5.8,0
550,126637,62263,18,5,2,2,75,10,2,1,26,1,0,0,0,0,10.0,5.0,10.0,4.375,10.0,0
518,168348,83766,1,4,5,1,90,12,0,1,44,1,0,0,0,0,2.8,10.0,9.8,4.45,10.0,0
706,74639,68038,0,9,3,3,970,9,1,1,29,1,0,0,0,0,5.3999999999999995,5.5,7.35,8.85,9.399999999999999,0
742,141939,88290,7,2,2,2,45,0,2,1,38,1,0,1,0,0,4.0,5.0,10.0,4.225,4.0,0
653,27310,39404,8,7,2,2,756,8,1,1,45,0,0,0,0,0,7.4,5.0,8.35,7.779999999999999,8.8,0
849,186239,27564,24,7,3,3,26,7,2,1,29,1,0,0,0,0,10.0,5.5,10.0,4.13,8.2,0
441,122944,62435,7,7,3,3,523,2,2,1,44,1,1,0,0,0,7.0,5.5,10.0,6.615,5.2,0
800,235952,23227,20,1,2,3,42,8,1,1,20,1,0,0,0,0,8.6,4.0,10.0,4.21,8.8,0
846,161463,95296,16,8,1,3,358,0,1,0,25,1,0,0,0,0,10.0,2.5,9.95,1.79,4.0,0
841,142013,52475,8,2,1,2,389,14,1,1,23,1,0,0,0,0,4.4,3.5,8.05,5.945,10.0,0
806,201693,22215,5,5,2,1,517,3,2,1,21,1,0,0,0,0,5.0,6.0,7.15,6.585,5.8,0
580,161964,76074,14,2,2,2,655,4,1,0,36,1,0,0,0,0,6.800000000000001,5.0,10.0,3.275,6.4,0
723,96733,26699,22,5,1,3,948,3,2,1,42,1,0,0,0,0,10.0,2.5,10.0,8.74,5.8,0
569,229658,17454,23,7,3,2,877,3,2,1,25,1,0,0,0,0,10.0,6.5,10.0,8.385,5.8,0
453,187214,53217,12,6,2,3,865,8,1,0,21,1,0,0,0,1,8.4,4.0,8.55,4.325,8.8,0
382,196751,26711,20,5,4,2,276,14,2,1,45,1,0,0,0,0,10.0,8.0,10.0,5.38,10.0,0
725,192687,20059,21,4,1,3,526,4,2,1,32,1,0,0,0,0,10.0,2.5,10.0,6.63,6.4,0
574,198625,53398,11,8,1,3,807,0,1,1,23,0,0,0,0,0,9.2,2.5,5.65,8.035,4.0,0
583,129264,6286,12,8,2,3,915,13,2,1,4,1,0,1,0,0,9.600000000000001,4.0,6.0,8.575,10.0,0
472,99071,39297,6,1,1,2,494,6,2,1,23,1,0,1,0,0,3.0000000000000004,3.5,7.65,6.470000000000001,7.6,0
626,192074,31485,22,2,4,3,356,5,0,1,34,1,0,0,0,0,10.0,7.0,10.0,5.78,7.0,0
362,142611,64967,17,3,1,2,612,14,1,1,21,1,0,0,0,0,8.600000000000001,3.5,9.55,7.0600000000000005,10.0,0
372,90658,59583,13,1,2,3,673,8,0,1,32,1,0,0,0,0,5.8,4.0,10.0,7.365,8.8,0
674,29852,56630,10,3,4,3,452,3,1,1,16,1,0,0,0,0,5.8,7.0,7.4,6.26,5.8,0
807,25387,32086,13,8,2,1,387,13,1,1,11,1,0,0,0,0,10.0,6.0,7.25,5.9350000000000005,10.0,0
697,147571,21484,16,4,1,3,639,9,2,1,29,1,0,0,0,0,8.8,2.5,10.0,7.195,9.399999999999999,0
419,117295,73623,23,7,2,3,972,5,1,1,25,1,0,0,0,0,10.0,4.0,10.0,8.86,7.0,0
736,150381,64263,20,7,2,3,582,9,0,1,12,1,0,0,0,0,10.0,4.0,8.8,6.91,9.399999999999999,0
764,59994,23675,1,5,1,3,367,6,1,1,5,0,0,0,0,0,3.4,2.5,1.0,5.835,7.6,0
585,136912,65664,18,1,2,2,547,3,2,1,2,0,0,0,0,0,7.8,5.0,3.9,6.734999999999999,5.8,0
564,184797,29680,15,4,3,1,630,11,1,1,10,1,0,0,0,0,8.4,7.5,7.5,7.15,10.0,0
619,223754,22077,21,7,4,2,889,8,2,1,42,1,0,0,0,0,10.0,8.0,10.0,8.445,8.8,0
675,151632,43174,9,5,1,3,816,12,2,1,9,1,0,0,0,0,6.6,2.5,6.15,8.08,10.0,0
388,144210,81968,21,2,1,1,219,13,2,1,10,0,0,0,0,0,9.6,4.5,5.7,5.095,10.0,0
502,76565,8491,7,8,2,3,780,0,2,1,15,1,0,0,0,1,7.6,4.0,6.65,7.9,4.0,0
633,21312,51126,20,2,2,3,815,0,0,0,19,0,0,0,0,0,9.2,4.0,6.85,4.075,4.0,0
521,169277,8392,4,8,2,3,51,2,1,1,41,1,0,0,0,0,6.4,4.0,9.95,4.255,5.2,0
340,145882,67257,6,2,3,2,825,8,1,1,43,0,0,0,0,0,3.6000000000000005,6.5,7.65,8.125,8.8,0
367,162667,72804,12,5,3,2,994,4,2,1,18,1,0,0,0,0,7.800000000000001,6.5,8.1,8.969999999999999,6.4,0
813,107566,43400,15,4,1,2,22,0,0,0,8,1,0,0,0,0,8.4,3.5,7.2,1.0,4.0,0
426,41329,41551,4,1,3,1,610,11,1,1,35,0,0,0,0,0,2.2,7.5,6.05,7.05,10.0,0
554,88187,33088,15,8,1,1,609,4,2,1,14,1,0,0,0,1,10.0,4.5,8.1,7.045,6.4,0
315,95542,85015,14,3,2,1,833,5,1,1,22,1,0,0,0,0,7.4,6.0,9.1,8.165,7.0,0
776,128237,30465,8,4,1,3,498,3,2,1,20,1,0,0,0,0,5.6,2.5,7.6,6.49,5.8,0
361,134476,53155,21,4,1,2,196,6,1,1,38,1,0,0,0,0,10.0,3.5,10.0,4.98,7.6,0
731,55645,92893,22,5,3,2,72,10,2,1,4,1,0,0,0,0,10.0,6.5,8.0,4.36,10.0,0
567,107502,10969,11,3,2,2,345,2,2,1,21,1,0,0,0,0,6.2,5.0,8.35,5.725,5.2,0
334,244454,13981,7,9,1,2,564,4,2,1,30,1,0,0,0,0,8.2,3.5,8.9,6.82,6.4,0
793,107310,26032,12,4,5,2,754,5,2,1,14,1,0,0,0,0,7.200000000000001,9.5,7.5,7.77,7.0,0
768,89619,59091,4,4,2,2,755,6,1,1,27,1,0,0,0,0,4.0,5.0,7.85,7.775,7.6,0
624,53513,29408,13,6,1,3,84,9,2,1,37,1,0,0,0,0,8.8,2.5,10.0,4.42,9.399999999999999,0
603,28749,29241,15,8,1,1,774,14,1,1,14,1,0,0,0,0,10.0,4.5,8.1,7.87,10.0,0
575,181855,52940,10,7,2,3,834,1,2,1,48,1,0,0,0,0,8.2,4.0,10.0,8.17,4.6,0
500,80645,87938,19,4,5,1,158,4,1,1,18,1,0,0,0,0,10.0,10.0,9.5,4.79,6.4,0
744,233933,56105,11,4,2,3,703,12,1,1,34,1,0,0,0,0,6.800000000000001,4.0,10.0,7.515000000000001,10.0,0
623,73175,96302,14,5,4,3,216,6,2,1,17,0,0,1,1,0,8.600000000000001,7.0,5.35,5.08,3.5999999999999996,0
334,235288,66050,23,5,2,3,702,6,1,1,9,1,0,0,0,0,10.0,4.0,8.95,7.51,7.6,0
781,213781,8657,11,1,2,3,694,11,2,1,14,1,0,0,0,0,5.0,4.0,7.300000000000001,7.470000000000001,10.0,0
779,168395,26230,8,8,2,1,250,2,2,1,49,1,0,0,0,0,8.0,6.0,10.0,5.25,5.2,0
364,70762,23680,0,5,3,2,685,7,1,0,23,1,0,0,0,0,3.0,6.5,6.449999999999999,3.425,8.2,0
307,239292,87694,2,3,2,2,584,12,2,1,46,0,0,0,0,0,2.5999999999999996,5.0,7.3,6.92,10.0,0
600,84222,89731,11,3,4,2,903,0,1,1,19,1,0,0,0,0,6.2,8.0,8.05,8.515,4.0,0
642,185565,47340,19,4,1,2,244,3,2,1,36,1,0,0,0,0,10.0,3.5,10.0,5.22,5.8,0
730,209400,40950,12,7,2,3,134,2,2,1,10,1,0,0,0,0,9.0,4.0,6.9,4.67,5.2,0
723,32213,83515,22,5,2,1,266,3,2,1,8,1,0,0,0,0,10.0,6.0,8.600000000000001,5.33,5.8,0
631,117367,12867,5,1,3,2,101,10,2,1,4,1,0,0,0,0,2.6,6.5,4.6,4.505,10.0,0
737,198002,85691,9,5,2,2,746,8,0,1,10,0,0,0,0,0,6.6,5.0,3.3,7.73,8.8,0
473,178785,83542,9,5,2,3,716,10,1,1,38,1,0,0,0,0,6.6,4.0,10.0,7.58,10.0,0
826,127157,9329,15,6,2,3,896,11,1,1,26,1,0,0,0,0,9.6,4.0,9.9,8.48,10.0,0
325,223795,93087,0,7,3,3,216,14,2,1,1,1,0,0,0,0,4.2,5.5,3.15,5.08,10.0,0
705,249408,40865,15,5,3,2,426,7,1,1,19,1,0,0,0,0,9.0,6.5,8.85,6.13,8.2,0
531,52583,71940,3,2,3,2,297,10,2,1,20,1,0,0,0,0,2.4000000000000004,6.5,6.6,5.485,10.0,0
832,148792,42869,5,2,2,3,224,3,2,1,49,1,0,0,0,0,3.2,4.0,10.0,5.12,5.8,0
849,99944,71905,18,4,5,1,707,12,1,1,29,1,0,0,0,0,9.6,10.0,10.0,7.535,10.0,0
804,42369,88984,1,1,3,3,647,7,1,1,47,1,0,0,0,0,1.0,5.5,10.0,7.234999999999999,8.2,0
478,199000,94711,17,7,2,2,803,0,0,1,0,0,0,0,0,0,10.0,5.0,3.4000000000000004,8.015,4.0,0
431,220022,71252,9,1,1,2,776,11,2,1,34,1,0,0,0,0,4.2,3.5,9.899999999999999,7.88,10.0,0
754,135844,84386,3,3,2,3,521,7,1,0,25,1,0,0,0,0,3.0,4.0,7.35,2.605,8.2,0
647,39510,6711,0,7,2,3,582,9,1,1,31,1,0,0,0,0,4.2,4.0,7.6499999999999995,6.91,9.399999999999999,0
839,32120,30801,14,6,4,3,377,1,2,1,8,1,1,0,0,0,9.2,7.0,7.0,5.885,4.6,0
705,119847,92287,9,7,3,1,410,5,1,1,48,1,0,0,0,0,7.800000000000001,7.5,10.0,6.05,7.0,0
375,118575,95709,17,5,4,3,210,5,2,1,39,0,0,0,0,0,9.8,7.0,9.25,5.05,7.0,0
791,149269,58270,15,8,2,2,590,2,2,1,20,0,0,0,0,0,10.0,5.0,6.0,6.95,5.2,0
493,25295,76622,12,6,2,2,294,12,2,1,15,1,0,0,0,0,8.4,5.0,7.65,5.47,10.0,0
461,40460,60535,14,4,2,2,72,4,2,1,11,1,0,0,0,0,8.0,5.0,7.45,4.36,6.4,0
646,34963,81759,1,1,1,3,655,1,1,1,35,0,1,0,0,0,1.0,2.5,5.45,7.275,4.6,0
660,97116,21220,19,2,3,3,760,10,1,1,36,1,0,0,0,0,8.8,5.5,10.0,7.8,10.0,0
386,238894,18392,3,6,1,2,773,7,2,1,26,0,0,0,0,0,4.8,3.5,4.5,7.865,8.2,0
561,47328,90587,0,4,3,3,370,7,0,1,6,1,0,0,0,0,2.4,5.5,3.9,5.85,8.2,0
513,104629,7246,6,3,3,2,196,12,2,1,29,1,0,0,1,0,4.2,6.5,8.55,4.98,7.199999999999999,0
561,144034,25010,22,7,3,1,492,4,1,0,23,1,0,0,0,0,10.0,7.5,10.0,2.46,6.4,0
582,41605,73358,10,7,1,3,380,6,2,1,49,1,0,0,0,0,8.2,2.5,10.0,5.9,7.6,0
766,130901,95203,9,2,3,3,30,7,1,0,29,1,0,1,0,0,4.8,5.5,9.149999999999999,1.0,8.2,0
679,195885,22234,0,8,5,3,950,10,2,1,19,1,0,0,0,0,4.8,8.5,5.85,8.75,10.0,0
661,197443,54451,10,1,4,3,950,3,2,1,45,1,0,0,0,0,4.6,7.0,10.0,8.75,5.8,0
748,128241,80205,23,7,3,2,864,1,2,1,39,1,0,0,0,0,10.0,6.5,10.0,8.32,4.6,0
740,67598,26784,9,1,3,3,812,13,2,1,44,0,0,0,0,0,4.2,5.5,8.4,8.059999999999999,10.0,0
392,211848,34672,13,3,2,3,317,14,1,1,27,1,0,0,0,0,7.0,4.0,9.65,5.585,10.0,0
723,92258,6082,13,3,3,2,55,4,2,1,3,1,0,0,0,0,7.0,6.5,6.05,4.275,6.4,0
441,60969,16148,6,2,3,3,203,6,1,1,11,1,0,0,0,0,3.6000000000000005,5.5,5.85,5.015,7.6,0
590,187984,32494,22,5,3,3,66,14,2,1,2,1,0,0,0,0,10.0,5.5,7.7,4.33,10.0,0
731,189446,80093,10,4,3,2,563,11,1,0,36,0,0,0,0,0,6.4,6.5,7.3999999999999995,2.815,10.0,0
348,223374,56952,21,6,2,3,466,3,0,1,3,1,0,0,0,0,10.0,4.0,7.65,6.33,5.8,0
601,82784,41719,3,2,1,1,342,3,0,1,14,1,0,0,0,0,2.4000000000000004,4.5,5.7,5.71,5.8,0
489,200954,53737,23,4,2,3,756,3,1,1,27,1,0,0,0,0,10.0,4.0,10.0,7.779999999999999,5.8,0
435,167000,64453,1,7,2,2,875,8,1,1,36,1,0,0,0,0,4.6000000000000005,5.0,8.6,8.375,8.8,0
703,41274,44536,6,1,2,3,25,8,2,1,8,1,1,0,0,0,3.0000000000000004,4.0,5.4,4.125,8.8,0
640,149994,55604,18,3,1,3,654,13,2,1,13,1,0,1,0,0,9.0,2.5,8.55,7.27,10.0,0
617,54416,55833,13,1,2,2,522,10,2,1,31,1,0,0,0,0,5.8,5.0,10.0,6.609999999999999,10.0,0
662,237220,19039,18,2,3,2,753,9,1,1,47,1,0,0,0,0,8.4,6.5,10.0,7.765000000000001,9.399999999999999,0
681,212070,72839,6,9,2,3,159,7,2,1,2,1,0,0,0,0,7.8,4.0,4.5,4.795,8.2,0
532,120434,52931,11,5,1,3,825,10,2,1,46,1,0,0,0,0,7.4,2.5,10.0,8.125,10.0,0
643,180119,44925,2,4,2,3,643,7,2,1,17,1,1,0,0,0,3.2,4.0,5.949999999999999,7.215,8.2,0
848,194428,56003,14,4,2,2,803,6,2,1,49,1,0,0,1,0,8.0,5.0,10.0,8.015,3.5999999999999996,0
828,188206,88817,4,8,2,2,811,0,2,1,13,1,0,0,0,0,6.4,5.0,5.75,8.055,4.0,0
482,218114,53897,7,3,2,3,891,7,2,1,24,1,0,0,1,0,4.6,4.0,8.0,8.455,4.2,0
340,71310,92745,13,4,4,3,835,10,2,1,38,0,0,0,0,0,7.6,7.0,8.3,8.175,10.0,0
696,100758,98709,3,2,1,2,222,10,2,1,25,0,0,0,0,0,2.4000000000000004,3.5,4.35,5.11,10.0,0
793,163435,47287,6,6,3,3,400,3,2,1,5,1,0,0,0,0,6.0,5.5,4.95,6.0,5.8,0
632,236221,95726,6,9,4,1,290,12,2,1,25,1,0,1,0,0,7.8,9.0,7.95,5.45,10.0,0
426,195635,38012,17,4,5,1,962,0,2,1,47,1,0,0,0,0,9.200000000000001,10.0,10.0,8.809999999999999,4.0,0
300,50628,46783,13,6,1,3,661,0,0,1,40,1,0,0,0,0,8.8,2.5,10.0,7.305,4.0,0
467,89672,90727,7,4,2,2,680,2,0,1,0,1,0,0,0,0,5.2,5.0,4.4,7.4,5.2,0
318,66246,73315,11,2,1,1,548,12,1,1,49,1,0,0,0,0,5.6000000000000005,4.5,10.0,6.74,10.0,0
631,162233,88766,9,6,2,3,351,2,0,1,20,0,0,0,0,0,7.199999999999999,4.0,4.8,5.755,5.2,0
755,109110,51491,13,7,1,2,683,9,1,1,13,1,0,0,0,0,9.4,3.5,7.55,7.415,9.399999999999999,0
408,243510,93941,8,4,3,3,639,0,0,1,45,1,0,0,0,0,5.6,5.5,10.0,7.195,4.0,0
567,22810,63584,5,7,1,3,346,7,2,0,7,1,0,0,0,0,6.2,2.5,5.05,1.73,8.2,0
744,210932,17803,4,8,2,3,84,3,1,1,24,1,0,0,0,0,6.4,4.0,7.3999999999999995,4.42,5.8,0
539,228271,54625,0,3,2,2,102,11,2,1,48,1,0,0,0,0,1.7999999999999998,5.0,10.0,4.51,10.0,0
600,91688,98361,0,2,5,2,555,3,1,1,17,0,0,0,0,0,1.2,9.5,2.55,6.775,5.8,0
402,85548,18698,24,5,3,3,124,13,2,1,14,1,0,0,0,0,10.0,5.5,9.9,4.62,10.0,0
549,213435,39560,19,2,2,2,430,5,2,1,41,1,0,0,0,0,8.8,5.0,10.0,6.15,7.0,0
752,31162,20376,16,5,2,3,963,8,1,1,19,1,0,0,0,0,9.4,4.0,9.05,8.815000000000001,8.8,0
819,107858,88654,10,6,1,3,122,8,2,1,15,1,0,0,0,0,7.6,2.5,7.25,4.61,8.8,0
452,93535,18117,11,8,3,2,377,11,1,1,6,1,0,0,0,0,9.2,6.5,6.1,5.885,10.0,0
473,158291,61381,2,6,3,3,69,7,2,1,28,0,0,0,0,0,4.3999999999999995,5.5,4.6000000000000005,4.345,8.2,0
642,90864,42956,5,4,3,3,291,14,2,1,30,1,0,0,0,0,4.4,5.5,8.5,5.455,10.0,0
730,154693,53786,10,3,1,1,246,0,1,1,28,1,0,0,0,0,5.8,4.5,9.2,5.23,4.0,0
623,138371,92778,12,2,3,1,647,11,0,0,16,1,0,0,0,0,6.000000000000001,7.5,7.800000000000001,3.235,10.0,0
719,109792,71480,10,1,3,3,950,9,1,0,4,0,0,0,0,0,4.6,5.5,2.6,4.75,9.399999999999999,0
784,195505,36695,7,2,5,1,54,9,2,1,17,1,0,0,0,0,4.0,10.0,6.95,4.27,9.399999999999999,0
711,227922,6511,9,2,2,1,809,1,2,0,13,1,0,1,0,0,4.8,6.0,6.75,4.045,4.6,0
383,86188,58233,1,5,2,2,750,2,1,1,30,1,0,0,0,0,3.4,5.0,7.7,7.75,5.2,0
412,206023,27502,23,9,2,2,206,10,2,1,49,1,0,0,0,0,10.0,5.0,10.0,5.03,10.0,0
631,101718,55010,13,1,1,3,733,4,1,1,17,1,0,0,0,1,5.8,2.5,8.15,7.665,6.4,0
677,56558,95341,15,4,3,3,508,4,0,1,46,1,0,0,0,0,8.4,5.5,10.0,6.54,6.4,0
340,148938,97529,16,7,3,3,592,12,2,1,24,1,0,0,0,0,10.0,5.5,9.8,6.96,10.0,0
404,166731,78905,10,3,2,3,756,9,2,1,10,1,0,0,0,0,5.8,4.0,6.5,7.779999999999999,9.399999999999999,0
501,54413,51489,1,8,1,3,800,7,1,1,25,1,0,0,0,0,5.2,2.5,6.95,8.0,8.2,0
749,30435,88533,23,3,1,2,458,1,2,1,4,1,0,0,0,0,10.0,3.5,8.2,6.29,4.6,0
565,204983,86165,22,8,4,1,688,1,1,0,15,1,0,0,0,0,10.0,9.0,9.65,3.44,4.6,0
509,48067,36949,4,2,2,3,204,7,1,1,7,0,0,0,0,0,2.8,4.0,1.85,5.02,8.2,0
417,107794,73376,15,5,2,1,694,0,1,1,12,1,0,0,0,0,9.0,6.0,7.8,7.470000000000001,4.0,0
676,113823,84587,15,4,2,3,204,8,2,1,31,1,1,0,0,0,8.4,4.0,10.0,5.02,8.8,0
839,89224,98059,1,9,2,1,584,1,2,0,26,1,0,0,0,0,5.8,6.0,7.1,2.92,4.6,0
383,224297,72310,15,3,3,3,591,11,0,1,48,1,0,0,0,0,7.8,5.5,10.0,6.955,10.0,0
753,21379,83798,24,5,4,3,744,4,2,1,25,1,1,0,0,0,10.0,7.0,10.0,7.720000000000001,6.4,0
813,122547,74407,4,9,1,2,319,2,2,1,8,1,0,0,0,0,7.0,3.5,5.0,5.595,5.2,0
686,128541,78809,7,6,3,2,804,4,2,1,46,1,0,0,0,0,6.4,6.5,10.0,8.02,6.4,0
649,178696,22229,19,2,2,2,870,11,2,1,6,1,0,0,0,0,8.8,5.0,7.7,8.35,10.0,0
595,242572,32385,13,1,5,2,600,7,1,1,49,0,0,0,0,0,5.8,9.5,9.95,7.0,8.2,0
557,239499,47176,24,1,2,2,557,7,1,1,45,0,0,0,0,0,10.0,5.0,10.0,6.785,8.2,0
380,134634,99825,9,7,1,3,398,5,2,1,7,1,0,0,0,0,7.800000000000001,2.5,5.85,5.99,7.0,0
567,148701,8260,22,2,2,2,716,8,1,1,1,1,0,0,0,0,10.0,5.0,7.550000000000001,7.58,8.8,0
718,77745,8145,1,7,1,2,444,6,0,1,17,1,0,0,0,0,4.6000000000000005,3.5,5.75,6.220000000000001,7.6,0
534,202877,12802,2,1,1,2,738,1,0,1,35,1,0,0,0,0,1.4,3.5,8.65,7.6899999999999995,4.6,0
610,123915,7263,17,4,3,3,809,0,2,1,23,1,0,0,0,0,9.200000000000001,5.5,9.85,8.045,4.0,0
656,163588,31913,20,4,3,1,670,7,0,1,33,1,0,0,0,0,10.0,7.5,10.0,7.35,8.2,0
512,230494,62788,1,5,2,3,505,0,1,1,41,0,0,0,0,0,3.4,4.0,6.35,6.525,4.0,0
348,236915,13155,20,1,3,3,794,7,1,1,37,1,0,0,0,0,8.6,5.5,10.0,7.970000000000001,8.2,0
426,149560,5922,8,7,2,2,210,11,2,1,10,1,0,0,0,0,7.4,5.0,6.1,5.05,10.0,0
522,175915,77231,1,2,3,2,675,8,2,1,9,1,0,1,0,0,1.6,6.5,4.55,7.375,8.8,0
578,156984,25672,24,2,2,3,543,0,1,0,28,1,0,0,0,0,10.0,4.0,10.0,2.715,4.0,0
707,172586,43526,6,8,3,2,306,6,2,1,48,1,0,0,0,0,7.2,6.5,10.0,5.53,7.6,0
804,238431,50344,6,9,1,1,503,4,2,1,39,1,0,0,0,0,7.8,4.5,10.0,6.515000000000001,6.4,0
593,208104,24014,13,6,2,3,836,12,2,1,5,1,0,0,0,0,8.8,4.0,6.35,8.18,10.0,0
576,179869,78352,4,1,2,2,736,13,1,1,47,1,0,0,0,0,2.2,5.0,10.0,7.68,10.0,0
737,157521,96279,7,1,2,2,340,7,2,1,9,1,0,0,0,0,3.4000000000000004,5.0,5.75,5.7,8.2,0
406,152797,45324,22,7,3,3,643,3,2,1,29,0,0,0,0,0,10.0,5.5,8.75,7.215,5.8,0
719,101406,99075,21,8,2,2,787,14,0,1,27,0,0,0,0,0,10.0,5.0,8.25,7.9350000000000005,10.0,0
728,29304,43698,17,3,1,3,864,1,1,1,28,1,0,0,0,0,8.600000000000001,2.5,10.0,8.32,4.6,0
674,224130,82169,5,9,2,2,270,6,1,1,24,0,0,1,0,0,7.3999999999999995,5.0,4.6,5.35,7.6,0
372,145555,28384,13,4,2,3,64,12,2,1,35,1,0,0,0,0,7.6,4.0,10.0,4.32,10.0,0
329,164735,8512,17,4,3,3,291,6,2,1,26,1,0,0,0,1,9.200000000000001,5.5,10.0,5.455,7.6,0
487,90320,11066,16,3,2,1,781,7,1,1,33,1,0,0,0,0,8.2,6.0,10.0,7.904999999999999,8.2,0
663,226080,36500,8,8,3,3,884,13,1,1,33,1,0,0,0,0,8.0,5.5,9.55,8.42,10.0,0
750,114488,83743,12,9,2,3,804,8,2,1,31,0,0,0,0,0,10.0,4.0,7.05,8.02,8.8,0
494,95591,90642,15,1,4,2,751,13,2,1,43,0,0,0,0,0,6.6,8.0,9.45,7.755,10.0,0
455,115044,84858,20,2,5,3,647,5,2,1,3,0,0,0,0,0,9.2,8.5,4.45,7.234999999999999,7.0,0
471,163748,59800,9,1,3,2,451,2,2,1,47,0,0,0,0,0,4.2,6.5,8.85,6.255,5.2,0
340,45192,68140,9,4,4,3,268,4,2,1,33,0,0,0,0,0,6.0,7.0,6.75,5.34,6.4,0
362,175794,89954,3,7,2,3,571,13,1,1,15,1,0,0,0,0,5.4,4.0,5.85,6.855,10.0,0
322,158518,7387,11,7,4,1,745,13,2,0,46,0,0,0,0,0,8.600000000000001,9.0,9.1,3.725,10.0,0
659,139304,61160,7,6,3,2,902,2,1,1,45,1,0,0,0,0,6.4,6.5,10.0,8.51,5.2,0
374,155797,64241,14,5,5,2,803,9,2,1,10,1,0,0,0,0,8.600000000000001,9.5,7.300000000000001,8.015,9.399999999999999,0
417,236669,78567,20,4,3,3,155,8,2,1,14,0,0,0,0,0,10.0,5.5,6.1,4.775,8.8,0
679,108207,6799,22,8,3,2,400,4,2,1,37,1,0,0,0,0,10.0,6.5,10.0,6.0,6.4,0
589,208704,40548,18,7,2,3,382,6,0,1,29,1,0,0,0,0,10.0,4.0,10.0,5.91,7.6,0
739,218017,38895,14,1,2,1,54,9,1,1,26,1,0,0,0,0,6.2,6.0,9.7,4.27,9.399999999999999,0
306,93741,95450,7,6,2,3,406,6,2,1,15,0,0,0,0,0,6.4,4.0,3.6500000000000004,6.029999999999999,7.6,0
495,36365,85171,7,2,4,3,271,6,2,0,0,0,0,0,0,0,4.0,7.0,1.4000000000000001,1.355,7.6,0
720,85792,45379,18,4,1,3,940,11,2,0,24,1,0,0,0,0,9.6,2.5,10.0,4.7,10.0,0
492,215929,50414,8,5,2,3,488,9,2,1,27,1,0,0,0,0,6.2,4.0,8.65,6.4399999999999995,9.399999999999999,0
447,166776,78071,23,8,2,1,755,3,0,1,42,1,0,0,0,0,10.0,6.0,10.0,7.775,5.8,0
501,70575,73344,16,6,2,2,574,3,1,1,13,1,0,0,0,0,10.0,5.0,8.15,6.87,5.8,0
743,180974,83591,7,2,4,3,494,12,2,1,33,1,0,0,0,0,4.0,7.0,9.350000000000001,6.470000000000001,10.0,0
718,139641,98141,11,5,4,2,756,2,2,1,47,1,0,0,0,0,7.4,8.0,10.0,7.779999999999999,5.2,0
726,152267,97201,14,5,2,3,717,3,2,1,3,0,0,0,0,0,8.600000000000001,4.0,3.25,7.585,5.8,0
778,73517,9297,3,6,2,3,947,8,1,1,13,1,0,0,0,0,4.8,4.0,5.55,8.735,8.8,0
774,54012,91479,5,1,2,3,525,4,0,1,15,1,0,0,0,0,2.6,4.0,6.25,6.625,6.4,0
425,162487,10008,15,8,2,2,581,13,2,1,14,1,0,0,0,0,10.0,5.0,8.1,6.904999999999999,10.0,0
694,190606,91813,24,3,2,2,694,5,2,1,33,0,0,0,0,0,10.0,5.0,9.75,7.470000000000001,7.0,0
624,41686,21820,4,5,1,3,593,3,2,1,12,1,0,0,0,0,4.6,2.5,5.6,6.965,5.8,0
691,228270,76548,22,7,2,2,495,12,2,1,16,1,0,0,0,0,10.0,5.0,9.8,6.475,10.0,0
739,179815,27253,12,3,2,3,596,0,2,1,27,1,0,0,0,0,6.6000000000000005,4.0,9.45,6.98,4.0,0
503,52161,34202,14,6,3,2,843,12,2,1,9,1,0,0,0,0,9.2,6.5,7.15,8.215,10.0,0
785,212385,34236,16,5,2,2,475,6,2,1,46,0,0,0,0,0,9.4,5.0,10.0,6.375,7.6,0
330,22402,72156,24,7,2,2,475,12,0,1,16,1,0,0,0,0,10.0,5.0,10.0,6.375,10.0,0
687,83190,65263,21,3,1,3,31,6,2,1,7,1,0,0,0,0,10.0,2.5,8.25,4.155,7.6,0
733,203623,79855,19,2,5,3,405,5,2,0,1,1,1,0,0,0,8.8,8.5,6.95,2.025,7.0,0
675,33275,21575,21,4,2,3,218,3,2,1,0,1,0,0,0,0,10.0,4.0,7.2,5.09,5.8,0
643,179254,17204,4,3,1,3,572,9,2,0,4,1,0,0,0,0,3.4,2.5,4.4,2.86,9.399999999999999,0
742,34915,16952,18,4,2,3,154,12,1,1,34,1,0,0,0,0,9.6,4.0,10.0,4.77,10.0,0
374,20909,88323,6,7,4,3,429,7,1,1,21,0,0,0,1,0,6.6000000000000005,7.0,4.35,6.145,4.2,0
454,134110,56142,2,5,3,1,358,11,1,0,42,1,0,0,0,0,3.8,7.5,9.7,1.79,10.0,0
729,85908,38872,12,4,3,3,314,13,1,1,15,1,0,0,0,0,7.200000000000001,5.5,7.65,5.57,10.0,0
662,147337,34376,13,6,1,2,793,7,2,1,8,1,0,0,0,0,8.8,3.5,6.8,7.965,8.2,0
747,42620,71084,15,7,3,3,980,0,2,1,35,1,0,0,0,1,10.0,5.5,10.0,8.9,4.0,0
533,54112,16640,12,5,3,3,53,14,2,1,8,1,0,0,0,0,7.800000000000001,5.5,6.6000000000000005,4.265,10.0,0
561,225123,31437,1,7,2,2,116,8,0,1,13,1,0,0,0,0,4.6000000000000005,5.0,5.15,4.58,8.8,0
424,22431,92681,13,3,4,2,159,7,2,1,9,1,0,0,0,0,7.0,8.0,6.95,4.795,8.2,0
544,106590,12903,19,7,2,3,615,1,2,1,21,1,1,0,0,0,10.0,4.0,9.95,7.075,4.6,0
841,82175,88704,6,3,2,1,273,8,2,1,15,1,0,0,0,0,4.2,6.0,6.45,5.365,8.8,0
784,137472,31863,4,6,4,3,119,3,0,0,40,1,0,0,0,0,5.199999999999999,7.0,9.8,1.0,5.8,0
421,52624,48381,13,8,3,1,27,9,2,1,2,1,0,0,0,0,10.0,7.5,5.9,4.135,9.399999999999999,0
424,227193,33548,8,6,1,3,759,14,1,1,27,0,1,0,0,0,6.8,2.5,5.65,7.795,10.0,0
848,81264,54956,9,3,2,2,345,13,2,1,29,1,0,0,0,0,5.4,5.0,9.149999999999999,5.725,10.0,0
469,133766,79526,6,5,4,3,248,11,2,1,28,1,0,0,0,0,5.4,7.0,8.4,5.24,10.0,0
423,183030,16467,13,9,1,1,895,5,2,1,0,1,0,0,0,0,10.0,4.5,5.6,8.475,7.0,0
334,152767,62954,24,8,1,2,733,13,1,1,27,1,0,1,0,0,10.0,3.5,10.0,7.665,10.0,0
386,120211,28901,13,6,2,2,752,1,1,1,21,1,0,0,0,0,8.8,5.0,8.75,7.76,4.6,0
500,139502,60983,24,9,4,2,337,9,2,1,31,1,0,0,0,0,10.0,8.0,10.0,5.6850000000000005,9.399999999999999,0
668,201004,28301,1,2,4,1,871,3,1,1,10,1,0,0,0,0,1.6,9.0,4.7,8.355,5.8,0
376,64225,90180,16,9,2,3,303,1,1,1,25,1,0,0,0,0,10.0,4.0,9.95,5.515,4.6,0
358,152475,74903,19,6,2,1,422,11,2,1,30,0,0,0,0,0,10.0,6.0,8.3,6.109999999999999,10.0,0
730,234418,21204,3,9,2,3,470,8,1,1,19,1,0,0,0,0,6.6,4.0,6.45,6.35,8.8,0
799,225463,24755,12,4,2,2,90,14,1,1,19,1,0,0,0,0,7.200000000000001,5.0,8.25,4.45,10.0,0
408,189708,64817,17,5,3,3,264,8,1,1,32,1,0,0,0,0,9.8,5.5,10.0,5.32,8.8,0
577,30839,7093,2,2,1,2,753,14,1,1,4,1,0,1,0,0,2.0,3.5,4.0,7.765000000000001,10.0,0
367,216618,74537,18,3,2,3,372,4,2,1,40,0,0,1,0,0,9.0,4.0,9.6,5.86,6.4,0
368,198901,27940,4,1,3,3,730,2,1,1,2,1,0,0,0,0,2.2,5.5,4.1,7.65,5.2,0
464,160302,78346,0,4,1,2,466,2,2,1,43,1,0,0,0,0,2.4,3.5,9.45,6.33,5.2,0
788,71977,49040,8,2,2,2,907,0,2,1,49,1,0,0,0,0,4.4,5.0,10.0,8.535,4.0,0
604,191304,42322,23,2,2,1,452,12,1,1,33,1,0,0,0,1,10.0,6.0,10.0,6.26,10.0,0
664,133050,96544,7,1,3,1,819,7,2,1,30,1,0,0,0,0,3.4000000000000004,7.5,8.9,8.094999999999999,8.2,0
678,245864,89437,2,2,2,1,895,2,2,1,41,0,0,0,0,0,2.0,6.0,6.55,8.475,5.2,0
642,45651,97969,1,4,2,2,993,11,2,1,6,1,0,0,0,0,2.8,5.0,4.1,8.965,10.0,0
653,117919,92725,0,6,2,3,542,3,2,1,29,1,0,0,0,0,3.5999999999999996,4.0,7.35,6.71,5.8,0
715,59963,99266,11,7,5,2,247,1,1,1,17,0,0,0,0,0,8.600000000000001,9.5,4.75,5.235,4.6,0
408,206944,14236,21,7,2,2,907,7,2,1,15,0,0,1,0,0,10.0,5.0,6.45,8.535,8.2,0
796,137776,77597,12,7,5,1,270,2,2,1,12,1,1,0,0,0,9.0,10.0,7.2,5.35,5.2,0
640,99198,89124,9,4,3,3,282,13,1,1,32,1,0,0,0,0,6.0,5.5,9.6,5.41,10.0,0
682,164811,8902,16,5,3,2,289,11,2,0,6,1,0,0,0,0,9.4,6.5,7.1,1.445,10.0,0
832,150697,39364,10,3,1,3,913,10,2,1,29,0,0,0,0,0,5.8,2.5,6.35,8.565000000000001,10.0,0
599,83294,99410,4,1,2,3,935,1,1,1,10,1,0,0,0,0,2.2,4.0,5.3,8.675,4.6,0
438,199428,25096,24,8,1,3,955,0,1,1,5,1,0,0,0,0,10.0,2.5,8.55,8.775,4.0,0
658,21789,17020,8,7,2,2,159,12,2,1,20,0,0,0,0,0,7.4,5.0,4.6,4.795,10.0,0
798,170492,63473,12,9,5,3,836,13,2,1,31,0,0,0,0,0,10.0,8.5,7.05,8.18,10.0,0
684,109297,49153,19,4,1,2,161,9,2,1,4,1,0,0,0,1,10.0,3.5,7.4,4.805,9.399999999999999,0
579,188678,46277,22,5,2,3,803,1,2,1,41,1,0,0,0,0,10.0,4.0,10.0,8.015,4.6,0
782,189712,92221,10,5,1,3,582,1,1,1,28,1,0,0,0,0,7.0,2.5,9.2,6.91,4.6,0
410,138341,43502,22,7,3,2,657,12,2,1,34,1,0,0,0,0,10.0,6.5,10.0,7.285,10.0,0
438,64135,20675,3,9,1,3,21,3,2,1,46,0,0,0,0,0,6.6,2.5,7.5,4.105,5.8,0
734,57067,29365,20,8,1,3,23,10,2,1,11,1,0,0,0,0,10.0,2.5,8.65,4.115,10.0,0
808,209492,92812,10,7,2,2,520,0,2,1,36,1,0,0,0,0,8.2,5.0,10.0,6.6,4.0,0
572,37357,83229,8,1,3,1,551,14,2,1,45,1,0,0,1,0,3.8000000000000003,7.5,10.0,6.755,8.4,0
398,190923,94049,6,6,1,3,960,0,2,1,43,1,0,0,0,0,6.0,2.5,10.0,8.8,4.0,0
403,58262,57148,15,9,2,3,876,5,1,1,21,1,0,0,0,0,10.0,4.0,9.15,8.379999999999999,7.0,0
513,227925,94157,22,7,1,3,454,4,1,1,10,1,0,0,0,0,10.0,2.5,8.9,6.27,6.4,0
464,78643,94247,22,1,5,3,327,0,1,1,22,0,0,0,0,0,9.4,8.5,7.7,5.635,4.0,0
819,172606,98321,24,9,2,2,808,5,2,1,44,1,0,0,0,0,10.0,5.0,10.0,8.04,7.0,0
583,111270,73078,4,3,3,3,741,13,2,0,9,0,0,0,0,0,3.4,5.5,2.15,3.705,10.0,0
816,183944,87598,5,9,3,3,247,7,1,1,41,1,0,0,0,0,7.3999999999999995,5.5,10.0,5.235,8.2,0
463,158761,75902,18,4,1,2,548,12,2,1,23,1,0,1,0,0,9.6,3.5,10.0,6.74,10.0,0
363,89103,31465,0,9,2,2,778,4,2,1,45,0,0,0,0,0,5.3999999999999995,5.0,6.75,7.890000000000001,6.4,0
390,106268,37286,15,8,1,3,818,2,2,1,15,1,0,0,0,0,10.0,2.5,8.25,8.09,5.2,0
416,106310,59795,17,7,2,3,663,2,0,1,11,1,1,0,0,0,10.0,4.0,8.05,7.3149999999999995,5.2,0
566,239803,45178,23,4,2,3,771,12,0,1,49,1,0,0,0,0,10.0,4.0,10.0,7.855,10.0,0
439,57412,84183,12,9,2,1,83,10,2,1,31,1,0,0,0,0,10.0,6.0,10.0,4.415,10.0,0
545,67734,54986,0,4,1,1,443,11,2,1,23,0,0,0,0,0,2.4,4.5,3.4499999999999997,6.215,10.0,0
694,107793,48201,9,1,1,3,307,1,2,1,3,1,0,0,0,0,4.2,2.5,5.25,5.535,4.6,0
786,221002,48315,6,6,3,3,720,8,2,1,41,0,0,0,0,0,6.0,5.5,7.35,7.6,8.8,0
775,42228,80396,4,4,3,2,305,8,1,1,32,1,0,0,0,0,4.0,6.5,8.6,5.525,8.8,0
816,140627,60178,12,3,1,3,23,6,1,1,17,1,1,0,0,0,6.6000000000000005,2.5,7.95,4.115,7.6,0
483,97924,15745,21,5,1,3,621,0,2,1,46,1,0,0,0,0,10.0,2.5,10.0,7.105,4.0,0
319,31319,77354,15,3,4,3,612,0,1,1,16,0,0,0,0,0,7.8,7.0,5.4,7.0600000000000005,4.0,0
823,26475,84637,23,9,3,3,404,3,2,1,20,1,0,0,0,0,10.0,5.5,10.0,6.02,5.8,0
828,248163,10028,19,6,5,2,200,11,2,1,0,1,0,0,0,0,10.0,9.5,6.800000000000001,5.0,10.0,0
446,234766,53566,21,3,2,3,883,1,2,1,45,1,0,0,0,0,10.0,4.0,10.0,8.415,4.6,0
603,165800,48722,13,5,2,1,826,12,2,0,43,1,0,0,0,0,8.2,6.0,10.0,4.13,10.0,0
527,49545,91623,10,8,2,3,430,2,2,1,24,1,0,0,0,0,8.8,4.0,8.6,6.15,5.2,0
401,116636,79974,18,8,3,1,115,1,2,1,30,1,0,0,0,0,10.0,7.5,10.0,4.575,4.6,0
716,232758,88692,22,6,1,3,403,14,2,1,42,1,0,0,0,0,10.0,2.5,10.0,6.015000000000001,10.0,0
515,249822,89084,1,5,1,3,447,0,2,1,19,1,0,0,0,0,3.4,2.5,6.050000000000001,6.234999999999999,4.0,0
706,249484,44879,7,5,1,3,16,2,1,1,25,1,0,1,0,0,5.800000000000001,2.5,8.15,4.08,5.2,0
698,212828,29767,12,1,3,3,90,6,2,1,18,1,0,0,0,0,5.4,5.5,8.1,4.45,7.6,0
798,219847,73099,6,2,2,1,774,9,1,1,29,1,0,0,0,0,3.6000000000000005,6.0,8.55,7.87,9.399999999999999,0
764,189771,53657,11,4,3,3,661,8,2,1,24,1,0,0,0,0,6.800000000000001,5.5,8.8,7.305,8.8,0
381,187893,13498,7,6,4,2,494,9,1,1,35,0,0,0,0,0,6.4,8.0,6.65,6.470000000000001,9.399999999999999,0
664,50615,78667,15,7,3,2,366,8,2,0,48,1,0,0,0,0,10.0,6.5,10.0,1.83,8.8,0
462,33746,30107,17,1,2,3,320,7,1,0,17,1,1,0,0,0,7.4,4.0,8.95,1.6,8.2,0
347,237529,33793,18,8,5,3,941,5,2,1,3,1,0,0,0,0,10.0,8.5,7.05,8.705,7.0,0
810,173817,7696,3,1,2,3,515,0,2,1,26,1,0,0,0,0,1.8000000000000003,4.0,7.5,6.575,4.0,0
628,21245,58839,24,9,1,3,528,7,2,1,32,0,0,0,0,0,10.0,2.5,9.600000000000001,6.640000000000001,8.2,0
415,137408,94241,11,4,5,3,673,7,0,1,5,1,1,0,0,1,6.800000000000001,8.5,5.95,7.365,8.2,0
636,132143,28397,15,7,1,3,811,13,2,1,6,1,0,0,0,0,10.0,2.5,6.9,8.055,10.0,0
446,175925,12704,20,6,2,3,647,11,1,1,0,1,0,0,0,0,10.0,4.0,7.0,7.234999999999999,10.0,0
622,47632,21442,21,9,2,3,458,8,2,1,37,1,0,0,0,0,10.0,4.0,10.0,6.29,8.8,0
742,32856,68788,16,2,2,2,294,9,0,1,34,1,0,0,0,0,7.6000000000000005,5.0,10.0,5.47,9.399999999999999,0
312,207965,14765,3,7,2,3,291,10,1,1,22,1,0,1,0,0,5.4,4.0,6.9,5.455,10.0,0
793,221713,15002,19,5,2,3,83,11,2,1,15,1,0,0,0,0,10.0,4.0,9.05,4.415,10.0,0
586,88049,16390,23,7,2,2,970,5,2,1,33,1,0,0,1,0,10.0,5.0,10.0,8.85,3.0,0
413,78182,49436,23,1,3,2,54,2,2,1,33,1,0,0,0,0,9.8,6.5,10.0,4.27,5.2,0
779,153873,89482,21,9,2,3,538,5,1,0,30,0,0,0,0,0,10.0,4.0,8.7,2.69,7.0,0
321,248953,11641,23,1,2,1,754,7,1,1,42,1,0,0,0,0,9.8,6.0,10.0,7.77,8.2,0
648,230503,38709,8,5,2,2,685,6,1,1,30,1,0,0,0,0,6.2,5.0,9.1,7.425,7.6,0
619,190821,44309,4,8,3,2,466,12,1,1,10,1,0,1,0,0,6.4,6.5,5.3,6.33,10.0,0
425,224829,20624,16,1,3,1,584,7,2,1,7,1,0,0,0,0,7.0,7.5,7.25,6.92,8.2,0
576,75654,14966,16,7,4,3,416,2,0,1,23,1,0,0,0,0,10.0,7.0,9.65,6.08,5.2,0
503,222646,94350,1,2,1,2,102,7,2,1,22,1,0,0,0,0,1.6,3.5,6.5,4.51,8.2,0
493,248639,39189,1,7,1,2,331,4,2,1,31,1,0,0,0,0,4.6000000000000005,3.5,7.85,5.655,6.4,0
846,75381,76301,20,7,1,3,475,6,0,1,14,1,0,0,0,0,10.0,2.5,9.1,6.375,7.6,0
585,78601,22223,22,9,1,2,613,12,2,1,27,1,0,0,0,0,10.0,3.5,10.0,7.0649999999999995,10.0,0
356,166154,83183,6,6,2,3,894,3,2,1,19,1,0,0,0,0,6.0,4.0,7.050000000000001,8.469999999999999,5.8,0
602,165720,9959,3,4,5,3,563,2,0,1,13,1,0,0,0,0,3.6,8.5,5.55,6.8149999999999995,5.2,0
462,20364,32257,12,7,2,3,762,5,2,1,25,1,0,0,0,0,9.0,4.0,9.15,7.8100000000000005,7.0,0
318,185640,55802,19,7,5,3,336,8,2,1,49,1,0,0,0,0,10.0,8.5,10.0,5.68,8.8,0
669,230718,92748,10,4,1,1,776,3,2,0,36,0,0,0,0,0,6.4,4.5,7.3999999999999995,3.88,5.8,0
563,222566,32215,2,2,4,1,852,11,2,1,1,1,0,0,0,0,2.0,9.0,3.55,8.26,10.0,0
412,225704,60046,1,9,1,2,592,8,2,1,33,1,0,0,1,0,5.8,3.5,8.15,6.96,4.8,0
787,27436,99593,15,8,4,1,820,2,2,1,33,0,0,0,0,0,10.0,9.0,7.95,8.1,5.2,0
626,106713,39094,2,5,1,3,737,5,1,1,33,1,0,0,0,0,3.8,2.5,8.350000000000001,7.6850000000000005,7.0,0
841,177826,43669,23,5,4,2,832,11,1,1,8,1,0,0,0,0,10.0,8.0,8.8,8.16,10.0,0
364,80194,41126,14,1,2,3,577,4,2,1,43,1,0,0,0,0,6.2,4.0,10.0,6.885,6.4,0
591,44544,84036,16,9,2,2,600,8,2,1,49,1,0,0,0,0,10.0,5.0,10.0,7.0,8.8,0
324,211252,21772,15,8,2,2,424,5,0,1,2,1,0,0,0,0,10.0,5.0,6.3,6.12,7.0,0
848,83295,53586,19,5,2,2,508,1,0,1,29,0,0,0,0,0,10.0,5.0,8.15,6.54,4.6,0
300,163710,56943,6,6,3,2,860,3,2,1,18,1,0,0,0,0,6.0,6.5,6.9,8.3,5.8,0
848,216787,73868,15,8,5,3,449,13,1,1,30,1,0,0,0,0,10.0,8.5,10.0,6.245,10.0,0
440,89409,54855,4,6,3,3,642,4,1,1,15,0,0,0,0,0,5.199999999999999,5.5,3.05,7.21,6.4,0
487,234178,27218,1,4,3,3,723,10,1,1,42,0,0,0,0,0,2.8,5.5,6.5,7.615,10.0,0
427,146839,86008,0,3,1,3,441,10,1,1,23,1,0,0,0,0,1.7999999999999998,2.5,6.449999999999999,6.205,10.0,0
500,133759,62205,21,7,3,3,957,8,2,0,14,1,0,0,0,0,10.0,5.5,9.3,4.785,8.8,0
426,37157,9959,12,2,2,3,337,12,2,1,21,1,0,0,0,0,6.000000000000001,4.0,8.55,5.6850000000000005,10.0,0
556,196637,87979,15,7,4,1,266,0,1,1,31,1,0,0,0,0,10.0,9.0,10.0,5.33,4.0,0
846,221068,50134,4,1,2,1,651,11,2,1,10,0,0,0,0,0,2.2,6.0,2.3,7.255,10.0,0
493,85888,30874,2,5,3,3,870,8,1,1,28,1,0,0,0,0,3.8,5.5,7.6000000000000005,8.35,8.8,0
403,207167,6301,14,9,2,2,563,9,2,1,41,0,0,0,0,0,10.0,5.0,8.95,6.8149999999999995,9.399999999999999,0
834,84947,63017,15,1,2,2,83,0,1,1,23,1,0,0,0,0,6.6,5.0,9.45,4.415,4.0,0
564,238194,48319,10,8,2,1,243,0,2,1,18,1,0,0,0,0,8.8,6.0,7.699999999999999,5.215,4.0,0
683,90880,94616,24,9,2,2,530,3,1,1,4,1,0,0,0,0,10.0,5.0,8.4,6.65,5.8,0
559,24507,91219,18,9,2,3,891,12,1,1,45,1,0,0,0,0,10.0,4.0,10.0,8.455,10.0,0
713,123134,27455,17,8,1,2,552,5,2,1,40,1,0,0,0,0,10.0,3.5,10.0,6.76,7.0,0
657,63988,9112,20,4,3,2,617,13,1,1,37,1,0,0,0,0,10.0,6.5,10.0,7.085,10.0,0
374,118421,62033,8,7,1,2,267,1,2,1,0,1,0,0,0,0,7.4,3.5,4.6,5.335,4.6,0
654,167937,63360,7,1,4,3,801,0,1,1,29,0,0,0,0,0,3.4000000000000004,7.0,5.75,8.004999999999999,4.0,0
487,122591,87418,21,7,1,3,238,11,0,1,11,1,0,1,0,0,10.0,2.5,8.85,5.1899999999999995,10.0,0
589,149614,37145,18,6,1,2,254,3,2,1,45,1,0,0,0,0,10.0,3.5,10.0,5.27,5.8,0
344,47213,37735,21,5,2,3,436,7,2,1,3,0,0,0,0,0,10.0,4.0,4.65,6.18,8.2,0
382,207026,77781,4,1,2,2,719,5,2,1,14,1,0,0,0,0,2.2,5.0,5.9,7.595000000000001,7.0,0
422,77450,72641,16,8,2,3,465,11,0,1,16,1,0,0,0,0,10.0,4.0,8.6,6.325,10.0,0
657,155549,26711,4,1,2,3,753,4,2,1,11,1,0,0,0,0,2.2,4.0,5.45,7.765000000000001,6.4,0
827,82222,10630,13,1,2,3,482,0,1,1,0,0,0,1,0,1,5.8,4.0,2.6,6.41,4.0,0
365,157605,70488,6,3,3,2,820,2,2,1,12,1,0,0,0,0,4.2,6.5,6.0,8.1,5.2,0
674,200467,8206,8,8,2,1,572,13,2,1,29,1,0,0,0,0,8.0,6.0,8.95,6.859999999999999,10.0,0
461,174468,61289,16,8,2,2,738,6,2,1,9,1,0,0,0,0,10.0,5.0,7.55,7.6899999999999995,7.6,0
679,32755,23953,2,7,3,1,183,14,2,1,35,1,0,0,0,0,5.0,7.5,8.65,4.915,10.0,0
657,151937,15068,7,5,3,2,84,13,2,1,5,1,0,0,0,0,5.800000000000001,6.5,5.15,4.42,10.0,0
487,162245,83930,21,8,2,2,108,9,1,1,8,1,0,0,0,0,10.0,5.0,8.4,4.54,9.399999999999999,0
621,209977,60916,12,2,3,2,522,2,1,0,49,1,0,0,0,0,6.000000000000001,6.5,10.0,2.61,5.2,0
749,189169,6067,15,8,4,3,133,4,2,1,1,1,0,0,0,0,10.0,7.0,6.15,4.665,6.4,0
773,53371,55658,20,2,2,2,126,14,1,1,5,0,0,0,0,0,9.2,5.0,4.75,4.63,10.0,0
312,162326,57165,9,5,2,3,352,5,1,1,10,1,0,1,0,0,6.6,4.0,6.3,5.76,7.0,0
483,155090,85781,17,4,4,3,716,8,2,1,25,0,0,0,0,0,9.200000000000001,7.0,7.15,7.58,8.8,0
410,25192,14859,2,1,1,3,242,10,2,0,27,1,0,0,0,0,1.4,2.5,7.45,1.21,10.0,0
807,22015,34164,11,5,1,3,138,2,2,1,12,1,0,0,0,0,7.4,2.5,7.0,4.6899999999999995,5.2,0
589,128154,85913,15,7,2,3,383,14,2,1,37,1,0,0,0,0,10.0,4.0,10.0,5.915,10.0,0
594,219988,25773,17,1,3,3,584,5,2,1,11,1,0,0,0,0,7.4,5.5,8.05,6.92,7.0,0
750,48343,62295,16,2,4,2,245,10,2,1,18,1,0,0,0,0,7.6000000000000005,8.0,8.9,5.225,10.0,0
514,89306,38939,6,9,3,3,853,1,2,1,17,1,0,0,0,0,7.8,5.5,6.75,8.265,4.6,0
326,25829,53599,18,5,5,3,751,8,2,1,18,1,1,1,0,0,10.0,8.5,9.3,7.755,8.8,0
530,54381,11114,22,7,1,2,199,11,0,1,27,1,0,0,0,0,10.0,3.5,10.0,4.995,10.0,0
620,131451,17818,22,2,1,1,710,8,2,1,11,1,0,0,0,0,10.0,4.5,9.05,7.55,8.8,0
532,232153,14335,7,7,3,3,177,6,2,1,31,1,0,0,0,0,7.0,5.5,9.05,4.885,7.6,0
736,38263,60008,16,7,5,3,616,13,0,1,12,1,0,0,0,0,10.0,8.5,8.0,7.08,10.0,0
832,204332,76745,20,7,2,3,678,10,1,1,22,1,0,0,0,0,10.0,4.0,10.0,7.390000000000001,10.0,0
702,194378,48148,24,5,1,1,300,8,2,1,35,1,0,0,0,0,10.0,4.5,10.0,5.5,8.8,0
352,242283,8577,6,9,2,3,869,3,2,1,29,1,0,0,0,0,7.8,4.0,8.55,8.344999999999999,5.8,0
612,78418,78916,0,2,2,2,350,9,2,1,21,1,0,0,0,0,1.2,5.0,6.15,5.75,9.399999999999999,0
580,241970,9076,7,4,2,3,404,0,1,1,37,1,0,0,0,0,5.2,4.0,9.95,6.02,4.0,0
330,20148,37925,18,2,1,1,483,0,0,1,44,1,0,0,0,0,8.4,4.5,10.0,6.415,4.0,0
636,152826,56869,19,8,4,3,148,1,1,1,41,0,0,0,0,0,10.0,7.0,9.95,4.74,4.6,0
482,46745,64314,19,1,2,1,200,9,2,1,2,0,0,0,0,0,8.200000000000001,6.0,4.1000000000000005,5.0,9.399999999999999,0
322,92914,46205,9,9,3,1,974,13,2,1,8,1,0,0,0,0,9.0,7.5,6.0,8.870000000000001,10.0,0
843,206905,16095,11,5,1,2,577,10,2,1,14,1,0,0,0,0,7.4,3.5,7.300000000000001,6.885,10.0,0
745,171212,89715,23,3,1,2,528,2,2,1,29,1,0,0,0,0,10.0,3.5,10.0,6.640000000000001,5.2,0
373,225979,61680,0,4,2,3,60,13,2,1,25,1,0,0,0,0,2.4,4.0,6.75,4.3,10.0,0
309,80653,33400,23,1,4,1,560,1,0,1,29,1,0,0,0,0,9.8,9.0,10.0,6.8,4.6,0
783,243607,89297,24,3,2,2,307,3,1,1,4,0,0,0,0,0,10.0,5.0,5.4,5.535,5.8,0
755,212593,72346,24,8,4,2,81,7,0,1,30,1,0,0,0,0,10.0,8.0,10.0,4.405,8.2,0
459,98315,92110,20,2,3,3,265,2,2,1,21,0,0,0,0,0,9.2,5.5,7.15,5.325,5.2,0
313,51075,33562,3,2,1,1,318,3,1,1,40,1,0,0,0,0,2.4000000000000004,4.5,9.6,5.59,5.8,0
477,181769,45663,3,9,2,2,100,1,2,1,14,1,0,0,0,0,6.6,5.0,5.7,4.5,4.6,0
711,205616,23510,8,5,3,3,158,0,1,1,44,1,0,0,0,0,6.2,5.5,10.0,4.79,4.0,0
352,29795,66608,14,5,2,3,39,13,1,1,34,1,0,0,0,0,8.600000000000001,4.0,10.0,4.195,10.0,0
707,84555,77489,23,1,2,3,471,7,2,0,18,0,0,0,1,0,9.8,4.0,7.300000000000001,2.355,4.2,0
321,203276,57182,14,6,2,3,644,6,1,1,33,1,0,1,0,0,9.2,4.0,10.0,7.220000000000001,7.6,0
329,220826,92667,6,8,2,1,394,9,2,1,17,1,0,0,0,0,7.2,6.0,6.75,5.97,9.399999999999999,0
559,215932,31883,11,6,4,3,758,1,2,1,13,1,0,0,0,0,8.0,7.0,7.15,7.79,4.6,0
504,123107,76427,2,7,1,3,801,7,1,1,21,1,1,0,0,0,5.0,2.5,6.55,8.004999999999999,8.2,0
358,71529,40844,19,4,2,3,646,12,2,1,23,1,0,0,0,0,10.0,4.0,10.0,7.23,10.0,0
770,162744,23728,8,2,2,2,655,9,2,1,12,1,1,0,0,0,4.4,5.0,6.4,7.275,9.399999999999999,0
765,205310,16094,13,1,3,3,527,2,2,1,7,1,0,0,0,0,5.8,5.5,6.65,6.635,5.2,0
311,247650,7407,12,6,3,2,904,6,0,1,41,1,0,0,0,0,8.4,6.5,10.0,8.52,7.6,0
589,187022,60412,23,9,4,3,382,0,2,1,1,1,0,1,0,0,10.0,7.0,7.750000000000001,5.91,4.0,0
653,31009,17644,11,5,3,2,206,11,0,1,41,0,0,0,0,0,7.4,6.5,8.35,5.03,10.0,0
374,198168,90834,0,2,2,2,199,12,1,1,26,1,0,0,0,0,1.2,5.0,6.9,4.995,10.0,0
740,170616,65746,18,1,2,3,812,14,0,1,33,1,0,0,0,0,7.8,4.0,10.0,8.059999999999999,10.0,0
540,206800,57748,15,3,2,2,905,13,2,1,28,1,0,0,0,0,7.8,5.0,10.0,8.525,10.0,0
453,49381,64021,11,4,3,3,757,2,2,1,25,1,0,0,0,0,6.800000000000001,5.5,8.95,7.785,5.2,0
395,147769,67651,9,7,3,3,88,8,2,0,22,1,0,0,0,0,7.800000000000001,5.5,8.1,1.0,8.8,0
593,176359,41807,1,9,5,3,556,14,2,1,35,0,0,0,0,0,5.8,8.5,5.45,6.779999999999999,10.0,0
508,84610,39072,17,8,3,2,825,3,2,1,8,1,0,0,0,0,10.0,6.5,7.6000000000000005,8.125,5.8,0
642,88122,43398,12,9,2,3,891,0,2,1,20,0,0,1,0,0,10.0,4.0,5.4,8.455,4.0,0
387,88184,33669,23,7,1,3,882,10,1,1,41,1,0,0,0,0,10.0,2.5,10.0,8.41,10.0,0
689,191153,35161,5,8,1,2,81,13,2,0,35,1,0,0,0,0,6.8,3.5,9.25,1.0,10.0,0
624,234709,12282,11,8,1,3,52,5,2,1,2,1,0,0,0,0,9.2,2.5,5.5,4.26,7.0,0
456,196384,31539,21,1,1,2,812,0,2,1,6,1,0,0,0,0,9.0,3.5,8.1,8.059999999999999,4.0,0
436,107228,8307,3,9,2,1,142,9,2,1,22,1,0,0,0,0,6.6,6.0,6.9,4.71,9.399999999999999,0
727,92943,22745,0,2,2,3,808,0,2,1,31,1,0,0,0,0,1.2,4.0,7.6499999999999995,8.04,4.0,0
751,233862,44433,10,7,3,3,115,1,0,1,22,1,1,0,0,0,8.2,5.5,8.3,4.575,4.6,0
440,100770,39555,22,5,2,2,680,14,2,1,15,1,0,0,0,0,10.0,5.0,9.65,7.4,10.0,0
382,72726,6073,7,4,2,2,366,13,1,1,4,1,0,0,0,0,5.2,5.0,5.0,5.83,10.0,0
476,173283,37683,1,1,2,3,17,2,0,0,12,1,0,0,0,0,1.0,4.0,5.0,1.0,5.2,0
497,180552,30741,1,1,2,2,783,12,2,1,9,1,0,0,0,0,1.0,5.0,4.55,7.915,10.0,0
720,67780,27286,15,3,5,2,352,1,2,1,1,1,0,0,0,0,7.8,9.5,6.15,5.76,4.6,0
700,208210,8599,0,1,1,3,446,7,0,1,15,1,0,0,0,0,1.0,2.5,5.25,6.23,8.2,0
770,241454,32293,3,8,4,2,89,5,2,1,0,1,0,0,0,0,6.0,8.0,3.6,4.445,7.0,0
517,62503,20389,5,3,2,3,565,14,2,1,5,1,0,0,0,0,3.8,4.0,4.75,6.825,10.0,0
474,77893,17318,20,2,2,2,698,0,0,1,18,0,0,0,0,0,9.2,5.0,6.699999999999999,7.49,4.0,0
322,197265,53875,19,6,1,3,401,5,2,1,32,1,0,0,0,0,10.0,2.5,10.0,6.005,7.0,0
534,81358,8055,13,4,1,2,585,0,1,1,27,1,1,0,0,0,7.6,3.5,9.65,6.925,4.0,0
312,100857,87579,19,4,2,3,909,8,2,1,4,1,0,0,0,0,10.0,4.0,7.4,8.545,8.8,0
400,229254,11320,14,2,3,2,297,13,1,1,11,1,0,0,0,0,6.800000000000001,6.5,7.45,5.485,10.0,0
835,140457,9642,6,2,2,3,830,2,2,0,29,1,0,0,0,0,3.6000000000000005,4.0,8.55,4.15,5.2,0
822,173189,97694,6,6,2,3,122,11,2,1,16,1,1,0,0,0,6.0,4.0,6.6,4.61,10.0,0
751,210128,14321,17,5,2,3,972,0,2,1,18,1,0,0,0,0,9.8,4.0,9.1,8.86,4.0,0
730,137928,84968,22,9,2,1,840,0,2,0,39,1,0,0,0,0,10.0,6.0,10.0,4.2,4.0,0
832,78706,93293,1,4,4,3,891,1,1,1,41,1,0,1,0,0,2.8,7.0,9.35,8.455,4.6,0
592,221501,64618,19,5,4,2,729,12,0,1,24,0,0,0,0,0,10.0,8.0,7.4,7.645,10.0,0
400,160548,31044,14,1,2,3,965,5,2,1,34,1,0,0,0,0,6.2,4.0,10.0,8.825,7.0,0
801,102806,26971,0,2,2,2,235,0,2,0,8,1,0,0,0,0,1.2,5.0,4.2,1.175,4.0,0
603,75006,30727,20,3,1,2,342,6,2,1,31,1,0,0,0,0,9.8,3.5,10.0,5.71,7.6,0
839,107238,27559,16,5,5,2,426,10,1,1,38,1,0,0,0,0,9.4,9.5,10.0,6.13,10.0,0
654,220990,78820,19,5,2,3,287,11,2,1,37,1,0,0,0,0,10.0,4.0,10.0,5.4350000000000005,10.0,0
602,214227,88201,24,4,3,3,904,3,2,0,14,1,0,0,0,0,10.0,5.5,9.9,4.52,5.8,0
795,218393,32476,12,3,2,2,808,6,2,1,44,1,0,1,0,0,6.6000000000000005,5.0,10.0,8.04,7.6,0
526,65798,67683,11,9,5,3,801,3,1,1,45,1,0,1,0,0,9.8,8.5,10.0,8.004999999999999,5.8,0
535,97271,15991,23,1,2,3,12,10,2,1,36,1,0,0,1,0,9.8,4.0,10.0,4.06,6.0,0
754,50177,90097,21,6,2,3,554,3,2,1,25,1,0,0,0,0,10.0,4.0,10.0,6.77,5.8,0
312,247320,75047,14,7,3,2,487,13,2,1,30,1,0,0,0,0,9.8,6.5,10.0,6.4350000000000005,10.0,0
509,148022,15796,23,4,5,3,419,3,2,1,29,1,0,0,0,0,10.0,8.5,10.0,6.095000000000001,5.8,0
696,150156,8881,4,3,5,3,316,9,2,1,1,1,0,0,0,0,3.4,8.5,3.95,5.58,9.399999999999999,0
399,102215,20668,6,8,3,1,223,11,0,1,6,1,0,0,0,0,7.2,7.5,5.1,5.115,10.0,0
330,63013,39312,7,9,3,3,39,9,2,0,29,1,1,0,0,0,8.2,5.5,8.75,1.0,9.399999999999999,0
827,102600,33106,22,1,2,2,428,7,2,1,32,1,0,0,0,0,9.4,5.0,10.0,6.140000000000001,8.2,0
628,116099,97758,13,9,3,3,546,1,2,1,47,0,0,0,0,0,10.0,5.5,9.65,6.73,4.6,0
465,73450,20729,3,7,4,3,37,7,1,1,38,1,1,0,0,0,5.4,7.0,9.3,4.185,8.2,0
758,249700,75320,20,1,2,2,618,9,2,1,46,1,0,0,0,0,8.6,5.0,10.0,7.09,9.399999999999999,0
399,199000,59913,13,7,3,2,96,10,1,1,37,1,0,0,0,0,9.4,6.5,10.0,4.48,10.0,0
472,142640,62026,9,5,2,2,35,0,1,1,19,1,0,0,0,0,6.6,5.0,7.65,4.175,4.0,0
461,112403,64402,21,7,2,2,129,12,1,1,18,1,0,0,0,0,10.0,5.0,9.9,4.645,10.0,0
562,196454,42282,15,9,4,3,722,6,0,1,8,1,0,0,0,0,10.0,7.0,7.2,7.609999999999999,7.6,0
573,119290,79638,10,8,2,3,401,6,2,1,21,1,0,0,0,0,8.8,4.0,8.15,6.005,7.6,0
302,236110,43218,21,6,2,1,366,5,1,1,31,0,0,0,0,0,10.0,6.0,8.85,5.83,7.0,0
327,151832,22950,24,2,2,3,362,13,1,0,29,1,0,0,0,0,10.0,4.0,10.0,1.81,10.0,0
625,44142,64739,13,8,2,2,24,3,1,1,5,1,0,1,0,0,10.0,5.0,6.35,4.12,5.8,0
448,130189,9507,13,4,2,3,314,4,2,1,16,1,0,0,0,0,7.6,4.0,8.0,5.57,6.4,0
839,127532,51303,1,8,4,2,263,0,2,1,36,1,0,0,0,0,5.2,8.0,8.6,5.3149999999999995,4.0,0
787,168362,84059,21,7,3,3,632,1,1,1,14,1,0,0,0,0,10.0,5.5,9.3,7.16,4.6,0
737,222107,29667,12,4,4,1,529,9,2,1,6,1,0,0,0,0,7.200000000000001,9.0,6.300000000000001,6.645,9.399999999999999,0
364,151436,8992,2,8,1,2,960,6,2,1,13,1,0,0,0,0,5.6,3.5,5.35,8.8,7.6,0
655,76921,78563,17,2,4,3,862,1,2,1,19,1,0,0,0,0,8.0,7.0,9.25,8.309999999999999,4.6,0
832,39797,92680,21,9,3,2,649,7,0,1,29,0,0,0,0,0,10.0,6.5,8.55,7.245,8.2,0
551,52535,30530,3,6,1,3,195,6,2,1,17,1,0,0,0,0,4.8,2.5,6.15,4.975,7.6,0
534,66300,20305,20,7,3,3,396,9,1,1,21,0,0,0,0,0,10.0,5.5,7.15,5.98,9.399999999999999,0
526,67176,57129,20,1,5,3,914,7,2,1,24,1,0,1,0,0,8.6,8.5,10.0,8.57,8.2,0
824,36105,92267,18,3,1,3,509,3,2,1,23,1,0,0,0,0,9.0,2.5,10.0,6.545,5.8,0
612,159011,91209,15,5,2,2,23,0,1,1,30,0,0,0,0,0,9.0,5.0,7.5,4.115,4.0,0
348,99472,57044,3,7,4,3,239,6,2,1,48,1,0,0,0,0,5.4,7.0,10.0,5.195,7.6,0
417,193101,96378,18,1,1,3,100,0,2,0,17,1,0,0,0,0,7.8,2.5,9.15,1.0,4.0,0
353,166935,94363,22,9,3,2,413,14,2,1,33,0,0,0,0,0,10.0,6.5,9.350000000000001,6.0649999999999995,10.0,0
343,98097,63817,14,5,2,3,514,6,2,1,17,0,0,0,0,0,8.600000000000001,4.0,5.35,6.57,7.6,0
352,161519,51666,0,3,2,3,13,8,0,1,13,1,0,0,0,0,1.7999999999999998,4.0,4.95,4.065,8.8,0
824,116160,31173,15,7,3,3,673,4,2,1,3,1,0,0,0,0,10.0,5.5,6.45,7.365,6.4,0
401,66940,23909,14,8,1,1,228,13,2,1,6,1,0,0,0,0,10.0,4.5,6.7,5.14,10.0,0
697,229019,68967,15,3,3,3,597,14,1,1,6,1,0,0,0,0,7.8,5.5,6.9,6.984999999999999,10.0,0
437,105001,36007,21,7,1,2,805,1,2,0,0,1,0,1,0,0,10.0,3.5,7.2,4.025,4.6,0
686,170714,17985,19,7,2,3,876,10,1,1,39,1,0,0,0,0,10.0,4.0,10.0,8.379999999999999,10.0,0
410,247870,27525,0,4,2,3,225,13,2,1,23,1,0,0,0,0,2.4,4.0,6.449999999999999,5.125,10.0,0
316,246971,42403,16,9,2,2,168,0,2,1,31,0,0,0,0,0,10.0,5.0,7.85,4.84,4.0,0
481,218715,42193,4,1,2,3,772,7,2,1,9,1,0,0,0,0,2.2,4.0,5.15,7.859999999999999,8.2,0
835,27928,8830,4,1,3,3,588,12,0,0,8,1,1,0,0,0,2.2,5.5,5.0,2.94,10.0,0
840,68002,61144,6,5,4,3,743,3,2,1,38,1,0,0,0,0,5.4,7.0,9.9,7.715,5.8,0
470,104853,5533,12,3,4,2,713,7,2,1,2,1,0,0,0,0,6.6000000000000005,8.0,5.7,7.5649999999999995,8.2,0
708,134614,25946,11,9,2,3,740,1,2,1,43,1,0,0,0,0,9.8,4.0,10.0,7.7,4.6,0
677,137517,28504,3,5,4,3,382,12,1,1,34,1,1,0,0,0,4.2,7.0,8.7,5.91,10.0,0
487,176089,60715,24,7,4,3,26,13,1,1,4,1,0,0,0,0,10.0,7.0,8.4,4.13,10.0,0
529,99064,33255,3,1,2,1,911,2,2,0,6,1,0,0,0,0,1.8000000000000003,6.0,4.5,4.555,5.2,0
418,139694,61441,22,2,2,2,504,2,2,1,11,1,0,0,0,0,10.0,5.0,9.05,6.52,5.2,0
455,164385,41855,20,4,1,3,628,3,2,1,22,1,0,1,0,0,10.0,2.5,10.0,7.140000000000001,5.8,0
764,152631,46721,20,9,2,2,475,8,1,0,24,0,1,0,0,0,10.0,5.0,7.6,2.375,8.8,0
403,70893,46850,5,5,4,3,453,8,2,1,16,1,0,0,0,0,5.0,7.0,6.4,6.265000000000001,8.8,0
801,35167,39723,23,5,2,2,748,4,2,1,13,0,0,0,0,0,10.0,5.0,6.550000000000001,7.74,6.4,0
474,231951,40739,14,9,3,3,996,6,1,1,34,1,0,0,0,0,10.0,5.5,10.0,8.98,7.6,0
720,58598,10539,20,8,1,3,90,13,2,1,0,1,0,0,0,0,10.0,2.5,7.0,4.45,10.0,0
433,158595,78029,18,2,1,3,788,12,1,1,21,1,0,0,0,0,8.4,2.5,9.75,7.9399999999999995,10.0,0
690,69777,69509,5,7,2,2,175,13,2,1,27,1,0,0,0,0,6.2,5.0,8.05,4.875,10.0,0
800,179511,26311,11,1,5,3,366,8,2,1,22,0,0,0,0,0,5.0,8.5,5.5,5.83,8.8,0
332,136378,74180,13,9,2,3,243,0,2,1,17,1,0,0,0,0,10.0,4.0,8.15,5.215,4.0,0
354,101060,90981,17,3,4,3,171,12,2,1,45,1,0,0,0,0,8.600000000000001,7.0,10.0,4.855,10.0,0
818,33285,40934,11,2,1,1,184,1,1,1,44,1,0,0,0,0,5.6000000000000005,4.5,10.0,4.92,4.6,0
311,162045,14511,23,4,3,3,681,13,2,1,43,1,0,0,0,0,10.0,5.5,10.0,7.404999999999999,10.0,0
827,142970,5183,23,4,3,3,372,5,2,1,36,0,0,0,0,0,10.0,5.5,10.0,5.86,7.0,0
672,42694,14475,14,3,4,2,385,2,2,1,2,0,0,0,0,0,7.4,8.0,3.1,5.925,5.2,0
783,186846,89766,18,2,1,3,706,10,2,1,13,1,0,0,0,0,8.4,2.5,8.55,7.529999999999999,10.0,0
527,155374,68130,7,5,1,1,183,11,2,1,38,1,0,0,0,0,5.800000000000001,4.5,10.0,4.915,10.0,0
606,173463,64577,8,4,2,3,247,10,2,1,6,1,0,0,0,0,5.6,4.0,5.5,5.235,10.0,0
756,24611,31008,4,5,4,3,172,13,2,1,16,1,0,0,0,0,4.6,7.0,6.2,4.86,10.0,0
459,29372,81868,4,8,1,2,997,6,2,1,5,1,0,0,0,0,6.4,3.5,4.55,8.985,7.6,0
630,175384,52941,5,2,1,1,927,4,1,1,46,0,0,0,0,0,3.2,4.5,7.8999999999999995,8.635,6.4,0
524,165152,47756,22,9,2,3,921,9,2,1,18,1,0,0,0,0,10.0,4.0,10.0,8.605,9.399999999999999,0
803,100618,75258,2,1,2,1,247,7,2,1,14,1,0,0,0,0,1.4,6.0,5.5,5.235,8.2,0
755,132945,85730,4,8,3,2,627,12,0,0,38,1,0,0,0,0,6.4,6.5,9.5,3.135,10.0,0
344,128397,97167,0,5,4,2,639,0,2,1,4,1,0,0,0,0,3.0,8.0,3.6,7.195,4.0,0
513,116213,32912,10,2,2,2,241,13,2,1,14,1,0,0,0,0,5.2,5.0,7.1,5.205,10.0,0
358,40874,87702,20,8,4,1,597,8,1,1,44,1,0,0,0,0,10.0,9.0,10.0,6.984999999999999,8.8,0
494,213609,55659,19,5,3,1,526,13,2,1,25,1,0,0,0,0,10.0,7.5,10.0,6.63,10.0,0
788,224986,51840,0,3,2,1,739,10,0,0,38,1,0,0,0,0,1.7999999999999998,6.0,8.7,3.695,10.0,0
456,152669,86512,6,7,4,3,803,9,2,1,44,0,0,0,0,0,6.6000000000000005,7.0,7.8,8.015,9.399999999999999,0
525,31600,43623,14,4,3,3,854,5,1,1,12,1,0,0,0,0,8.0,5.5,7.6,8.27,7.0,0
711,154819,68303,16,6,2,2,929,11,1,1,30,1,0,0,0,0,10.0,5.0,10.0,8.645,10.0,0
504,99415,51062,7,8,3,3,245,4,2,1,12,1,0,0,0,0,7.6,5.5,6.2,5.225,6.4,0
378,229625,61690,1,1,2,3,332,7,2,1,22,1,0,0,0,0,1.0,4.0,6.5,5.66,8.2,0
423,175887,82582,12,2,1,2,553,11,1,1,39,1,0,0,0,0,6.000000000000001,3.5,10.0,6.765000000000001,10.0,0
770,235572,28634,11,8,3,3,416,11,2,1,31,1,0,0,0,0,9.2,5.5,9.85,6.08,10.0,0
517,114348,9090,4,7,3,3,186,3,2,1,36,1,0,0,0,0,5.800000000000001,5.5,9.2,4.93,5.8,0
815,125736,50266,12,9,3,1,509,11,2,1,3,1,0,0,0,0,10.0,7.5,5.8500000000000005,6.545,10.0,0
403,44714,35008,5,2,2,2,128,12,1,1,16,1,0,0,0,0,3.2,5.0,6.4,4.64,10.0,0
692,169962,92643,24,8,5,3,199,8,2,1,19,1,0,0,0,0,10.0,8.5,10.0,4.995,8.8,0
733,212581,63704,14,6,1,3,623,4,2,1,45,1,0,0,0,0,9.2,2.5,10.0,7.115,6.4,0
630,212896,67866,22,1,2,2,374,0,1,0,10,1,0,0,0,0,9.4,5.0,8.9,1.87,4.0,0
442,155797,13382,21,4,2,3,495,7,1,1,41,1,0,0,0,0,10.0,4.0,10.0,6.475,8.2,0
839,194277,52774,20,2,1,3,982,8,2,1,32,1,0,0,0,0,9.2,2.5,10.0,8.91,8.8,0
577,171756,79570,21,7,2,2,88,4,2,1,38,0,0,0,0,0,10.0,5.0,9.9,4.44,6.4,0
532,242933,79062,10,9,3,1,331,12,2,1,5,1,1,0,0,0,9.399999999999999,7.5,5.75,5.655,10.0,0
828,208983,94609,3,6,4,2,148,4,2,1,38,1,0,0,0,0,4.8,8.0,9.3,4.74,6.4,0
389,249150,51698,0,4,5,2,345,5,2,1,46,1,0,0,0,0,2.4,9.5,9.899999999999999,5.725,7.0,0
791,131573,6110,14,5,3,2,411,8,2,1,37,1,1,0,1,0,8.600000000000001,6.5,10.0,6.055,4.8,0
498,33092,86981,11,1,2,3,235,4,0,1,17,1,1,0,1,0,5.0,4.0,7.75,5.175,2.4,0
661,115918,5386,8,4,3,3,275,1,1,1,1,1,0,0,0,0,5.6,5.5,4.75,5.375,4.6,0
740,190842,63513,10,3,3,2,342,2,1,1,40,1,0,0,0,0,5.8,6.5,10.0,5.71,5.2,0
325,45457,89120,4,9,2,3,233,10,0,0,37,0,0,0,0,0,7.0,4.0,6.35,1.165,10.0,0
324,91667,52801,23,6,3,1,581,9,1,1,16,1,0,0,0,0,10.0,7.5,10.0,6.904999999999999,9.399999999999999,0
693,110751,76857,6,4,2,2,785,2,1,1,23,1,0,0,0,0,4.800000000000001,5.0,7.65,7.925,5.2,0
806,82894,94976,7,3,2,3,976,8,2,1,29,1,0,0,0,0,4.6,4.0,8.75,8.879999999999999,8.8,0
600,81305,36566,0,4,2,2,569,7,1,1,42,1,0,0,0,0,2.4,5.0,9.3,6.845000000000001,8.2,0
638,163684,37521,24,8,3,3,602,12,2,1,23,1,0,0,0,0,10.0,5.5,10.0,7.01,10.0,0
566,229699,28798,0,5,3,3,818,12,2,1,3,1,0,0,0,0,3.0,5.5,3.45,8.09,10.0,0
760,188161,18565,2,1,2,3,996,14,1,1,6,1,0,0,0,0,1.4,4.0,4.3,8.98,10.0,0
755,246367,28027,7,5,2,1,900,5,1,1,14,1,1,0,0,0,5.800000000000001,6.0,6.5,8.5,7.0,0
659,72137,10631,10,8,4,2,529,4,1,1,29,1,0,0,0,0,8.8,8.0,9.35,6.645,6.4,0
367,20559,94865,0,4,5,1,870,9,2,1,28,1,0,1,0,0,2.4,10.0,7.2,8.35,9.399999999999999,0
711,86249,61878,13,2,2,3,258,1,2,1,48,1,0,0,0,0,6.4,4.0,10.0,5.29,4.6,0
790,57361,50206,0,3,1,3,765,8,2,1,43,1,0,0,0,0,1.7999999999999998,2.5,9.45,7.825,8.8,0
348,100720,63582,5,9,3,3,686,9,2,1,44,0,0,0,0,0,7.3999999999999995,5.5,7.6,7.43,9.399999999999999,0
401,35261,63334,20,7,2,3,868,7,2,1,12,1,0,0,0,0,10.0,4.0,8.8,8.34,8.2,0
515,40372,77323,5,3,1,3,430,13,2,1,39,1,0,0,0,0,3.8,2.5,9.85,6.15,10.0,0
737,75355,58619,2,5,2,3,841,4,1,1,38,1,0,0,0,0,3.8,4.0,9.100000000000001,8.205,6.4,0
458,248748,31875,9,3,3,2,196,5,1,1,28,1,0,0,0,0,5.4,6.5,9.0,4.98,7.0,0
788,118560,29514,11,4,3,3,258,14,2,1,25,0,0,0,0,0,6.800000000000001,5.5,5.95,5.29,10.0,0
541,208992,27580,9,8,2,3,136,8,2,1,35,1,0,0,0,0,8.4,4.0,10.0,4.68,8.8,0
304,183616,90827,21,3,2,2,97,0,1,1,34,0,0,0,0,0,10.0,5.0,9.3,4.485,4.0,0
660,20037,9288,1,3,2,3,54,12,1,1,48,0,0,0,0,0,2.1999999999999997,4.0,7.3999999999999995,4.27,10.0,0
758,194104,11734,23,8,2,3,921,3,2,1,47,1,0,0,0,0,10.0,4.0,10.0,8.605,5.8,0
547,229305,88000,21,7,2,3,803,4,1,1,18,1,0,0,0,0,10.0,4.0,9.9,8.015,6.4,0
721,61420,44008,12,7,1,3,255,8,2,1,1,1,0,0,0,0,9.0,2.5,5.550000000000001,5.275,8.8,0
314,117243,54349,15,2,2,2,936,11,0,1,13,1,0,0,0,0,7.2,5.0,7.95,8.68,10.0,0
421,242624,12814,12,7,2,2,420,4,0,1,15,1,0,0,0,0,9.0,5.0,7.65,6.1,6.4,0
576,149380,48154,3,3,3,2,227,4,2,1,48,1,0,0,0,0,3.0,6.5,10.0,5.135,6.4,0
752,54600,12851,3,7,3,3,436,11,2,1,35,1,0,0,0,0,5.4,5.5,8.85,6.18,10.0,0
689,199357,6600,10,4,2,2,24,11,1,1,39,1,0,0,0,0,6.4,5.0,10.0,4.12,10.0,0
593,213080,61614,22,8,1,2,777,2,2,1,40,1,0,0,0,0,10.0,3.5,10.0,7.885,5.2,0
745,109520,77402,13,8,2,3,835,7,1,1,30,1,0,0,0,0,10.0,4.0,10.0,8.175,8.2,0
509,25167,8692,2,6,3,1,698,13,2,1,47,1,0,0,0,0,4.3999999999999995,7.5,10.0,7.49,10.0,0
601,20432,63027,18,3,1,1,344,6,1,1,47,0,0,0,0,0,9.0,4.5,10.0,5.72,7.6,0
522,89687,25373,21,6,1,2,736,7,2,1,48,1,0,0,0,0,10.0,3.5,10.0,7.68,8.2,0
302,91947,67805,24,6,3,2,546,3,2,1,34,1,0,0,0,0,10.0,6.5,10.0,6.73,5.8,0
817,116324,85383,0,3,3,2,501,7,0,1,21,0,1,0,0,0,1.7999999999999998,6.5,3.15,6.505,8.2,0
392,70903,19507,4,4,2,2,845,9,1,1,20,0,0,0,0,0,4.0,5.0,3.8,8.225,9.399999999999999,0
819,243231,67931,16,2,2,2,301,3,2,1,27,1,0,0,1,0,7.6000000000000005,5.0,10.0,5.505,1.7999999999999998,0
727,205221,80499,0,1,4,2,126,0,2,1,16,1,0,0,0,0,1.0,8.0,5.4,4.63,4.0,0
792,238712,76642,18,2,4,2,601,14,2,1,49,1,0,0,0,0,8.4,8.0,10.0,7.005,10.0,0
534,207840,77869,18,7,2,3,696,3,1,1,17,1,0,0,0,0,10.0,4.0,9.15,7.48,5.8,0
460,211256,44423,3,5,3,2,753,4,2,1,31,1,0,0,0,0,4.2,6.5,8.25,7.765000000000001,6.4,0
630,85792,91120,18,9,2,3,836,9,2,1,22,1,0,0,0,0,10.0,4.0,9.9,8.18,9.399999999999999,0
632,53439,95918,5,3,5,1,478,14,0,1,5,1,0,0,0,0,3.8,10.0,4.75,6.390000000000001,10.0,0
349,184329,71600,14,2,2,2,957,7,2,1,28,1,0,0,0,0,6.800000000000001,5.0,10.0,8.785,8.2,0
822,195746,46848,3,4,3,2,561,14,2,1,5,1,0,0,0,0,3.6,6.5,4.35,6.805,10.0,0
791,71248,11820,23,2,3,3,692,11,2,1,32,1,0,0,0,0,10.0,5.5,10.0,7.46,10.0,0
571,234674,13512,0,7,2,2,638,9,2,1,47,1,0,0,0,0,4.2,5.0,10.0,7.1899999999999995,9.399999999999999,0
551,196443,41725,23,6,3,3,705,5,1,1,31,0,0,0,0,0,10.0,5.5,9.25,7.525,7.0,0
389,249354,56534,16,8,2,3,602,14,0,1,16,0,0,1,0,0,10.0,4.0,5.6,7.01,10.0,0
745,219068,90151,10,5,1,1,396,14,2,0,3,1,0,0,0,0,7.0,4.5,5.45,1.98,10.0,0
631,188369,44776,16,2,2,3,592,10,2,1,47,0,1,0,0,0,7.6000000000000005,4.0,10.0,6.96,10.0,0
438,205345,65945,22,4,4,2,661,9,2,1,30,1,0,0,0,0,10.0,8.0,10.0,7.305,9.399999999999999,0
656,212328,88420,0,1,2,1,202,4,1,1,21,0,0,0,0,0,1.0,6.0,3.15,5.01,6.4,0
573,54743,52455,8,2,3,2,692,2,2,1,26,1,0,0,0,0,4.4,6.5,8.5,7.46,5.2,0
318,219824,88488,13,4,3,2,110,3,2,1,20,1,0,0,0,0,7.6,6.5,8.6,4.55,5.8,0
610,99803,57433,14,6,1,1,79,5,2,0,19,1,0,0,0,0,9.2,4.5,8.65,1.0,7.0,0
453,95117,14711,23,4,2,3,183,14,2,1,33,0,0,0,0,0,10.0,4.0,9.55,4.915,10.0,0
689,221123,64262,0,4,3,2,453,5,1,1,22,1,0,0,0,0,2.4,6.5,6.3,6.265000000000001,7.0,0
559,42076,91009,1,2,5,3,710,14,2,1,43,1,0,0,0,0,1.6,8.5,9.65,7.55,10.0,0
424,226384,88785,17,9,1,1,442,5,2,1,15,1,0,0,0,0,10.0,4.5,8.65,6.21,7.0,0
653,107483,14597,17,8,2,3,224,1,1,0,5,1,0,0,0,1,10.0,4.0,7.15,1.12,4.6,0
572,154035,65067,5,8,1,2,546,10,1,1,15,1,0,0,0,0,6.8,3.5,6.25,6.73,10.0,0
544,139217,92520,19,5,2,3,610,11,1,0,6,1,0,0,0,0,10.0,4.0,7.7,3.05,10.0,0
749,223394,53022,7,3,2,3,652,13,2,1,13,1,0,0,0,0,4.6,4.0,6.35,7.26,10.0,0
546,164938,86924,0,6,2,2,717,7,2,1,2,0,0,0,0,0,3.5999999999999996,5.0,1.0,7.585,8.2,0
819,124504,23782,14,9,2,1,328,7,2,1,32,0,0,0,0,0,10.0,6.0,7.6,5.64,8.2,0
440,183377,56782,9,8,2,2,295,5,0,1,48,1,0,0,0,0,8.4,5.0,10.0,5.475,7.0,0
661,213475,77144,3,7,3,2,234,13,2,1,35,1,0,0,0,0,5.4,6.5,8.85,5.17,10.0,0
307,233968,60013,9,8,5,2,358,13,1,1,38,1,0,0,1,0,8.4,9.5,10.0,5.79,7.8,0
777,125649,77036,10,4,2,3,397,3,2,1,28,1,0,0,0,0,6.4,4.0,9.2,5.985,5.8,0
651,146244,40342,4,6,3,2,855,1,2,1,38,1,0,0,0,0,5.199999999999999,6.5,9.5,8.275,4.6,0
794,52813,90745,8,5,2,3,350,5,1,1,3,1,0,0,0,0,6.2,4.0,5.05,5.75,7.0,0
726,86729,25977,4,2,4,1,848,5,2,1,38,1,0,0,0,0,2.8,9.0,9.5,8.24,7.0,0
338,211758,62396,10,8,3,3,670,9,0,1,39,1,0,0,0,0,8.8,5.5,10.0,7.35,9.399999999999999,0
486,24512,55021,2,3,3,2,513,2,1,0,40,1,0,0,0,0,2.5999999999999996,6.5,9.4,2.565,5.2,0
392,173738,74057,3,5,1,2,80,1,2,1,21,0,0,1,0,0,4.2,3.5,3.75,4.4,4.6,0
385,167702,71836,9,8,2,1,138,3,1,1,14,1,0,0,0,0,8.4,6.0,6.9,4.6899999999999995,5.8,0
343,137907,32075,6,9,2,1,453,7,2,1,3,1,0,0,0,0,7.8,6.0,4.65,6.265000000000001,8.2,0
436,225591,94515,0,9,2,3,299,4,1,1,17,1,0,0,0,0,5.3999999999999995,4.0,5.55,5.495,6.4,0
720,151708,35802,5,5,2,3,608,14,2,0,43,1,0,0,0,0,5.0,4.0,10.0,3.04,10.0,0
373,154847,82761,7,2,2,3,396,2,0,1,22,1,0,0,0,0,4.0,4.0,7.7,5.98,5.2,0
847,219029,82017,16,7,3,3,27,12,2,1,37,1,0,0,0,0,10.0,5.5,10.0,4.135,10.0,0
811,84591,91753,23,7,1,3,564,13,0,1,3,0,0,0,0,0,10.0,2.5,5.050000000000001,6.82,10.0,0
455,229633,60822,6,8,2,3,85,12,2,1,3,1,0,1,0,0,7.2,4.0,4.65,4.425,10.0,0
554,225888,56603,0,8,1,2,855,11,2,1,17,0,0,0,0,0,4.8,3.5,2.55,8.275,10.0,0
470,31351,85291,8,5,1,2,562,4,2,1,0,1,0,0,0,0,6.2,3.5,4.6,6.8100000000000005,6.4,0
469,135400,95450,10,1,3,1,997,8,2,0,31,1,0,0,0,0,4.6,7.5,9.649999999999999,4.985,8.8,0
621,140533,40592,18,4,2,3,883,10,1,1,20,1,0,0,0,0,9.6,4.0,9.6,8.415,10.0,0
755,123627,61006,1,4,2,2,374,7,1,1,37,1,0,0,0,0,2.8,5.0,8.75,5.87,8.2,0
454,206256,31269,22,3,2,3,289,11,1,1,25,1,0,0,0,0,10.0,4.0,10.0,5.445,10.0,0
648,148381,55138,10,8,3,2,289,9,1,1,40,1,0,0,0,0,8.8,6.5,10.0,5.445,9.399999999999999,0
750,115707,67398,2,3,2,3,780,6,2,1,48,0,0,0,0,0,2.5999999999999996,4.0,7.6,7.9,7.6,0
472,220252,95091,16,5,5,3,452,3,1,1,20,1,0,0,0,0,9.4,8.5,9.2,6.26,5.8,0
309,101678,24874,9,2,2,2,963,1,2,1,42,1,0,0,0,0,4.8,5.0,10.0,8.815000000000001,4.6,0
564,93309,62228,2,6,3,3,338,11,2,1,28,1,0,0,0,0,4.3999999999999995,5.5,7.6000000000000005,5.6899999999999995,10.0,0
737,245074,67670,21,6,2,3,545,8,0,1,40,1,0,0,0,0,10.0,4.0,10.0,6.725,8.8,0
546,30778,12925,2,8,2,3,517,2,2,1,42,1,0,0,0,0,5.6,4.0,9.7,6.585,5.2,0
845,163573,8107,20,8,2,2,459,5,2,1,31,1,0,0,0,0,10.0,5.0,10.0,6.295,7.0,0
798,132713,91388,24,1,2,3,384,13,2,1,3,1,0,0,0,0,10.0,4.0,8.25,5.92,10.0,0
428,153180,32617,6,5,2,2,305,12,2,1,12,1,0,0,0,0,5.4,5.0,6.0,5.525,10.0,0
626,245977,79258,1,2,2,3,485,6,1,1,34,1,0,0,1,0,1.6,4.0,8.3,6.425,3.5999999999999996,0
703,56382,55075,0,5,1,3,848,11,1,1,26,1,0,0,0,0,3.0,2.5,6.9,8.24,10.0,0
658,242426,27631,6,9,2,3,402,2,2,1,0,0,0,0,0,0,7.8,4.0,1.2000000000000002,6.01,5.2,0
316,95787,67444,19,4,3,2,118,2,1,1,48,1,0,0,0,0,10.0,6.5,10.0,4.59,5.2,0
573,43341,12883,10,8,3,3,368,2,2,0,48,1,0,0,0,0,8.8,5.5,10.0,1.84,5.2,0
415,228286,24708,22,1,2,2,965,2,2,1,38,1,0,0,0,0,9.4,5.0,10.0,8.825,5.2,0
390,165439,51221,5,8,2,2,944,2,1,1,13,1,0,0,0,0,6.8,5.0,5.95,8.719999999999999,5.2,0
381,139967,22197,22,6,1,3,298,6,2,1,36,1,0,0,0,0,10.0,2.5,10.0,5.49,7.6,0
623,246280,26134,3,8,2,3,427,12,2,1,29,1,0,0,0,0,6.0,4.0,7.949999999999999,6.135,10.0,0
413,151066,38550,18,6,3,3,327,13,1,0,13,1,0,0,0,0,10.0,5.5,8.55,1.635,10.0,0
357,220940,19642,20,3,3,3,350,4,1,0,10,1,0,0,0,0,9.8,5.5,8.5,1.75,6.4,0
453,163074,25439,18,8,2,1,326,3,0,1,30,1,0,0,0,0,10.0,6.0,10.0,5.63,5.8,0
703,105820,29583,13,5,2,1,358,5,1,1,27,1,0,0,0,0,8.2,6.0,9.65,5.79,7.0,0
565,79949,98885,2,5,3,1,36,13,1,1,26,1,0,0,0,0,3.8,7.5,7.3,4.18,10.0,0
614,166772,84538,3,7,2,1,647,7,0,1,2,1,0,0,0,0,5.4,6.0,3.9000000000000004,7.234999999999999,8.2,0
340,230377,67014,7,6,2,2,410,1,0,1,5,1,0,0,0,0,6.4,5.0,5.15,6.05,4.6,0
404,82543,24523,17,9,3,2,325,11,2,1,38,1,0,0,0,0,10.0,6.5,10.0,5.625,10.0,0
492,180390,75543,3,7,2,1,691,14,1,1,18,1,0,0,0,0,5.4,6.0,6.3,7.455,10.0,0
700,240931,90971,10,3,2,3,568,2,0,1,40,1,1,0,0,0,5.8,4.0,10.0,6.84,5.2,0
577,47610,95629,15,5,4,3,377,1,2,0,33,1,0,0,0,0,9.0,7.0,10.0,1.885,4.6,0
653,223571,81830,2,9,2,3,352,13,2,1,27,1,0,0,0,0,6.199999999999999,4.0,7.45,5.76,10.0,0
555,224446,50538,6,2,3,2,702,14,1,1,11,1,0,0,0,0,3.6000000000000005,6.5,5.85,7.51,10.0,0
398,85226,52310,1,1,1,2,374,6,2,1,38,1,0,0,0,0,1.0,3.5,8.9,5.87,7.6,0
581,65167,15908,0,8,3,2,926,11,1,1,9,1,0,0,0,0,4.8,6.5,4.35,8.629999999999999,10.0,0
702,228851,62290,0,8,4,2,913,1,1,1,46,1,0,0,0,0,4.8,8.0,9.899999999999999,8.565000000000001,4.6,0
408,179011,58634,5,2,2,3,82,13,2,1,24,1,0,0,0,0,3.2,4.0,7.6,4.41,10.0,0
498,212437,17699,18,8,3,2,131,4,1,1,22,1,1,0,0,0,10.0,6.5,9.9,4.655,6.4,0
602,87381,71912,6,5,3,3,874,10,2,1,25,1,0,0,1,0,5.4,5.5,7.95,8.370000000000001,6.0,0
626,66710,19255,23,2,1,3,195,14,2,1,18,0,0,0,0,0,10.0,2.5,7.300000000000001,4.975,10.0,0
453,36766,84183,4,7,3,2,845,9,1,1,37,1,0,0,0,0,5.800000000000001,6.5,9.35,8.225,9.399999999999999,0
704,122416,65282,20,7,4,2,328,8,0,1,19,0,0,0,0,0,10.0,8.0,6.85,5.64,8.8,0
761,32780,63249,17,3,2,3,964,7,0,1,44,1,0,0,0,0,8.600000000000001,4.0,10.0,8.82,8.2,0
431,68458,43176,23,1,1,3,603,7,1,0,43,1,0,0,0,0,9.8,2.5,10.0,3.015,8.2,0
383,76221,13163,12,4,1,3,551,2,2,1,17,1,0,0,0,0,7.200000000000001,2.5,7.95,6.755,5.2,0
698,21509,59210,0,2,2,3,802,12,2,1,47,1,0,0,0,1,1.2,4.0,10.0,8.01,10.0,0
408,109493,76979,9,4,1,1,642,12,0,1,10,0,0,0,0,0,6.0,4.5,3.3,7.21,10.0,0
520,185418,83860,8,8,2,1,362,11,2,1,24,1,0,0,0,0,8.0,6.0,8.2,5.8100000000000005,10.0,0
667,233871,26143,16,2,1,2,364,14,1,1,42,0,1,0,0,0,7.6000000000000005,3.5,9.5,5.82,10.0,0
446,136850,9920,0,1,2,1,115,13,1,1,0,1,0,0,1,0,1.0,6.0,3.0,4.575,7.8,0
411,197946,87911,0,3,2,2,833,0,1,1,31,1,0,0,0,0,1.7999999999999998,5.0,7.6499999999999995,8.165,4.0,0
793,177220,42996,6,7,2,2,427,1,2,1,32,0,0,0,0,0,6.6000000000000005,5.0,6.0,6.135,4.6,0
804,51533,16748,3,6,2,3,955,6,0,1,6,0,0,0,0,0,4.8,4.0,1.5,8.775,7.6,0
774,128144,99071,22,6,3,3,651,3,2,1,30,1,0,0,0,0,10.0,5.5,10.0,7.255,5.8,0
570,142402,86251,20,7,1,2,214,12,0,1,25,1,0,0,0,0,10.0,3.5,10.0,5.07,10.0,0
720,98467,52252,11,8,1,1,574,9,2,1,6,1,0,0,0,0,9.2,4.5,6.1,6.87,9.399999999999999,0
666,21359,68179,15,3,1,3,391,4,1,1,35,1,0,0,0,0,7.8,2.5,10.0,5.955,6.4,0
579,139119,11450,13,3,2,1,306,12,0,1,45,1,0,0,0,0,7.0,6.0,10.0,5.53,10.0,0
582,241140,57756,22,8,1,3,288,0,2,1,23,1,0,0,0,0,10.0,2.5,10.0,5.4399999999999995,4.0,0
339,211385,55235,9,7,3,3,198,10,2,1,4,0,0,0,0,0,7.800000000000001,5.5,2.4,4.99,10.0,0
488,40344,95546,13,5,2,3,736,1,1,1,21,1,0,0,0,0,8.2,4.0,8.75,7.68,4.6,0
463,138499,5020,6,4,4,1,552,8,2,1,43,0,0,0,0,0,4.800000000000001,9.0,7.65,6.76,8.8,0
835,89778,85253,3,6,2,3,459,5,1,1,35,1,0,0,0,0,4.8,4.0,8.85,6.295,7.0,0
835,40601,14664,1,9,2,2,267,6,2,1,2,1,0,0,0,0,5.8,5.0,3.5,5.335,7.6,0
303,170188,71635,23,6,3,2,462,12,2,1,49,1,0,0,0,0,10.0,6.5,10.0,6.3100000000000005,10.0,0
589,208057,28225,17,8,3,2,581,4,2,1,36,1,0,0,0,0,10.0,6.5,10.0,6.904999999999999,6.4,0
732,121013,73173,15,1,3,3,87,8,2,0,37,1,0,0,0,0,6.6,5.5,10.0,1.0,8.8,0
770,50782,90333,8,6,4,2,32,13,1,1,45,1,0,0,0,0,6.8,8.0,10.0,4.16,10.0,0
480,131095,45225,4,2,2,3,512,9,2,1,5,1,0,0,0,0,2.8,4.0,4.55,6.5600000000000005,9.399999999999999,0
547,200891,15807,8,3,3,1,194,4,2,1,24,1,0,0,0,1,5.0,7.5,8.2,4.97,6.4,0
578,235488,88274,24,6,2,1,556,5,2,1,22,1,0,0,0,0,10.0,6.0,10.0,6.779999999999999,7.0,0
553,220107,11402,7,2,3,3,522,9,0,1,11,0,0,0,0,0,4.0,5.5,3.05,6.609999999999999,9.399999999999999,0
480,117123,9521,23,4,2,2,626,8,2,1,27,1,0,0,0,0,10.0,5.0,10.0,7.13,8.8,0
808,64458,68165,19,6,2,2,697,4,2,1,43,1,0,0,0,0,10.0,5.0,10.0,7.484999999999999,6.4,0
625,242628,13382,15,5,3,1,58,3,2,1,39,1,1,0,0,0,9.0,7.5,10.0,4.29,5.8,0
656,144225,20065,19,6,2,2,177,11,2,1,31,1,0,0,0,0,10.0,5.0,10.0,4.885,10.0,0
690,159152,90470,17,6,2,2,839,4,2,1,24,1,1,0,1,0,10.0,5.0,10.0,8.195,2.4,0
384,239815,19425,3,8,2,3,792,10,2,1,33,1,0,0,0,0,6.0,4.0,8.55,7.96,10.0,0
616,185029,18111,15,9,3,3,679,12,1,1,29,1,0,0,0,0,10.0,5.5,10.0,7.395,10.0,0
511,164980,45799,3,5,4,3,30,4,1,1,36,1,0,0,0,0,4.2,7.0,9.0,4.15,6.4,0
814,116188,58257,5,6,3,3,401,4,1,1,17,1,0,0,0,0,5.6,5.5,6.55,6.005,6.4,0
683,246952,66177,2,6,3,3,912,0,0,0,34,0,0,0,0,0,4.3999999999999995,5.5,5.5,4.56,4.0,0
641,141292,86046,17,6,2,3,114,4,1,1,47,1,0,0,0,0,10.0,4.0,10.0,4.57,6.4,0
337,110570,42851,14,2,1,3,299,4,1,1,36,1,0,0,0,0,6.800000000000001,2.5,10.0,5.495,6.4,0
810,242396,13816,7,4,1,2,642,0,2,0,40,1,0,0,0,0,5.2,3.5,10.0,3.21,4.0,0
719,229359,82853,17,1,2,2,713,12,2,1,5,1,0,0,0,0,7.4,5.0,7.15,7.5649999999999995,10.0,0
468,143791,7175,23,1,2,3,435,3,2,1,18,0,0,0,0,0,9.8,4.0,7.300000000000001,6.175,5.8,0
642,198554,16341,22,1,2,2,238,7,2,1,21,1,0,0,0,0,9.4,5.0,10.0,5.1899999999999995,8.2,0
605,145291,68908,2,7,2,3,190,3,2,1,31,1,0,0,0,0,5.0,4.0,8.05,4.95,5.8,0
841,118375,30654,5,1,3,3,361,6,1,1,26,1,0,0,0,0,2.6,5.5,7.9,5.805,7.6,0
836,58314,65895,21,6,2,2,234,5,2,1,15,1,0,0,0,0,10.0,5.0,9.45,5.17,7.0,0
411,225993,64696,20,2,3,3,975,14,0,1,25,0,0,1,0,0,9.2,5.5,7.75,8.875,10.0,0
710,234840,62889,23,6,3,2,243,14,2,1,38,1,0,0,0,0,10.0,6.5,10.0,5.215,10.0,0
505,128880,92144,14,6,3,3,275,4,2,1,3,1,0,0,0,0,9.2,5.5,6.25,5.375,6.4,0
484,120326,88115,11,3,5,3,867,8,1,1,15,1,0,0,0,0,6.2,8.5,7.45,8.335,8.8,0
681,166903,35194,4,8,2,3,323,12,1,1,48,0,0,0,0,0,6.4,4.0,7.999999999999999,5.615,10.0,0
795,141026,39837,6,4,3,1,508,7,0,1,18,1,0,0,0,0,4.800000000000001,7.5,6.9,6.54,8.2,0
678,171197,73894,21,7,4,2,886,4,1,1,27,0,0,0,0,0,10.0,8.0,8.25,8.43,6.4,0
346,82451,89358,14,4,2,3,227,13,1,1,16,1,0,0,0,0,8.0,4.0,8.2,5.135,10.0,0
827,65708,46576,6,1,3,3,220,9,2,1,44,1,0,0,0,0,3.0000000000000004,5.5,10.0,5.1,9.399999999999999,0
803,37682,24727,12,6,2,2,108,6,1,1,1,1,0,0,0,0,8.4,5.0,5.550000000000001,4.54,7.6,0
321,122406,39579,24,5,2,1,630,13,2,1,1,1,0,0,0,0,10.0,6.0,7.950000000000001,7.15,10.0,0
512,233896,21555,2,9,1,1,397,10,2,1,23,1,0,0,1,0,6.199999999999999,4.5,6.85,5.985,6.0,0
609,186866,58294,22,9,5,3,354,8,2,1,26,0,0,0,0,0,10.0,8.5,8.3,5.77,8.8,0
571,79372,54777,12,8,3,3,262,6,1,1,3,1,0,0,0,0,9.600000000000001,5.5,5.8500000000000005,5.3100000000000005,7.6,0
501,59477,10906,2,7,4,1,913,2,1,0,47,1,0,0,0,0,5.0,9.0,10.0,4.565,5.2,0
331,204935,45751,1,2,3,2,533,9,0,1,35,1,0,0,0,0,1.6,6.5,8.45,6.665,9.399999999999999,0
742,241013,74599,22,8,1,3,127,10,2,0,19,1,0,0,0,0,10.0,2.5,10.0,1.0,10.0,0
461,189809,79180,3,3,1,3,609,4,2,1,11,1,0,0,0,0,3.0,2.5,5.25,7.045,6.4,0
553,153692,78678,16,6,4,3,865,11,2,1,27,1,0,0,1,0,10.0,7.0,10.0,8.325,6.6,0
820,186129,36644,5,7,2,3,218,8,1,1,28,1,0,1,0,0,6.2,4.0,8.2,5.09,8.8,0
779,191210,38521,10,6,2,1,418,8,1,1,45,1,0,0,0,0,7.6,6.0,10.0,6.09,8.8,0
309,230462,16564,5,5,2,2,490,7,2,1,32,0,1,0,0,0,5.0,5.0,5.8,6.45,8.2,0
804,73024,75640,21,4,2,3,932,12,2,1,48,1,0,0,0,0,10.0,4.0,10.0,8.66,10.0,0
735,160749,32299,1,2,3,3,651,5,2,1,17,1,0,0,0,0,1.6,5.5,5.75,7.255,7.0,0
410,195183,52958,16,9,2,3,338,14,2,1,11,1,0,0,0,0,10.0,4.0,7.85,5.6899999999999995,10.0,0
452,175146,61078,2,7,3,3,192,6,2,1,9,0,0,0,1,0,5.0,5.5,1.75,4.96,3.5999999999999996,0
401,37824,18421,11,7,4,3,963,6,1,1,23,1,1,0,0,0,8.600000000000001,7.0,8.65,8.815000000000001,7.6,0
490,151837,93747,13,4,1,2,426,10,1,1,46,1,1,0,0,0,7.6,3.5,10.0,6.13,10.0,0
380,196511,16202,1,5,2,1,92,0,1,1,16,0,0,0,0,0,3.4,6.0,2.6,4.46,4.0,0
788,117151,47185,21,6,2,3,263,7,2,1,42,1,0,0,0,0,10.0,4.0,10.0,5.3149999999999995,8.2,0
387,68926,8685,21,2,5,3,954,5,1,1,31,0,0,0,0,0,9.6,8.5,8.85,8.77,7.0,0
493,187932,95197,4,4,2,3,14,6,2,1,24,1,0,0,0,0,4.0,4.0,7.3999999999999995,4.07,7.6,0
403,32975,47637,9,4,2,3,312,14,2,1,6,1,0,0,0,0,6.0,4.0,5.7,5.5600000000000005,10.0,0
395,94877,23366,9,4,3,2,989,9,2,1,19,1,0,0,0,0,6.0,6.5,7.65,8.945,9.399999999999999,0
722,244749,29276,20,7,2,1,545,14,2,1,28,1,0,0,0,0,10.0,6.0,10.0,6.725,10.0,0
497,97870,85946,8,7,5,2,642,9,1,1,18,1,0,0,0,0,7.4,9.5,7.3,7.21,9.399999999999999,0
300,101371,53239,20,7,4,3,616,10,1,1,10,1,1,0,0,0,10.0,7.0,8.5,7.08,10.0,0
706,177620,80214,12,7,2,2,437,1,2,1,32,1,0,0,0,0,9.0,5.0,10.0,6.1850000000000005,4.6,0
677,120970,29575,9,2,3,1,973,6,2,1,49,1,0,0,0,0,4.8,7.5,10.0,8.865,7.6,0
466,241647,46401,5,5,1,3,745,7,2,0,14,0,0,0,0,0,5.0,2.5,3.1,3.725,8.2,0
808,118066,46230,10,2,3,2,760,11,1,0,30,0,1,0,0,0,5.2,6.5,6.5,3.8,10.0,0
612,189808,84424,3,5,3,3,236,4,1,1,12,1,0,0,0,0,4.2,5.5,5.4,5.18,6.4,0
717,81562,87263,13,6,2,3,663,14,2,1,47,1,0,0,0,0,8.8,4.0,10.0,7.3149999999999995,10.0,0
776,60409,73617,16,3,2,1,941,0,2,1,18,1,0,1,1,0,8.2,6.0,8.9,8.705,1.0,0
372,235173,28021,19,6,4,3,572,5,1,1,5,1,0,1,0,0,10.0,7.0,7.550000000000001,6.859999999999999,7.0,0
440,29834,14449,1,5,2,3,399,12,1,1,27,0,0,0,0,0,3.4,4.0,4.25,5.995,10.0,0
561,122192,20657,9,4,3,1,666,2,2,1,21,1,0,0,0,0,6.0,7.5,7.95,7.33,5.2,0
639,20840,40059,2,9,1,3,859,4,2,1,27,1,0,0,1,0,6.199999999999999,2.5,7.45,8.295,2.4,0
607,230481,6532,6,8,2,2,849,8,2,1,15,1,0,0,0,0,7.2,5.0,6.45,8.245000000000001,8.8,0
544,51568,55805,6,7,3,2,828,6,2,1,49,1,0,0,0,0,6.6000000000000005,6.5,10.0,8.14,7.6,0
814,30846,86551,0,1,2,2,573,7,1,1,32,0,0,0,0,0,1.0,5.0,4.8,6.865,8.2,0
636,156971,42756,7,9,3,3,21,5,2,1,49,1,0,0,0,0,8.2,5.5,10.0,4.105,7.0,0
375,106038,76880,22,9,2,3,346,8,0,1,40,0,1,0,0,0,10.0,4.0,10.0,5.73,8.8,0
474,217173,79642,0,6,2,2,616,2,1,1,44,1,0,0,0,0,3.5999999999999996,5.0,9.6,7.08,5.2,0
408,189845,39206,7,7,4,3,892,0,0,1,47,0,0,0,0,0,7.0,7.0,8.45,8.46,4.0,0
482,149789,57168,13,3,2,1,138,9,1,0,25,1,0,0,0,0,7.0,6.0,9.35,1.0,9.399999999999999,0
491,127460,80188,13,5,4,1,20,13,2,0,22,1,0,0,0,0,8.2,9.0,8.9,1.0,10.0,0
364,94723,29550,1,7,4,1,499,13,2,1,0,1,0,0,0,0,4.6000000000000005,9.0,3.2,6.495,10.0,0
773,223834,11389,7,1,4,3,281,12,2,1,28,0,0,0,0,0,3.4000000000000004,7.0,5.6000000000000005,5.405,10.0,0
399,124194,92897,18,1,4,3,366,11,2,1,7,1,0,0,0,0,7.8,7.0,7.65,5.83,10.0,0
843,131417,40847,9,5,1,3,890,11,1,0,41,1,0,0,0,0,6.6,2.5,10.0,4.45,10.0,0
427,155383,84239,6,9,4,2,101,11,2,1,38,0,0,0,0,0,7.8,8.0,6.9,4.505,10.0,0
751,76888,23642,12,7,1,2,18,10,2,1,2,1,0,1,0,0,9.0,3.5,5.7,4.09,10.0,0
668,61616,41509,21,1,1,3,896,3,2,1,12,1,0,0,0,0,9.0,2.5,9.0,8.48,5.8,0
342,203206,84417,20,5,1,2,132,7,0,1,19,1,0,1,0,0,10.0,3.5,9.85,4.66,8.2,0
718,242297,54237,14,8,2,3,785,5,2,1,42,1,0,0,0,0,10.0,4.0,10.0,7.925,7.0,0
787,26083,20414,10,8,3,2,290,6,1,1,4,0,0,0,0,0,8.8,6.5,2.6,5.45,7.6,0
377,163670,68176,13,2,2,2,467,13,0,1,44,1,0,0,0,0,6.4,5.0,10.0,6.335,10.0,0
569,102476,84865,10,7,1,2,945,12,2,1,11,0,1,0,0,0,8.2,3.5,3.65,8.725,10.0,0
614,112416,67059,1,5,2,1,460,8,0,1,47,1,0,0,0,0,3.4,6.0,10.0,6.3,8.8,0
467,22580,54150,1,9,2,1,640,1,2,1,16,0,0,0,0,0,5.8,6.0,2.6,7.2,4.6,0
638,142834,93367,11,3,3,2,416,6,2,1,13,0,0,0,0,0,6.2,6.5,4.15,6.08,7.6,0
492,132148,46091,14,1,2,2,711,11,1,1,25,1,0,0,0,0,6.2,5.0,9.55,7.555,10.0,0
752,208467,78124,16,4,2,1,800,3,2,1,29,1,0,0,0,0,8.8,6.0,10.0,8.0,5.8,0
582,62321,5903,13,7,2,2,821,6,2,1,41,1,0,0,0,0,9.4,5.0,10.0,8.105,7.6,0
635,29386,59235,24,1,2,2,65,7,1,1,44,0,0,0,0,0,10.0,5.0,10.0,4.325,8.2,0
689,73171,63565,15,2,2,2,717,11,2,1,31,1,0,0,0,0,7.2,5.0,10.0,7.585,10.0,0
824,170594,60342,7,5,2,1,388,1,1,1,29,0,0,0,0,0,5.800000000000001,6.0,5.75,5.9399999999999995,4.6,0
539,216604,47723,23,9,2,3,511,12,2,0,11,1,0,0,0,0,10.0,4.0,9.25,2.555,10.0,0
782,242832,40572,16,1,2,3,32,14,2,1,35,1,0,0,0,0,7.0,4.0,10.0,4.16,10.0,0
757,165707,22610,4,4,2,3,786,6,1,1,18,1,0,0,0,0,4.0,4.0,6.5,7.93,7.6,0
388,151743,39052,11,3,5,2,254,7,2,1,43,1,0,0,0,0,6.2,9.5,10.0,5.27,8.2,0
394,53545,92063,5,5,2,1,781,11,2,1,24,1,0,0,0,0,5.0,6.0,7.6,7.904999999999999,10.0,0
751,205151,42550,17,5,3,2,427,0,1,0,32,1,0,0,0,0,9.8,6.5,10.0,2.135,4.0,0
727,46855,59033,4,2,3,3,240,10,0,0,41,1,0,0,0,0,2.8,5.5,9.95,1.2,10.0,0
450,55790,34011,5,5,1,2,219,9,0,1,20,1,0,0,0,0,5.0,3.5,7.0,5.095,9.399999999999999,0
813,71012,39764,8,9,5,2,171,4,1,1,1,1,0,0,0,0,8.6,9.5,4.75,4.855,6.4,0
675,137827,58533,14,5,3,1,386,13,0,1,36,1,0,0,0,0,8.600000000000001,7.5,10.0,5.93,10.0,0
321,34260,29064,9,2,3,3,875,8,1,1,20,1,0,0,0,0,4.8,5.5,7.8,8.375,8.8,0
612,216211,54581,16,7,2,3,179,1,1,1,25,1,0,0,0,0,10.0,4.0,9.95,4.895,4.6,0
818,21074,33702,18,6,2,2,908,5,1,1,31,1,0,0,0,0,10.0,5.0,10.0,8.54,7.0,0
505,193748,90701,11,7,2,2,348,1,2,1,26,1,0,0,0,0,8.600000000000001,5.0,9.1,5.74,4.6,0
674,160547,13631,8,8,1,3,811,2,2,1,16,1,0,0,0,0,8.0,2.5,7.0,8.055,5.2,0
750,229486,92388,14,5,3,2,483,10,2,1,3,1,0,0,0,0,8.600000000000001,6.5,6.25,6.415,10.0,0
478,166192,75043,13,2,4,3,236,13,1,1,38,1,0,0,0,0,6.4,7.0,10.0,5.18,10.0,0
509,174219,71063,0,7,1,3,882,5,2,1,14,1,0,0,0,0,4.2,2.5,5.1,8.41,7.0,0
799,21986,33981,16,7,3,2,372,4,2,1,32,1,0,0,0,0,10.0,6.5,10.0,5.86,6.4,0
763,183502,40764,0,8,3,1,488,3,2,1,13,0,0,0,0,0,4.8,7.5,1.95,6.4399999999999995,5.8,0
423,75479,55513,22,7,1,2,564,6,2,1,25,1,0,0,0,0,10.0,3.5,10.0,6.82,7.6,0
412,234038,71198,20,7,2,3,484,13,2,1,46,1,0,0,0,0,10.0,4.0,10.0,6.42,10.0,0
311,150833,29940,21,9,2,3,204,2,1,1,1,1,0,0,0,0,10.0,4.0,7.3500000000000005,5.02,5.2,0
425,22176,76792,12,8,3,3,942,12,0,1,19,1,0,0,0,0,9.600000000000001,5.5,8.25,8.71,10.0,0
630,104258,33432,7,2,3,3,21,9,2,1,25,1,0,1,0,0,4.0,5.5,8.15,4.105,9.399999999999999,0
582,135188,13367,12,2,1,3,504,6,0,1,1,0,0,0,0,0,6.000000000000001,2.5,2.5500000000000003,6.52,7.6,0
439,104153,30511,15,7,2,3,992,11,2,1,47,0,0,0,0,0,10.0,4.0,10.0,8.96,10.0,0
700,212990,13573,1,3,3,2,986,8,1,1,1,1,0,0,0,0,2.1999999999999997,6.5,3.35,8.93,8.8,0
396,178187,20582,12,1,3,2,793,1,2,1,47,0,0,0,0,0,5.4,6.5,9.45,7.965,4.6,0
816,97442,10378,17,9,1,3,71,14,2,1,16,1,0,0,0,0,10.0,2.5,8.8,4.355,10.0,0
368,60002,70296,2,3,2,3,538,4,2,1,17,1,0,0,0,0,2.5999999999999996,4.0,5.949999999999999,6.6899999999999995,6.4,0
417,77124,18500,12,1,4,2,280,0,1,1,47,1,0,0,0,0,5.4,8.0,10.0,5.4,4.0,0
358,157682,70841,18,6,2,3,547,6,1,1,3,1,0,1,0,0,10.0,4.0,7.05,6.734999999999999,7.6,0
332,69752,26881,12,4,2,2,566,1,2,1,16,1,0,0,0,0,7.200000000000001,5.0,7.800000000000001,6.83,4.6,0
617,98947,75233,18,1,3,2,907,10,2,1,32,1,0,0,0,0,7.8,6.5,10.0,8.535,10.0,0
349,138972,56542,3,4,1,3,666,4,2,1,22,1,0,0,0,0,3.6,2.5,6.9,7.33,6.4,0
788,94716,70285,18,8,4,2,74,0,1,1,12,0,0,0,0,0,10.0,8.0,5.4,4.37,4.0,0
318,199065,64547,17,7,2,2,871,13,1,1,6,1,0,0,0,0,10.0,5.0,7.300000000000001,8.355,10.0,0
496,30073,67151,24,1,1,3,489,10,0,0,40,0,0,0,0,0,10.0,2.5,10.0,2.445,10.0,0
749,57251,12222,5,9,2,3,807,13,1,1,45,0,0,0,0,0,7.3999999999999995,4.0,7.75,8.035,10.0,0
751,116496,12933,18,6,1,3,499,13,2,1,0,1,0,0,0,0,10.0,2.5,6.6,6.495,10.0,0
588,222509,88385,24,2,1,3,77,0,1,0,39,1,0,0,0,0,10.0,2.5,10.0,1.0,4.0,0
440,58897,94772,3,3,3,3,371,3,2,1,41,1,0,0,0,0,3.0,5.5,9.75,5.855,5.8,0
383,201978,83437,3,7,2,3,821,6,2,1,30,0,0,0,0,0,5.4,4.0,5.1,8.105,7.6,0
690,71616,11940,23,3,4,1,617,6,1,1,35,0,0,0,0,0,10.0,9.0,9.850000000000001,7.085,7.6,0
514,24482,89590,6,3,2,3,581,7,2,1,24,1,0,0,0,1,4.2,4.0,7.8,6.904999999999999,8.2,0
825,127990,64145,6,5,2,2,778,11,2,1,44,1,0,0,0,0,5.4,5.0,10.0,7.890000000000001,10.0,0
514,242036,48610,22,3,2,3,28,12,1,1,49,0,0,0,0,0,10.0,4.0,10.0,4.14,10.0,0
702,224008,62520,15,3,3,2,554,8,2,1,40,0,0,1,0,0,7.8,6.5,9.0,6.77,8.8,0
427,190646,9544,15,5,2,2,988,14,1,1,39,1,0,0,0,0,9.0,5.0,10.0,8.940000000000001,10.0,0
776,63284,95854,4,5,1,3,941,3,2,1,29,1,0,0,0,0,4.6,2.5,8.149999999999999,8.705,5.8,0
703,92932,59812,14,9,4,3,100,1,2,1,37,0,0,0,0,0,10.0,7.0,8.35,4.5,4.6,0
328,27338,76610,22,1,2,1,982,9,2,1,20,1,0,0,1,0,9.4,6.0,10.0,8.91,5.3999999999999995,0
637,193790,56500,3,1,1,1,996,11,2,0,18,1,1,0,0,0,1.8000000000000003,4.5,6.3,4.98,10.0,0
660,163572,44618,23,9,2,3,247,14,2,1,15,1,0,0,0,0,10.0,4.0,9.850000000000001,5.235,10.0,0
691,162617,30444,24,5,3,2,471,13,2,1,32,1,0,0,0,0,10.0,6.5,10.0,6.355,10.0,0
517,81480,90982,12,4,2,1,33,13,1,1,46,1,0,0,0,0,7.200000000000001,6.0,10.0,4.165,10.0,0
501,156313,99079,18,2,3,2,236,11,2,1,5,1,0,0,0,0,8.4,6.5,7.35,5.18,10.0,0
316,240386,61586,6,9,3,2,860,12,2,0,41,1,0,0,0,1,7.8,6.5,10.0,4.3,10.0,0
621,173893,29789,11,6,3,2,390,13,2,1,36,1,0,0,0,0,8.0,6.5,10.0,5.95,10.0,0
817,24695,6617,8,9,2,3,930,12,1,1,7,0,0,0,0,0,8.6,4.0,2.6500000000000004,8.65,10.0,0
624,228138,8333,16,5,5,2,916,9,2,1,0,1,0,0,0,0,9.4,9.5,6.2,8.58,9.399999999999999,0
711,34318,45002,1,4,2,1,786,2,2,1,12,1,0,0,0,0,2.8,6.0,5.0,7.93,5.2,0
617,70934,68620,15,7,2,3,15,8,1,0,25,1,0,0,0,0,10.0,4.0,9.75,1.0,8.8,0
381,173403,92688,6,5,2,3,579,10,2,1,15,1,0,0,0,0,5.4,4.0,6.45,6.895,10.0,0
773,141282,94627,17,8,3,2,621,12,1,1,48,1,0,0,0,0,10.0,6.5,10.0,7.105,10.0,0
767,203744,5511,6,8,1,2,643,7,1,1,38,0,0,0,0,0,7.2,3.5,6.9,7.215,8.2,0
724,111891,42850,0,2,1,3,366,5,0,1,46,1,0,0,0,0,1.2,2.5,9.899999999999999,5.83,7.0,0
503,227932,87172,2,5,3,2,166,10,1,1,45,1,0,0,0,0,3.8,6.5,10.0,4.83,10.0,0
686,244757,91053,20,8,2,3,210,12,2,1,27,1,0,0,0,0,10.0,4.0,10.0,5.05,10.0,0
397,88754,36786,10,3,2,3,234,14,1,1,48,1,0,0,0,0,5.8,4.0,10.0,5.17,10.0,0
644,105677,79356,21,7,3,2,992,2,0,0,22,1,0,0,0,0,10.0,6.5,10.0,4.96,5.2,0
507,122320,41244,14,3,3,3,472,9,2,0,6,1,0,1,0,1,7.4,5.5,6.7,2.36,9.399999999999999,0
813,153909,79714,24,6,2,2,788,7,1,1,23,1,0,0,0,0,10.0,5.0,10.0,7.9399999999999995,8.2,0
465,145261,72261,24,2,1,1,672,12,1,1,45,1,0,1,0,0,10.0,4.5,10.0,7.359999999999999,10.0,0
321,125338,23477,2,6,5,3,931,1,1,1,7,0,0,0,0,0,4.3999999999999995,8.5,1.4500000000000002,8.655000000000001,4.6,0
453,60077,51533,23,6,2,1,266,10,2,1,44,1,0,0,0,0,10.0,6.0,10.0,5.33,10.0,0
738,99915,39469,12,8,2,2,999,3,0,1,0,0,0,0,0,0,9.600000000000001,5.0,2.4000000000000004,8.995000000000001,5.8,0
594,155311,13496,3,5,3,3,602,3,1,1,3,1,0,0,0,0,4.2,5.5,4.05,7.01,5.8,0
518,237420,17270,22,1,2,3,440,8,2,1,42,1,0,0,0,0,9.4,4.0,10.0,6.2,8.8,0
794,49669,81008,21,8,2,2,887,7,1,1,40,1,0,0,0,0,10.0,5.0,10.0,8.434999999999999,8.2,0
529,68624,25724,7,9,2,3,434,6,2,1,18,1,0,0,0,0,8.2,4.0,7.1,6.17,7.6,0
319,95147,35416,21,1,2,1,416,3,1,0,21,1,0,0,0,0,9.0,6.0,10.0,2.08,5.8,0
447,155222,40575,3,5,4,3,621,6,2,1,35,1,0,0,0,0,4.2,7.0,8.85,7.105,7.6,0
407,162181,86190,17,6,1,3,114,0,2,1,0,1,0,0,0,0,10.0,2.5,6.4,4.57,4.0,0
702,177088,81614,6,4,2,3,261,10,2,1,18,0,0,0,0,0,4.800000000000001,4.0,3.9,5.305,10.0,0
782,163008,98566,10,2,4,3,654,7,2,1,28,1,0,1,0,0,5.2,7.0,9.2,7.27,8.2,0
666,162108,78108,3,5,1,2,108,7,2,1,18,1,0,0,0,0,4.2,3.5,6.3,4.54,8.2,0
713,190308,22408,12,4,3,2,187,8,2,1,42,1,0,0,0,0,7.200000000000001,6.5,10.0,4.9350000000000005,8.8,0
608,165093,24359,8,7,2,2,274,8,1,1,5,1,0,0,0,0,7.4,5.0,5.35,5.37,8.8,0
433,56943,13698,8,6,3,3,141,0,2,1,24,1,0,0,0,0,6.8,5.5,8.2,4.705,4.0,0
582,133694,75392,22,3,2,2,208,14,1,0,38,1,0,0,0,0,10.0,5.0,10.0,1.04,10.0,0
372,232079,98063,20,9,1,3,714,9,2,1,22,1,0,0,0,0,10.0,2.5,10.0,7.57,9.399999999999999,0
780,201088,44492,18,4,2,3,729,6,0,1,0,1,0,0,0,0,9.6,4.0,6.6,7.645,7.6,0
651,174316,79781,2,5,3,1,66,14,2,1,14,1,0,0,0,0,3.8,7.5,5.5,4.33,10.0,0
625,214099,48634,24,3,3,3,901,0,2,1,24,1,1,0,0,0,10.0,5.5,10.0,8.504999999999999,4.0,0
742,143351,47864,24,8,3,3,418,5,0,0,3,1,0,0,0,0,10.0,5.5,8.25,2.09,7.0,0
399,58985,99482,11,7,2,2,963,4,2,1,44,0,0,0,0,0,8.600000000000001,5.0,8.8,8.815000000000001,6.4,0
358,152574,42355,10,7,2,3,271,10,1,1,43,1,0,0,0,0,8.2,4.0,10.0,5.355,10.0,0
807,73836,42690,19,8,3,2,751,1,1,1,0,1,0,0,0,0,10.0,6.5,6.800000000000001,7.755,4.6,0
557,119714,42814,10,7,3,2,663,12,2,1,39,1,0,0,0,0,8.2,6.5,10.0,7.3149999999999995,10.0,0
712,23770,36645,16,3,3,3,584,2,0,1,20,1,0,0,0,0,8.2,5.5,9.2,6.92,5.2,0
751,62865,89814,20,3,2,3,127,14,2,1,42,1,0,0,0,0,9.8,4.0,10.0,4.635,10.0,0
364,73811,77739,13,2,1,2,494,7,0,1,9,1,0,0,0,0,6.4,3.5,6.95,6.470000000000001,8.2,0
453,24001,61630,15,1,2,3,980,1,2,1,1,1,0,0,0,0,6.6,4.0,6.15,8.9,4.6,0
565,80848,53171,23,5,2,2,330,14,2,1,16,1,1,0,0,0,10.0,5.0,10.0,5.65,10.0,0
378,72635,26658,9,4,4,3,317,10,2,1,12,0,0,0,0,0,6.0,7.0,3.5999999999999996,5.585,10.0,0
614,40946,20797,3,2,3,3,499,3,2,1,26,1,0,0,0,0,2.4000000000000004,5.5,7.5,6.495,5.8,0
547,217206,63799,9,1,2,2,330,2,1,1,40,1,0,0,0,0,4.2,5.0,10.0,5.65,5.2,0
713,115852,57236,19,3,2,3,766,11,1,1,47,1,0,0,0,0,9.4,4.0,10.0,7.83,10.0,0
324,111103,11265,11,6,1,2,902,6,2,1,27,1,0,0,0,0,8.0,3.5,9.25,8.51,7.6,0
583,243116,77134,8,2,4,1,365,7,2,1,48,1,0,0,0,0,4.4,9.0,10.0,5.825,8.2,0
748,63744,87678,14,7,4,3,657,3,2,1,9,0,0,0,0,0,9.8,7.0,4.15,7.285,5.8,0
600,137729,58494,8,7,1,2,617,5,2,1,48,1,0,0,0,0,7.4,3.5,10.0,7.085,7.0,0
367,190231,57268,6,3,3,3,746,2,1,1,9,1,0,0,0,0,4.2,5.5,5.55,7.73,5.2,0
306,246884,31998,23,1,2,3,529,6,2,1,45,1,0,0,0,0,9.8,4.0,10.0,6.645,7.6,0
436,43671,96426,11,9,2,1,535,7,2,0,46,1,0,0,0,0,9.8,6.0,10.0,2.675,8.2,0
463,167522,99414,19,5,3,2,33,6,1,1,8,1,0,0,0,0,10.0,6.5,8.0,4.165,7.6,0
382,165980,66339,23,2,3,2,201,3,2,1,33,1,0,0,0,0,10.0,6.5,10.0,5.005,5.8,0
719,208347,19306,13,8,3,2,762,13,1,1,45,0,0,0,0,0,10.0,6.5,9.35,7.8100000000000005,10.0,0
372,195430,69006,21,4,1,1,358,9,2,1,38,1,0,0,0,0,10.0,4.5,10.0,5.79,9.399999999999999,0
536,200119,52345,15,7,2,1,34,11,0,1,3,1,0,0,0,0,10.0,6.0,6.45,4.17,10.0,0
345,186590,16885,18,5,2,3,399,8,2,0,44,1,0,1,0,0,10.0,4.0,10.0,1.995,8.8,0
561,77813,48826,22,3,2,3,650,9,1,1,3,1,0,0,0,0,10.0,4.0,7.8500000000000005,7.25,9.399999999999999,0
475,116748,60597,2,8,2,2,608,14,1,1,3,1,0,0,0,0,5.6,5.0,3.85,7.04,10.0,0
465,157878,12443,10,2,2,2,754,7,2,1,40,0,0,0,0,0,5.2,5.0,8.0,7.77,8.2,0
669,124733,22084,22,1,2,3,810,5,2,1,10,1,0,0,0,0,9.4,4.0,8.9,8.05,7.0,0
353,191963,94447,20,5,2,3,919,1,2,1,0,1,0,0,0,0,10.0,4.0,7.0,8.594999999999999,4.6,0
718,146865,9383,19,4,3,2,968,9,2,1,44,1,0,0,0,0,10.0,6.5,10.0,8.84,9.399999999999999,0
806,103551,97313,18,7,3,3,577,6,1,1,20,1,0,0,0,0,10.0,5.5,9.6,6.885,7.6,0
640,149335,39361,7,9,3,3,199,8,1,1,24,1,0,0,0,0,8.2,5.5,8.0,4.995,8.8,0
426,59220,85294,19,6,2,3,37,8,1,1,8,1,0,0,0,0,10.0,4.0,8.0,4.185,8.8,0
708,37158,66331,7,1,2,1,550,8,2,1,24,1,0,0,0,0,3.4000000000000004,6.0,8.0,6.75,8.8,0
666,100992,25529,2,8,1,3,500,8,2,1,17,1,0,0,0,0,5.6,2.5,5.949999999999999,6.5,8.8,0
570,178660,63574,9,2,1,2,497,5,1,1,6,1,0,0,0,0,4.8,3.5,5.7,6.484999999999999,7.0,0
678,82576,93627,12,4,2,3,800,0,2,1,45,1,0,0,1,0,7.200000000000001,4.0,10.0,8.0,1.0,0
372,108027,35932,8,3,1,2,181,13,0,1,25,1,0,0,0,0,5.0,3.5,8.35,4.905,10.0,0
547,175260,6908,5,6,3,3,47,5,1,1,48,1,0,0,0,0,5.6,5.5,10.0,4.235,7.0,0
342,243687,35358,14,2,5,3,954,4,2,1,17,1,0,0,0,0,6.800000000000001,8.5,8.35,8.77,6.4,0
676,78830,35412,15,5,1,3,308,6,0,1,0,1,0,0,0,0,9.0,2.5,6.0,5.54,7.6,0
340,155091,88710,4,9,3,3,275,12,2,1,8,0,0,0,0,0,7.0,5.5,2.0,5.375,10.0,0
469,32419,86032,20,3,1,2,36,7,1,1,9,1,0,0,0,0,9.8,3.5,8.35,4.18,8.2,0
511,53697,7928,12,2,3,3,657,0,2,1,47,1,0,0,0,0,6.000000000000001,5.5,10.0,7.285,4.0,0
792,104932,70158,18,2,3,3,757,13,2,1,10,0,0,0,0,0,8.4,5.5,5.1,7.785,10.0,0
338,139712,35632,1,9,4,1,766,9,1,1,31,1,0,0,0,0,5.8,9.0,7.85,7.83,9.399999999999999,0
668,115428,37309,5,6,1,3,461,3,1,0,20,1,0,0,0,0,5.6,2.5,7.0,2.305,5.8,0
450,159045,14280,0,2,2,3,478,3,0,1,35,0,0,0,0,0,1.2,4.0,5.25,6.390000000000001,5.8,0
410,106649,45449,14,3,1,3,94,12,0,1,31,0,1,0,0,0,7.4,2.5,7.449999999999999,4.47,10.0,0
779,142649,92171,14,1,2,3,935,0,2,1,18,1,0,0,0,0,6.2,4.0,8.5,8.675,4.0,0
735,31136,31957,13,2,4,3,22,10,2,1,7,1,0,0,0,0,6.4,7.0,6.65,4.11,10.0,0
346,104739,41895,6,2,3,3,579,3,1,1,34,1,0,0,0,0,3.6000000000000005,5.5,9.3,6.895,5.8,0
665,82502,75499,4,2,3,3,268,6,2,1,21,1,0,0,0,0,2.8,5.5,6.95,5.34,7.6,0
368,182357,98057,19,7,2,3,989,14,1,0,3,1,0,0,0,0,10.0,4.0,7.25,4.945,10.0,0
598,43039,26695,24,3,4,3,109,13,2,0,28,1,0,0,0,0,10.0,7.0,10.0,1.0,10.0,0
595,86720,79893,15,4,2,3,625,14,1,0,30,1,0,0,0,0,8.4,4.0,10.0,3.125,10.0,0
502,143168,68123,16,2,1,1,270,5,2,0,7,0,0,0,0,0,7.6000000000000005,4.5,4.25,1.35,7.0,0
360,108263,30176,10,5,3,2,287,3,2,1,11,1,0,0,0,0,7.0,6.5,6.65,5.4350000000000005,5.8,0
613,79155,23409,14,9,2,3,963,1,2,1,4,1,0,0,1,0,10.0,4.0,6.4,8.815000000000001,1.0,0
460,36911,61967,19,9,1,3,75,11,1,1,29,1,0,0,0,0,10.0,2.5,10.0,4.375,10.0,0
630,20916,5987,15,7,1,2,610,12,2,1,34,1,0,1,0,0,10.0,3.5,10.0,7.05,10.0,0
827,79052,59462,2,8,3,1,817,6,2,1,36,1,0,1,0,0,5.6,7.5,8.8,8.085,7.6,0
637,220182,72501,5,5,3,2,609,7,2,1,3,1,0,0,0,0,5.0,6.5,4.45,7.045,8.2,0
603,37790,31015,20,5,2,3,387,8,0,1,42,0,0,0,0,0,10.0,4.0,10.0,5.9350000000000005,8.8,0
802,234233,99727,22,3,3,3,526,8,2,1,20,1,0,0,0,0,10.0,5.5,10.0,6.63,8.8,0
637,156278,71404,12,6,3,3,665,13,2,1,15,1,0,0,0,0,8.4,5.5,7.65,7.325,10.0,0
849,141937,55281,0,1,4,2,126,3,1,1,17,1,0,0,0,0,1.0,8.0,5.55,4.63,5.8,0
574,105053,42146,20,3,2,2,792,2,2,0,30,1,0,0,0,0,9.8,5.0,10.0,3.96,5.2,0
463,69950,53231,13,2,3,2,508,4,1,1,37,1,0,1,0,0,6.4,6.5,10.0,6.54,6.4,0
742,136211,34032,1,7,3,2,214,5,2,1,31,1,0,0,0,0,4.6000000000000005,6.5,7.85,5.07,7.0,0
618,76361,33305,1,9,2,3,596,11,2,1,47,0,0,0,0,0,5.8,4.0,7.25,6.98,10.0,0
803,81451,59306,14,4,2,2,89,12,1,1,32,1,0,0,0,0,8.0,5.0,10.0,4.445,10.0,0
686,57696,93176,17,7,2,1,27,7,0,1,18,0,0,0,0,0,10.0,6.0,6.1,4.135,8.2,0
793,232713,23318,8,8,1,2,738,2,1,1,19,1,1,0,0,0,8.0,3.5,7.45,7.6899999999999995,5.2,0
789,219298,18246,2,2,2,2,952,13,0,1,47,1,0,0,0,0,2.0,5.0,10.0,8.76,10.0,0
372,122395,38844,3,7,2,1,623,14,1,0,9,1,0,0,0,0,5.4,6.0,4.95,3.115,10.0,0
808,144121,37602,14,3,1,2,653,12,2,1,25,0,0,0,0,0,7.4,3.5,6.550000000000001,7.265000000000001,10.0,0
689,66728,26584,4,8,1,2,830,5,2,1,45,1,0,0,0,0,6.4,3.5,10.0,8.15,7.0,0
594,75401,20169,19,6,2,2,67,4,2,1,17,1,0,0,0,0,10.0,5.0,9.35,4.335,6.4,0
668,217298,30968,19,3,3,2,121,12,2,0,44,1,0,1,0,0,9.4,6.5,10.0,1.0,10.0,0
848,45103,11385,4,8,3,3,606,6,1,1,44,1,0,0,0,0,6.4,5.5,10.0,7.029999999999999,7.6,0
486,185335,78758,9,3,2,3,852,13,1,1,14,1,0,0,0,0,5.4,4.0,6.9,8.26,10.0,0
744,227693,30444,15,9,2,3,835,8,2,1,35,1,0,0,0,0,10.0,4.0,10.0,8.175,8.8,0
662,70044,67497,24,3,2,3,637,6,1,1,17,1,0,0,0,0,10.0,4.0,10.0,7.1850000000000005,7.6,0
422,77730,10362,11,1,1,3,324,10,1,1,30,1,0,0,0,1,5.0,2.5,9.7,5.62,10.0,0
487,45825,13250,24,2,1,2,171,5,1,1,14,0,0,0,0,0,10.0,3.5,6.9,4.855,7.0,0
719,227328,73354,13,4,3,2,807,8,2,1,37,1,0,0,0,0,7.6,6.5,10.0,8.035,8.8,0
551,57271,41368,21,2,2,2,959,9,2,1,28,0,0,0,0,0,9.6,5.0,8.4,8.795,9.399999999999999,0
848,97256,49109,10,4,3,2,333,3,2,1,41,1,1,0,0,0,6.4,6.5,10.0,5.665,5.8,0
634,197804,85589,18,4,3,3,727,13,1,1,14,1,1,0,0,0,9.6,5.5,8.7,7.635,10.0,0
391,86433,62645,5,4,1,1,340,0,2,1,0,1,0,0,0,0,4.4,4.5,4.0,5.7,4.0,0
829,233702,61997,9,1,2,3,589,7,0,1,36,1,0,0,0,0,4.2,4.0,10.0,6.945,8.2,0
362,121999,32426,19,9,2,1,931,5,2,1,40,1,0,0,0,0,10.0,6.0,10.0,8.655000000000001,7.0,0
811,43572,44023,2,7,2,3,908,5,1,0,22,1,0,0,0,0,5.0,4.0,6.699999999999999,4.54,7.0,0
438,58546,64267,21,2,2,3,769,13,2,1,45,1,0,0,0,0,9.6,4.0,10.0,7.845000000000001,10.0,0
484,166222,29892,14,3,5,3,511,14,2,1,10,0,0,0,0,0,7.4,8.5,4.300000000000001,6.555,10.0,0
504,74165,64232,10,8,3,3,66,4,2,0,37,0,0,0,0,0,8.8,5.5,7.55,1.0,6.4,0
513,83690,99897,21,7,4,1,174,9,2,1,15,1,0,0,0,0,10.0,9.0,9.45,4.87,9.399999999999999,0
555,204736,64225,1,4,1,3,175,10,2,1,29,0,0,1,0,0,2.8,2.5,4.55,4.875,10.0,0
434,233407,21007,24,4,1,2,306,2,1,1,28,0,0,0,0,0,10.0,3.5,9.0,5.53,5.2,0
387,226271,84777,23,9,1,3,13,5,2,1,40,1,1,0,0,0,10.0,2.5,10.0,4.065,7.0,0
506,56948,49858,5,5,2,2,419,0,2,1,2,1,0,0,0,0,5.0,5.0,4.3,6.095000000000001,4.0,0
428,188102,50073,16,5,2,2,816,6,2,1,39,1,0,0,0,0,9.4,5.0,10.0,8.08,7.6,0
302,47007,94438,17,7,3,3,886,5,0,1,16,1,0,0,0,0,10.0,5.5,8.8,8.43,7.0,0
420,120819,95042,3,1,2,1,115,4,1,1,25,1,0,1,0,0,1.8000000000000003,6.0,7.35,4.575,6.4,0
684,111207,88098,22,3,4,2,629,12,2,1,8,0,0,0,0,0,10.0,8.0,5.6000000000000005,7.145,10.0,0
337,241993,25239,8,2,4,2,691,13,2,1,16,0,0,0,0,0,4.4,8.0,4.0,7.455,10.0,0
640,96772,67969,9,6,1,3,788,2,1,1,36,1,0,0,0,0,7.199999999999999,2.5,10.0,7.9399999999999995,5.2,0
320,42024,18065,20,6,4,3,788,7,1,1,30,1,0,0,0,0,10.0,7.0,10.0,7.9399999999999995,8.2,0
541,190456,46291,1,1,2,3,575,12,2,1,30,1,0,0,0,0,1.0,4.0,7.7,6.875,10.0,0
754,102912,43805,10,6,2,3,175,3,0,1,10,1,0,0,0,0,7.6,4.0,6.5,4.875,5.8,0
602,169229,23443,10,2,3,1,263,8,2,1,37,1,0,0,0,0,5.2,7.5,10.0,5.3149999999999995,8.8,0
368,105481,14290,10,4,1,3,797,8,2,1,21,1,0,0,1,0,6.4,2.5,8.15,7.984999999999999,4.8,0
428,108553,5211,0,6,4,3,675,4,1,1,45,1,1,0,0,0,3.5999999999999996,7.0,9.75,7.375,6.4,0
495,152828,88634,13,3,3,3,137,10,2,1,2,1,0,0,0,0,7.0,5.5,5.9,4.6850000000000005,10.0,0
439,219184,24072,0,3,4,2,495,6,0,1,48,1,0,0,0,0,1.7999999999999998,8.0,10.0,6.475,7.6,0
743,242075,48290,20,3,5,1,85,5,2,0,27,1,0,0,0,0,9.8,10.0,10.0,1.0,7.0,0
582,122488,90186,22,4,2,1,896,11,2,1,31,1,0,0,0,0,10.0,6.0,10.0,8.48,10.0,0
611,116741,20115,24,9,1,1,230,11,2,1,3,1,0,0,0,0,10.0,4.5,8.25,5.15,10.0,0
834,209123,10149,8,4,1,2,791,5,2,1,39,1,0,0,0,0,5.6,3.5,10.0,7.955,7.0,0
576,215667,46992,23,4,2,1,443,14,2,1,37,0,0,0,0,0,10.0,6.0,10.0,6.215,10.0,0
360,98210,22716,0,4,1,2,644,3,2,1,10,1,0,0,0,0,2.4,3.5,4.5,7.220000000000001,5.8,0
618,194166,18621,20,7,3,2,546,9,2,1,0,1,0,0,0,0,10.0,6.5,7.0,6.73,9.399999999999999,0
351,238961,11820,21,5,2,3,448,12,2,1,46,0,0,0,0,0,10.0,4.0,10.0,6.24,10.0,0
452,246457,47800,21,2,5,3,444,11,2,1,15,1,0,0,0,0,9.6,8.5,9.45,6.220000000000001,10.0,0
610,155607,60043,3,7,3,2,627,14,0,1,33,1,0,0,0,0,5.4,6.5,8.55,7.135,10.0,0
843,207107,35399,0,3,1,3,627,7,2,1,44,1,0,1,0,0,1.7999999999999998,2.5,9.6,7.135,8.2,0
688,67367,19002,18,1,2,3,624,12,2,1,31,1,0,0,0,0,7.8,4.0,10.0,7.12,10.0,0
847,168190,48098,9,9,2,3,995,10,2,1,43,1,1,0,0,0,9.0,4.0,10.0,8.975,10.0,0
476,210884,50511,14,5,2,3,787,10,2,1,45,1,1,1,0,0,8.600000000000001,4.0,10.0,7.9350000000000005,10.0,0
661,79884,58243,19,1,2,1,535,13,2,1,32,1,0,0,0,0,8.200000000000001,6.0,10.0,6.675,10.0,0
613,217240,33750,3,1,1,3,142,10,1,0,10,1,0,0,0,0,1.8000000000000003,2.5,5.1,1.0,10.0,0
396,164352,96610,19,1,3,2,450,9,2,0,35,1,0,0,0,0,8.200000000000001,6.5,10.0,2.25,9.399999999999999,0
512,165818,22310,13,9,2,1,543,2,2,1,12,0,0,0,1,0,10.0,6.0,4.4,6.715,1.2,0
436,122572,60398,4,8,3,3,596,4,2,1,19,0,0,0,0,0,6.4,5.5,3.6500000000000004,6.98,6.4,0
305,73251,87542,14,6,3,3,806,0,2,1,24,1,0,1,0,0,9.2,5.5,9.4,8.030000000000001,4.0,0
408,104821,80207,14,6,2,2,400,0,2,1,5,1,0,0,0,0,9.2,5.0,6.550000000000001,6.0,4.0,0
846,103583,49345,24,6,1,3,253,12,2,1,36,1,0,0,0,0,10.0,2.5,10.0,5.265,10.0,0
338,30207,98430,15,4,3,1,777,8,1,1,25,1,0,0,0,0,8.4,7.5,9.75,7.885,8.8,0
724,222199,96729,15,5,5,3,155,3,2,1,3,1,0,0,0,0,9.0,8.5,6.45,4.775,5.8,0
560,47757,56843,3,3,2,2,424,8,2,1,44,1,0,0,0,0,3.0,5.0,10.0,6.12,8.8,0
725,167298,15222,24,3,2,2,436,6,1,1,25,0,0,0,0,0,10.0,5.0,8.55,6.18,7.6,0
386,246340,94322,8,7,1,3,221,9,2,1,17,0,0,0,0,0,7.4,2.5,4.15,5.105,9.399999999999999,0
764,212479,36509,0,5,2,2,258,7,1,1,12,1,0,0,0,0,3.0,5.0,4.8,5.29,8.2,0
375,178278,5386,4,8,2,1,44,10,2,0,7,0,0,0,0,0,6.4,6.0,1.85,1.0,10.0,0
770,171328,69334,8,5,2,2,848,8,2,1,46,1,0,1,0,0,6.2,5.0,10.0,8.24,8.8,0
713,53822,72170,19,4,3,2,262,0,0,1,32,1,0,0,1,0,10.0,6.5,10.0,5.3100000000000005,1.0,0
756,61340,45878,4,3,2,3,871,6,2,1,42,1,0,0,0,0,3.4,4.0,10.0,8.355,7.6,0
584,203306,74669,3,2,1,2,781,7,0,1,15,1,0,1,0,0,2.4000000000000004,3.5,5.85,7.904999999999999,8.2,0
538,63351,43349,15,3,2,3,828,13,2,1,41,1,0,0,0,0,7.8,4.0,10.0,8.14,10.0,0
671,126311,26952,1,7,4,2,871,1,2,1,38,1,0,0,0,0,4.6000000000000005,8.0,8.9,8.355,4.6,0
794,199743,95352,15,8,2,2,295,13,2,1,30,1,0,0,0,0,10.0,5.0,10.0,5.475,10.0,0
344,95320,26529,17,5,5,2,871,9,2,1,39,1,0,0,1,0,9.8,9.5,10.0,8.355,5.3999999999999995,0
700,122565,76303,1,1,2,3,702,8,2,1,22,1,0,0,0,1,1.0,4.0,6.5,7.51,8.8,0
546,186229,46521,15,3,2,1,219,11,0,1,15,0,0,0,0,0,7.8,6.0,5.25,5.095,10.0,0
749,39937,23383,0,4,1,2,119,0,2,1,9,0,0,0,0,0,2.4,3.5,1.3499999999999999,4.595,4.0,0
784,205362,9901,15,4,3,2,339,11,2,1,35,1,0,0,0,0,8.4,6.5,10.0,5.695,10.0,0
317,197779,47889,2,1,2,3,151,13,1,1,30,1,0,0,0,0,1.4,4.0,7.9,4.755,10.0,0
588,31219,19633,14,9,3,1,685,14,1,1,43,1,0,0,0,0,10.0,7.5,10.0,7.425,10.0,0
713,29399,67244,10,4,3,3,96,2,1,1,31,1,0,0,0,0,6.4,5.5,9.649999999999999,4.48,5.2,0
534,146733,24163,9,2,3,2,149,12,1,1,20,1,0,0,0,0,4.8,6.5,7.8,4.745,10.0,0
715,249920,64019,16,9,1,1,341,10,2,1,15,0,0,0,0,0,10.0,4.5,5.45,5.705,10.0,0
798,178729,15707,3,4,3,2,683,8,2,1,28,1,0,0,0,0,3.6,6.5,7.800000000000001,7.415,8.8,0
414,40047,93112,16,4,2,1,35,0,2,1,49,1,0,1,0,0,8.8,6.0,10.0,4.175,4.0,0
533,227167,88597,3,6,2,3,655,3,1,1,47,1,0,0,0,0,4.8,4.0,10.0,7.275,5.8,0
839,105693,50101,18,8,2,3,878,9,2,1,44,1,0,0,0,0,10.0,4.0,10.0,8.39,9.399999999999999,0
310,120931,49706,24,5,3,1,636,5,2,1,15,1,0,0,0,0,10.0,7.5,10.0,7.18,7.0,0
505,223226,82084,0,8,1,2,702,5,2,1,14,1,0,0,0,0,4.8,3.5,5.1,7.51,7.0,0
546,195963,20115,13,1,2,2,920,13,0,1,7,1,0,0,0,0,5.8,5.0,6.65,8.6,10.0,0
426,157852,80379,23,4,2,2,371,3,2,1,14,1,0,0,0,0,10.0,5.0,9.700000000000001,5.855,5.8,0
446,47050,44979,10,1,2,2,880,9,2,1,20,1,0,0,0,0,4.6,5.0,8.0,8.4,9.399999999999999,0
417,93551,45641,24,3,1,3,668,9,2,1,20,0,1,0,0,0,10.0,2.5,7.800000000000001,7.34,9.399999999999999,0
681,88666,74377,6,7,1,1,369,14,2,1,6,1,0,0,0,0,6.6000000000000005,4.5,5.1,5.845,10.0,0
711,244691,11416,16,1,1,3,952,9,2,1,18,1,0,0,0,0,7.0,2.5,8.9,8.76,9.399999999999999,0
662,102016,15633,3,5,2,2,224,9,2,1,21,1,0,0,0,0,4.2,5.0,6.75,5.12,9.399999999999999,0
808,133135,5594,9,1,4,2,86,0,0,1,45,0,0,0,0,0,4.2,8.0,8.55,4.43,4.0,0
436,73010,19393,16,6,2,2,104,4,1,1,37,1,0,0,0,0,10.0,5.0,10.0,4.52,6.4,0
474,58165,40380,3,9,2,2,966,13,1,1,12,1,0,0,0,0,6.6,5.0,5.4,8.83,10.0,0
588,31528,50056,18,3,2,1,227,4,2,1,25,0,0,0,0,0,9.0,6.0,7.35,5.135,6.4,0
780,140840,93279,17,6,3,1,884,2,2,1,43,0,0,0,0,0,10.0,7.5,9.850000000000001,8.42,5.2,0
318,200680,9861,16,4,1,2,377,10,2,1,21,0,0,0,0,0,8.8,3.5,6.35,5.885,10.0,0
494,156986,41126,5,6,1,3,61,2,1,1,6,0,0,0,0,0,5.6,2.5,1.9,4.305,5.2,0
629,57136,85382,6,2,2,1,283,3,1,1,34,1,0,0,0,0,3.6000000000000005,6.0,9.3,5.415,5.8,0
474,162251,96713,5,4,5,3,453,2,1,1,2,0,0,0,0,0,4.4,8.5,1.3,6.265000000000001,5.2,0
748,106008,38682,24,7,2,2,696,13,1,1,34,1,0,0,0,0,10.0,5.0,10.0,7.48,10.0,0
653,32076,23228,11,6,1,3,834,14,1,1,46,0,0,0,0,0,8.0,2.5,9.1,8.17,10.0,0
798,143911,29009,8,9,2,2,42,2,1,1,15,0,0,0,0,0,8.6,5.0,3.85,4.21,5.2,0
440,175855,5094,17,7,1,2,881,2,0,1,44,1,0,0,0,0,10.0,3.5,10.0,8.405000000000001,5.2,0
392,136625,85636,1,1,1,3,425,6,2,1,15,0,0,0,0,0,1.0,2.5,2.45,6.125,7.6,0
538,197788,57221,24,6,3,2,653,8,1,1,1,0,0,0,0,0,10.0,6.5,4.950000000000001,7.265000000000001,8.8,0
504,70298,22430,16,3,2,3,434,10,0,1,37,1,0,0,0,0,8.2,4.0,10.0,6.17,10.0,0
732,74304,40571,20,8,3,3,796,14,1,1,16,1,0,0,0,0,10.0,5.5,9.4,7.98,10.0,0
544,99360,59486,0,1,2,2,16,12,2,1,37,0,0,0,0,0,1.0,5.0,5.55,4.08,10.0,0
616,89835,95510,22,2,2,3,504,0,2,1,23,1,0,0,0,0,10.0,4.0,10.0,6.52,4.0,0
594,132424,67294,8,3,2,3,748,7,2,1,21,0,0,0,0,0,5.0,4.0,4.75,7.74,8.2,0
581,159190,25860,5,3,2,3,776,9,2,1,49,1,0,0,0,0,3.8,4.0,10.0,7.88,9.399999999999999,0
316,227364,77812,1,7,3,3,803,11,2,1,22,1,0,0,0,0,4.6000000000000005,5.5,6.5,8.015,10.0,0
370,76911,71087,5,8,1,2,757,0,1,1,43,1,0,0,0,0,6.8,3.5,10.0,7.785,4.0,0
568,224561,13486,8,9,3,1,864,8,1,1,18,1,0,0,0,0,8.6,7.5,7.3,8.32,8.8,0
624,123088,88063,2,7,4,3,363,12,2,1,43,1,0,0,0,0,5.0,7.0,9.850000000000001,5.8149999999999995,10.0,0
604,35185,54607,15,8,1,2,956,7,2,1,21,0,0,0,0,0,10.0,3.5,6.15,8.780000000000001,8.2,0
750,192864,14745,24,6,4,2,705,14,2,1,16,1,0,0,0,0,10.0,8.0,10.0,7.525,10.0,0
306,231282,83533,23,2,1,2,208,5,2,1,1,0,0,0,1,0,10.0,3.5,4.750000000000001,5.04,3.0,0
613,70613,23330,14,1,2,3,724,5,0,1,13,1,0,0,0,0,6.2,4.0,7.75,7.62,7.0,0
402,184999,45078,11,3,3,2,444,10,1,1,27,1,0,0,0,0,6.2,6.5,9.25,6.220000000000001,10.0,0
492,20386,60332,22,9,2,3,145,9,0,1,12,0,0,0,0,0,10.0,4.0,6.2,4.725,9.399999999999999,0
828,243225,59532,7,7,1,2,918,6,1,1,37,1,0,0,0,0,7.0,3.5,9.95,8.59,7.6,0
470,223800,95365,5,2,3,1,297,7,1,0,16,1,1,0,0,0,3.2,7.5,6.4,1.485,8.2,0
836,227353,48336,2,1,5,3,811,12,1,1,8,1,0,0,0,0,1.4,8.5,4.6,8.055,10.0,0
550,50020,13070,22,2,1,3,667,6,2,1,39,0,0,0,0,0,10.0,2.5,10.0,7.335,7.6,0
686,62678,6320,3,3,4,2,728,14,1,1,13,1,0,0,0,0,3.0,8.0,5.55,7.640000000000001,10.0,0
506,237767,94043,9,6,2,2,576,12,1,1,1,1,0,0,0,0,7.199999999999999,5.0,4.95,6.88,10.0,0
840,81394,43921,13,9,4,2,820,0,1,1,41,1,0,0,0,0,10.0,8.0,10.0,8.1,4.0,0
715,220017,11589,20,8,1,3,417,9,1,0,20,1,0,0,0,0,10.0,2.5,10.0,2.085,9.399999999999999,0
679,135377,69409,23,9,3,1,926,14,1,1,34,0,0,1,0,0,10.0,7.5,9.7,8.629999999999999,10.0,0
443,141716,97995,14,8,1,2,923,12,1,1,29,1,0,0,0,0,10.0,3.5,10.0,8.615,10.0,0
324,207486,20589,6,7,4,3,919,13,2,1,16,1,0,1,0,0,6.6000000000000005,7.0,6.6,8.594999999999999,10.0,0
372,205888,41375,6,6,3,2,771,3,2,1,38,0,0,0,0,0,6.0,6.5,6.9,7.855,5.8,0
392,75918,48085,7,8,2,2,958,14,1,1,24,1,0,0,0,0,7.6,5.0,8.0,8.79,10.0,0
804,242353,65840,9,6,1,3,796,3,2,1,43,1,0,0,0,0,7.199999999999999,2.5,10.0,7.98,5.8,0
635,135640,48200,18,2,3,3,726,12,1,1,38,1,0,0,0,0,8.4,5.5,10.0,7.63,10.0,0
724,213766,31732,18,9,3,3,834,8,1,1,34,1,0,0,0,0,10.0,5.5,10.0,8.17,8.8,0
798,180527,27426,1,9,2,2,713,14,1,1,5,1,0,0,0,0,5.8,5.0,3.95,7.5649999999999995,10.0,0
663,124446,35982,14,3,2,3,345,11,1,1,2,1,0,0,0,0,7.4,4.0,6.1,5.725,10.0,0
498,189807,64720,0,9,3,3,11,8,2,1,35,1,0,1,0,0,5.3999999999999995,5.5,8.25,4.055,8.8,0
712,114702,21746,9,2,2,2,194,2,2,1,47,1,1,0,0,0,4.8,5.0,10.0,4.97,5.2,0
638,125509,33514,5,3,1,3,683,10,1,1,46,0,0,0,0,0,3.8,2.5,7.8999999999999995,7.415,10.0,0
728,113608,69889,21,6,4,1,570,14,2,1,0,1,0,0,0,0,10.0,9.0,7.2,6.85,10.0,0
438,134310,8851,12,4,2,3,611,8,1,1,33,1,0,0,0,0,7.200000000000001,4.0,10.0,7.055,8.8,0
841,163181,24796,9,8,2,3,447,4,1,1,0,1,0,0,0,0,8.4,4.0,4.8,6.234999999999999,6.4,0
356,65802,81034,11,1,2,3,772,10,1,1,25,0,0,0,0,0,5.0,4.0,5.95,7.859999999999999,10.0,0
531,219092,67798,23,6,4,2,31,5,2,1,17,1,0,0,0,0,10.0,8.0,10.0,4.155,7.0,0
734,54622,67985,5,2,2,3,221,14,0,1,35,0,0,0,0,0,3.2,4.0,6.25,5.105,10.0,0
683,129935,39592,5,6,3,2,486,6,2,1,5,1,0,0,0,0,5.6,6.5,4.75,6.43,7.6,0
493,137919,49845,0,1,4,3,475,2,2,0,10,0,0,0,0,0,1.0,7.0,1.5,2.375,5.2,0
833,153669,20930,11,2,1,3,998,13,2,1,43,0,0,0,0,0,5.6000000000000005,2.5,8.65,8.99,10.0,0
817,191669,26159,22,9,3,1,243,3,1,1,39,1,0,0,0,0,10.0,7.5,10.0,5.215,5.8,0
484,192026,94788,22,6,2,2,181,4,0,1,29,1,0,0,0,0,10.0,5.0,10.0,4.905,6.4,0
591,89519,29003,9,8,3,3,612,0,0,1,13,1,0,0,0,0,8.4,5.5,6.75,7.0600000000000005,4.0,0
634,207187,40139,24,7,2,2,684,7,2,1,9,0,0,0,0,0,10.0,5.0,6.15,7.42,8.2,0
415,194223,57452,13,9,3,3,806,10,2,1,30,1,0,0,0,0,10.0,5.5,10.0,8.030000000000001,10.0,0
348,168112,27205,14,9,2,2,527,6,2,1,35,1,0,1,0,0,10.0,5.0,10.0,6.635,7.6,0
381,64772,61955,22,4,1,3,253,12,2,0,14,1,0,0,0,0,10.0,2.5,9.5,1.265,10.0,0
632,142431,12464,23,7,4,2,430,10,2,1,29,1,0,0,0,0,10.0,8.0,10.0,6.15,10.0,0
634,116090,87646,3,5,1,3,388,11,1,0,47,1,0,0,0,0,4.2,2.5,10.0,1.94,10.0,0
831,214904,77657,24,7,3,3,482,12,2,1,13,1,0,0,0,0,10.0,5.5,9.75,6.41,10.0,0
520,178988,14840,0,4,1,3,350,1,2,1,46,1,0,0,0,0,2.4,2.5,9.899999999999999,5.75,4.6,0
622,64871,45768,7,1,2,1,963,6,1,0,22,1,0,0,0,0,3.4000000000000004,6.0,7.7,4.815,7.6,0
302,46372,14461,2,4,3,3,969,11,1,1,16,0,0,0,0,0,3.2,5.5,2.8,8.844999999999999,10.0,0
505,212779,25927,13,3,2,2,680,8,2,1,26,1,0,0,0,0,7.0,5.0,9.5,7.4,8.8,0
339,59080,94934,16,9,4,3,132,4,0,1,43,1,0,0,0,0,10.0,7.0,10.0,4.66,6.4,0
358,126242,20329,1,5,2,3,881,13,2,1,12,1,1,0,0,0,3.4,4.0,5.0,8.405000000000001,10.0,0
806,62722,20791,14,4,2,2,443,10,2,1,13,0,0,0,0,0,8.0,5.0,4.75,6.215,10.0,0
421,49048,57627,5,8,3,2,985,5,2,1,25,1,0,0,1,0,6.8,6.5,7.75,8.925,3.0,0
778,105205,19372,4,5,2,2,197,4,2,1,42,0,0,0,0,0,4.6,5.0,7.1,4.985,6.4,0
395,160849,97890,13,3,2,3,23,0,2,1,10,1,0,0,0,0,7.0,4.0,7.1,4.115,4.0,0
713,74711,53469,18,2,3,3,79,5,1,1,37,1,0,0,0,0,8.4,5.5,10.0,4.395,7.0,0
534,187403,92073,8,8,2,2,660,13,2,1,0,1,0,0,0,0,8.0,5.0,4.6,7.3,10.0,0
361,40968,39370,7,2,2,1,420,13,2,1,23,1,0,0,0,1,4.0,6.0,7.85,6.1,10.0,0
555,205041,56408,2,8,3,3,879,6,2,1,19,1,0,0,0,0,5.6,5.5,6.25,8.395,7.6,0
647,31292,95941,17,5,3,2,846,4,2,1,7,1,0,0,0,0,9.8,6.5,7.45,8.23,6.4,0
423,191866,28703,7,8,2,2,600,2,2,1,7,1,0,0,0,0,7.6,5.0,5.45,7.0,5.2,0
781,99459,20234,15,5,2,2,815,14,2,1,29,1,0,0,0,0,9.0,5.0,10.0,8.075,10.0,0
616,70192,12532,14,1,3,2,327,5,2,1,17,0,0,0,0,0,6.2,6.5,5.35,5.635,7.0,0
803,178775,40416,20,2,2,3,446,11,1,1,12,1,0,0,0,0,9.2,4.0,8.8,6.23,10.0,0
347,104193,77439,14,6,2,3,601,11,1,1,45,1,0,0,0,0,9.2,4.0,10.0,7.005,10.0,0
708,89165,23242,15,3,5,2,155,10,2,1,46,0,0,0,0,0,7.8,9.5,9.899999999999999,4.775,10.0,0
435,87650,55254,24,8,1,3,894,6,1,1,35,1,0,0,0,0,10.0,2.5,10.0,8.469999999999999,7.6,0
500,207588,84324,0,5,2,2,746,9,2,1,18,1,0,0,0,0,3.0,5.0,5.699999999999999,7.73,9.399999999999999,0
549,149858,40249,9,3,4,3,236,9,1,0,12,1,0,0,0,0,5.4,7.0,6.6,1.18,9.399999999999999,0
613,121398,90078,18,7,3,2,391,11,2,1,40,1,0,0,0,0,10.0,6.5,10.0,5.955,10.0,0
667,242182,37294,4,8,4,3,189,13,2,1,47,1,0,0,0,0,6.4,7.0,10.0,4.945,10.0,0
728,117885,64784,17,4,2,1,545,8,2,1,25,1,0,0,0,0,9.200000000000001,6.0,10.0,6.725,8.8,0
779,173329,8684,2,9,2,2,108,12,2,1,8,1,0,0,0,0,6.199999999999999,5.0,4.6,4.54,10.0,0
613,120588,28795,3,6,4,3,400,6,0,0,33,0,0,0,0,0,4.8,7.0,5.550000000000001,2.0,7.6,0
799,123356,65301,3,1,2,2,279,2,2,1,30,1,0,0,1,0,1.8000000000000003,5.0,8.1,5.395,1.2,0
654,103509,74187,10,5,3,3,955,0,2,1,41,1,0,0,0,0,7.0,5.5,10.0,8.775,4.0,0
784,242345,15431,8,5,1,3,103,14,2,1,6,1,0,0,0,0,6.2,2.5,5.5,4.515,10.0,0
510,71672,80667,0,7,3,3,801,13,1,1,8,0,0,0,0,0,4.2,5.5,1.2,8.004999999999999,10.0,0
343,214380,94627,24,7,2,2,472,12,2,1,39,1,0,0,1,0,10.0,5.0,10.0,6.359999999999999,7.199999999999999,0
840,228655,95381,15,6,2,2,790,6,1,1,25,0,0,0,0,0,9.6,5.0,6.75,7.95,7.6,0
391,42113,95027,8,8,2,3,668,11,2,1,32,1,0,0,0,0,8.0,4.0,9.4,7.34,10.0,0
564,20694,60372,10,2,3,2,294,7,2,1,32,1,0,0,1,0,5.2,6.5,9.8,5.47,4.2,0
519,35588,75366,5,7,1,3,31,14,2,1,39,1,0,0,0,0,6.2,2.5,9.85,4.155,10.0,0
741,212828,99176,16,7,3,3,11,10,1,1,3,0,0,0,0,0,10.0,5.5,3.6500000000000004,4.055,10.0,0
700,215157,77870,11,4,2,3,112,0,1,1,27,1,0,0,0,0,6.800000000000001,4.0,9.25,4.5600000000000005,4.0,0
699,212214,52387,21,2,2,3,982,4,1,1,3,1,0,0,0,0,9.6,4.0,7.65,8.91,6.4,0
789,84373,57927,7,4,3,2,45,11,2,1,46,1,0,0,0,0,5.2,6.5,10.0,4.225,10.0,0
784,105603,14304,15,4,2,3,815,11,2,1,33,1,0,0,0,0,8.4,4.0,10.0,8.075,10.0,0
769,26704,22032,4,6,2,3,283,12,2,1,48,1,0,0,0,0,5.199999999999999,4.0,10.0,5.415,10.0,0
744,60136,96291,20,7,2,2,60,7,1,1,39,1,0,0,0,0,10.0,5.0,10.0,4.3,8.2,0
568,87507,64486,0,3,3,2,152,9,2,1,47,1,0,0,0,0,1.7999999999999998,6.5,10.0,4.76,9.399999999999999,0
566,67361,70552,16,1,4,3,905,6,2,0,5,1,0,0,0,0,7.0,7.0,6.95,4.525,7.6,0
353,78847,78844,23,3,1,3,492,14,2,1,32,0,0,0,0,0,10.0,2.5,9.4,6.46,10.0,0
827,126359,34654,20,9,2,2,957,1,0,1,4,1,1,0,0,0,10.0,5.0,7.6,8.785,4.6,0
819,162513,44244,7,1,1,3,26,12,2,1,18,1,0,0,0,0,3.4000000000000004,2.5,7.1,4.13,10.0,0
358,248084,10942,9,8,3,2,889,12,2,1,17,0,0,0,0,0,8.4,6.5,4.35,8.445,10.0,0
339,138906,55697,17,2,2,3,598,12,2,1,2,1,0,0,0,0,8.0,4.0,6.7,6.99,10.0,0
536,34677,7693,14,6,3,3,287,3,2,1,33,1,0,0,0,0,9.2,5.5,10.0,5.4350000000000005,5.8,0
685,47818,61751,19,3,2,2,644,5,2,1,1,1,0,0,0,0,9.4,5.0,6.95,7.220000000000001,7.0,0
599,21868,86098,12,7,3,2,447,6,1,1,0,0,0,0,0,0,9.0,6.5,2.4000000000000004,6.234999999999999,7.6,0
694,103591,11259,9,2,2,3,445,13,2,1,34,1,0,0,0,0,4.8,4.0,9.899999999999999,6.225,10.0,0
506,143962,9942,8,4,4,3,393,6,2,0,3,1,0,0,0,0,5.6,7.0,5.05,1.965,7.6,0
635,87264,52419,12,9,1,2,990,2,1,1,34,1,0,0,0,0,10.0,3.5,10.0,8.95,5.2,0
813,93168,61105,2,6,2,3,867,11,1,1,7,1,0,0,0,0,4.3999999999999995,4.0,4.45,8.335,10.0,0
477,163115,70907,21,4,3,1,695,7,1,0,43,1,0,0,0,0,10.0,7.5,10.0,3.475,8.2,0
695,91939,32383,22,2,3,2,141,6,2,1,28,1,0,0,0,0,10.0,6.5,10.0,4.705,7.6,0
670,35732,28404,2,9,1,3,272,3,1,1,35,1,0,0,0,0,6.199999999999999,2.5,8.65,5.36,5.8,0
617,75244,77656,0,4,5,1,403,9,2,1,13,0,0,0,0,0,2.4,10.0,1.95,6.015000000000001,9.399999999999999,0
668,169598,10702,1,9,2,3,792,12,2,1,41,1,0,0,0,0,5.8,4.0,9.35,7.96,10.0,0
683,29340,78883,10,2,2,3,931,3,1,1,48,1,0,0,0,0,5.2,4.0,10.0,8.655000000000001,5.8,0
361,42394,61332,13,7,2,3,217,3,2,1,29,1,0,0,0,0,9.4,4.0,9.95,5.085,5.8,0
804,118557,44419,9,5,2,2,817,4,2,1,49,1,0,0,0,0,6.6,5.0,10.0,8.085,6.4,0
538,155174,95576,6,8,3,3,235,13,1,1,6,1,0,0,0,0,7.2,5.5,5.1,5.175,10.0,0
494,39159,93078,22,8,2,3,710,10,0,1,12,1,0,0,0,0,10.0,4.0,9.2,7.55,10.0,0
521,142366,78844,0,4,2,1,474,1,1,1,21,1,0,0,0,0,2.4,6.0,6.15,6.37,4.6,0
360,216164,44242,6,4,2,2,367,8,1,1,44,1,1,0,0,0,4.800000000000001,5.0,10.0,5.835,8.8,0
428,26212,39142,14,8,2,3,153,5,2,1,1,0,0,0,0,0,10.0,4.0,2.95,4.765,7.0,0
455,248432,12393,10,3,4,2,363,11,2,1,7,1,0,0,0,0,5.8,8.0,6.05,5.8149999999999995,10.0,0
677,57405,74939,5,7,4,3,260,7,2,1,20,1,0,0,0,0,6.2,7.0,7.0,5.3,8.2,0
736,150632,74082,21,8,2,3,385,10,2,0,19,0,0,0,0,0,10.0,4.0,7.050000000000001,1.925,10.0,0
506,97061,33893,6,8,1,1,998,0,2,0,10,1,0,0,0,1,7.2,4.5,5.7,4.99,4.0,0
687,114296,14388,6,4,4,2,254,14,1,1,33,0,0,0,0,0,4.800000000000001,8.0,6.15,5.27,10.0,0
779,75186,67969,0,9,1,2,27,5,2,1,43,1,0,0,0,0,5.3999999999999995,3.5,9.45,4.135,7.0,0
639,195311,41660,9,4,2,2,724,14,2,1,4,1,0,0,0,0,6.0,5.0,5.4,7.62,10.0,0
639,244065,94244,20,8,1,3,725,5,1,0,47,1,1,0,0,0,10.0,2.5,10.0,3.625,7.0,0
503,143145,29726,14,6,1,2,494,7,2,1,29,0,0,0,0,0,9.2,3.5,7.15,6.470000000000001,8.2,0
460,30532,84544,7,5,3,2,11,12,2,0,32,1,0,0,0,0,5.800000000000001,6.5,9.2,1.0,10.0,0
839,230126,67996,23,4,2,1,959,0,2,1,11,1,0,0,0,0,10.0,6.0,9.25,8.795,4.0,0
691,223084,5111,18,5,5,3,385,4,2,1,4,1,0,0,0,0,10.0,8.5,7.2,5.925,6.4,0
833,236351,22545,2,1,2,2,923,14,1,0,0,0,0,0,0,0,1.4,5.0,1.0,4.615,10.0,0
369,86540,45168,22,7,2,3,575,13,2,1,34,1,0,0,0,0,10.0,4.0,10.0,6.875,10.0,0
704,123021,7379,14,8,5,3,175,13,1,1,24,0,0,0,0,0,10.0,8.5,6.4,4.875,10.0,0
816,23271,92346,3,9,3,2,874,13,2,1,3,1,0,0,0,0,6.6,6.5,4.05,8.370000000000001,10.0,0
419,196554,46120,5,3,3,1,338,2,2,1,8,1,0,0,0,0,3.8,7.5,5.2,5.6899999999999995,5.2,0
516,20209,22809,24,9,1,3,664,5,1,1,48,1,0,0,0,0,10.0,2.5,10.0,7.32,7.0,0
355,242071,57813,9,5,3,3,457,8,2,1,43,1,0,0,0,0,6.6,5.5,10.0,6.285,8.8,0
665,156611,79005,17,6,2,1,101,9,1,1,2,1,0,0,0,0,10.0,6.0,6.7,4.505,9.399999999999999,0
803,39977,32967,15,1,2,3,529,2,1,1,29,1,0,0,0,0,6.6,4.0,10.0,6.645,5.2,0
754,225214,14748,17,9,3,1,261,8,2,1,19,1,0,0,0,0,10.0,7.5,9.25,5.305,8.8,0
403,129920,28424,5,9,3,1,951,11,2,1,9,1,0,0,0,0,7.3999999999999995,7.5,5.35,8.754999999999999,10.0,0
376,148156,91512,18,6,3,3,621,8,1,1,19,1,0,0,0,0,10.0,5.5,9.45,7.105,8.8,0
529,119588,28914,16,8,3,1,48,14,2,1,39,1,0,0,0,0,10.0,7.5,10.0,4.24,10.0,0
557,88684,83478,17,4,1,3,445,0,2,1,2,0,0,0,0,0,9.200000000000001,2.5,3.7,6.225,4.0,0
563,143862,24491,12,5,2,3,657,1,0,1,10,1,0,0,0,0,7.800000000000001,4.0,6.9,7.285,4.6,0
630,25607,54454,6,5,3,3,371,10,2,1,14,0,0,0,0,0,5.4,5.5,3.3000000000000003,5.855,10.0,0
481,236194,75069,19,7,2,1,955,3,2,1,27,1,0,0,0,0,10.0,6.0,10.0,8.775,5.8,0
849,114786,56925,11,7,2,2,571,13,2,1,43,1,0,0,0,0,8.600000000000001,5.0,10.0,6.855,10.0,0
326,146406,94119,1,7,1,2,92,10,2,1,34,1,0,0,0,0,4.6000000000000005,3.5,8.3,4.46,10.0,0
575,203011,42049,11,5,2,2,775,10,1,1,6,1,1,0,0,0,7.4,5.0,6.1,7.875,10.0,0
598,169666,32821,11,4,5,2,717,11,1,1,32,1,0,0,0,0,6.800000000000001,9.5,10.0,7.585,10.0,0
390,209454,34945,23,8,2,3,36,6,2,1,41,1,0,0,0,0,10.0,4.0,10.0,4.18,7.6,0
779,27399,22384,3,1,2,2,598,11,0,1,48,1,0,0,0,0,1.8000000000000003,5.0,10.0,6.99,10.0,0
757,146812,33410,3,1,3,3,815,1,2,1,37,1,0,0,0,0,1.8000000000000003,5.5,9.15,8.075,4.6,0
750,176189,82734,17,6,1,3,776,6,0,0,18,1,0,0,0,0,10.0,2.5,9.1,3.88,7.6,0
664,118662,68766,15,2,4,3,30,4,0,0,43,1,0,0,0,0,7.2,7.0,10.0,1.0,6.4,0
650,53617,99890,13,3,2,3,227,9,0,1,28,1,0,0,0,0,7.0,4.0,9.8,5.135,9.399999999999999,0
699,158570,12169,16,4,4,1,54,14,2,1,1,1,0,0,0,0,8.8,9.0,6.35,4.27,10.0,0
552,122826,45129,16,2,1,2,963,6,2,1,43,1,0,0,0,0,7.6000000000000005,3.5,10.0,8.815000000000001,7.6,0
758,149851,8830,2,7,1,3,416,13,1,1,18,1,0,0,0,0,5.0,2.5,6.1,6.08,10.0,0
798,131077,61306,5,1,2,3,703,11,2,1,8,0,1,0,0,0,2.6,4.0,2.2,7.515000000000001,10.0,0
807,70624,91940,22,3,2,2,807,8,1,1,5,1,0,0,0,0,10.0,5.0,8.15,8.035,8.8,0
603,29628,70267,12,2,3,3,488,8,1,1,16,1,0,0,0,0,6.000000000000001,5.5,7.800000000000001,6.4399999999999995,8.8,0
800,151401,32757,8,9,1,3,872,2,1,1,1,1,1,0,0,0,8.6,2.5,4.75,8.36,5.2,0
465,58619,68867,20,8,3,2,665,2,2,1,38,1,0,0,0,0,10.0,6.5,10.0,7.325,5.2,0
714,27032,40650,8,3,1,2,573,12,2,1,5,1,0,0,0,0,5.0,3.5,5.35,6.865,10.0,0
761,199166,38766,7,5,3,3,772,6,2,0,13,1,0,0,0,0,5.800000000000001,5.5,6.35,3.86,7.6,0
413,58034,86478,16,3,3,2,627,4,0,0,48,1,1,0,0,0,8.2,6.5,10.0,3.135,6.4,0
732,122658,37419,15,6,2,2,818,4,2,1,25,1,0,0,0,0,9.6,5.0,9.75,8.09,6.4,0
655,141123,21668,15,5,2,2,720,4,2,1,17,1,0,0,0,0,9.0,5.0,8.55,7.6,6.4,0
506,106158,21246,18,2,3,3,346,8,1,1,5,1,0,0,0,0,8.4,5.5,7.35,5.73,8.8,0
534,75264,29996,23,8,1,3,801,14,1,0,11,1,0,0,0,0,10.0,2.5,9.25,4.005,10.0,0
741,114120,56312,15,6,1,2,157,3,2,1,37,1,0,1,0,0,9.6,3.5,10.0,4.785,5.8,0
654,67850,8065,24,3,3,1,624,5,0,0,21,1,0,0,0,0,10.0,7.5,10.0,3.12,7.0,0
814,24722,15467,13,1,5,2,420,5,2,1,13,1,0,0,0,0,5.8,9.5,7.55,6.1,7.0,0
507,37772,55646,19,5,4,2,523,12,1,1,12,1,0,0,0,0,10.0,8.0,8.6,6.615,10.0,0
424,106105,26007,13,2,2,1,777,6,2,1,8,1,0,0,0,0,6.4,6.0,6.8,7.885,7.6,0
437,192751,73079,13,2,2,2,581,1,1,1,49,1,0,0,0,0,6.4,5.0,10.0,6.904999999999999,4.6,0
638,219843,33702,13,9,5,1,828,5,1,1,41,1,0,0,0,0,10.0,10.0,10.0,8.14,7.0,0
836,24576,99369,11,7,2,3,394,12,2,1,31,1,0,0,0,0,8.600000000000001,4.0,9.85,5.97,10.0,0
367,177779,80569,5,6,2,1,491,8,2,1,9,1,0,0,0,0,5.6,6.0,5.35,6.455,8.8,0
840,119404,58952,19,1,4,2,612,2,2,1,26,1,0,0,0,0,8.200000000000001,8.0,10.0,7.0600000000000005,5.2,0
682,192704,63065,12,2,2,2,110,1,1,0,13,0,0,0,0,0,6.000000000000001,5.0,4.3500000000000005,1.0,4.6,0
318,61476,39169,15,7,1,3,123,12,1,1,8,1,0,0,0,0,10.0,2.5,7.2,4.615,10.0,0
749,181357,21829,8,3,3,1,271,7,2,1,8,1,0,0,0,0,5.0,7.5,5.8,5.355,8.2,0
373,44154,65135,1,2,1,3,431,0,2,1,25,1,0,0,0,0,1.6,2.5,6.95,6.154999999999999,4.0,0
575,171126,9522,21,6,2,3,63,10,2,1,31,1,0,0,0,0,10.0,4.0,10.0,4.315,10.0,0
347,37165,90687,2,8,2,3,197,7,2,1,40,1,0,0,0,0,5.6,4.0,9.4,4.985,8.2,0
510,34439,40319,9,8,2,3,548,4,2,1,34,0,0,0,0,0,8.4,4.0,6.8999999999999995,6.74,6.4,0
839,138211,31543,19,2,5,1,761,8,2,1,25,1,0,0,0,0,8.8,10.0,10.0,7.805,8.8,0
490,64518,35473,1,6,2,1,601,8,1,1,40,1,0,0,0,0,3.9999999999999996,6.0,9.2,7.005,8.8,0
614,239123,12699,23,5,2,3,199,3,2,1,44,0,0,0,0,0,10.0,4.0,10.0,4.995,5.8,0
412,46962,73165,9,7,1,2,840,0,2,1,41,1,0,0,0,0,7.800000000000001,3.5,10.0,8.2,4.0,0
469,205006,45455,7,4,3,2,876,4,2,1,2,0,0,0,1,0,5.2,6.5,1.7000000000000002,8.379999999999999,2.4,0
767,57763,80692,16,2,3,3,612,6,1,1,29,1,0,0,0,0,7.6000000000000005,5.5,10.0,7.0600000000000005,7.6,0
313,136189,22441,21,3,2,3,556,8,1,1,28,1,0,0,0,0,10.0,4.0,10.0,6.779999999999999,8.8,0
587,130290,35716,0,9,2,3,67,9,2,1,19,1,0,1,0,0,5.3999999999999995,4.0,5.85,4.335,9.399999999999999,0
488,215166,67175,5,8,3,3,512,8,2,0,3,1,0,0,0,0,6.8,5.5,4.45,2.56,8.8,0
454,130814,11834,6,9,2,3,198,8,2,1,13,1,0,0,0,0,7.8,4.0,6.15,4.99,8.8,0
770,39464,23179,14,5,1,3,774,5,2,1,44,1,0,0,0,0,8.600000000000001,2.5,10.0,7.87,7.0,0
374,193108,31219,17,5,2,2,557,1,2,1,38,1,0,0,0,0,9.8,5.0,10.0,6.785,4.6,0
576,143980,20782,8,7,2,3,879,4,1,1,20,0,0,0,0,0,7.4,4.0,4.6,8.395,6.4,0
642,247021,86363,7,7,5,2,613,2,0,0,6,0,0,0,0,0,7.0,9.5,2.3,3.065,5.2,0
724,184342,79967,24,1,3,3,577,11,2,1,5,0,0,0,0,0,10.0,5.5,5.550000000000001,6.885,10.0,0
810,62299,14496,9,5,3,2,588,5,2,1,39,1,0,0,0,0,6.6,6.5,10.0,6.9399999999999995,7.0,0
481,236877,93867,3,8,4,1,322,10,2,1,5,1,0,0,0,0,6.0,9.0,4.35,5.61,10.0,0
757,51541,44238,19,7,3,3,178,4,2,1,24,1,0,0,0,0,10.0,5.5,10.0,4.89,6.4,0
363,93545,51025,7,2,4,2,808,12,2,1,3,1,0,0,0,0,4.0,8.0,4.85,8.04,10.0,0
559,233615,64886,0,8,1,3,140,13,1,1,36,0,0,0,0,0,4.8,2.5,5.3999999999999995,4.7,10.0,0
492,243070,28563,7,2,2,3,687,9,2,1,24,1,0,0,0,0,4.0,4.0,8.0,7.4350000000000005,9.399999999999999,0
705,149188,8712,22,1,3,3,958,10,0,0,17,1,0,1,0,0,9.4,5.5,9.95,4.79,10.0,0
392,228150,99067,11,3,2,1,573,0,1,1,33,1,0,0,0,0,6.2,6.0,10.0,6.865,4.0,0
729,234042,50489,22,3,1,2,161,9,2,1,24,1,0,0,0,0,10.0,3.5,10.0,4.805,9.399999999999999,0
733,49765,37664,24,6,2,3,931,9,2,1,21,1,0,0,0,0,10.0,4.0,10.0,8.655000000000001,9.399999999999999,0
703,43769,17420,14,3,2,2,114,11,2,1,45,1,1,0,0,0,7.4,5.0,10.0,4.57,10.0,0
733,239073,59610,12,7,2,2,376,1,2,1,13,1,0,0,0,0,9.0,5.0,7.3500000000000005,5.88,4.6,0
411,238476,10315,15,8,2,2,101,10,0,1,36,1,0,0,0,0,10.0,5.0,10.0,4.505,10.0,0
674,40156,75917,22,3,2,3,722,4,1,1,10,1,0,0,0,0,10.0,4.0,8.9,7.609999999999999,6.4,0
358,236908,80033,17,9,4,3,814,13,1,1,26,1,0,0,0,0,10.0,7.0,10.0,8.07,10.0,0
342,201553,99576,0,1,3,1,894,11,0,1,25,1,0,0,0,0,1.0,7.5,6.75,8.469999999999999,10.0,0
506,164507,84030,16,3,3,3,740,5,1,1,34,1,0,0,0,0,8.2,5.5,10.0,7.7,7.0,0
595,220722,68910,15,3,4,3,441,13,1,1,15,1,0,0,0,0,7.8,7.0,8.25,6.205,10.0,0
417,197408,65972,22,7,2,3,588,0,2,1,39,0,0,0,0,0,10.0,4.0,10.0,6.9399999999999995,4.0,0
831,187207,95893,4,5,2,2,690,6,1,1,19,1,0,1,0,0,4.6,5.0,6.65,7.45,7.6,0
521,93631,60919,19,4,1,3,314,2,2,1,14,1,0,0,0,0,10.0,2.5,8.9,5.57,5.2,0
465,57909,87486,20,2,4,2,37,0,2,1,13,1,0,0,0,0,9.2,8.0,8.95,4.185,4.0,0
455,89487,86288,9,7,1,3,297,6,2,1,45,1,0,0,0,0,7.800000000000001,2.5,10.0,5.485,7.6,0
483,172540,9132,5,3,3,3,364,6,2,1,7,1,0,0,0,0,3.8,5.5,5.05,5.82,7.6,0
389,243681,46598,11,7,2,3,976,9,2,0,23,1,0,0,0,0,8.600000000000001,4.0,8.65,4.88,9.399999999999999,0
393,67655,98812,9,7,4,2,848,2,1,1,32,1,0,1,0,0,7.800000000000001,8.0,9.6,8.24,5.2,0
312,185413,25551,21,2,2,3,990,5,2,0,15,1,0,1,0,0,9.6,4.0,9.45,4.95,7.0,0
737,215254,97511,16,7,3,1,553,14,2,1,26,1,0,0,0,0,10.0,7.5,10.0,6.765000000000001,10.0,0
837,71786,73206,1,6,2,1,687,3,1,1,27,1,0,0,0,0,3.9999999999999996,6.0,7.25,7.4350000000000005,5.8,0
449,88304,79900,18,4,2,3,413,13,2,1,43,1,0,0,0,0,9.6,4.0,10.0,6.0649999999999995,10.0,0
307,123606,31296,19,5,2,3,145,3,2,1,13,1,0,0,0,0,10.0,4.0,8.75,4.725,5.8,0
328,197586,95216,5,8,5,2,77,8,0,1,8,1,0,0,0,0,6.8,9.5,5.2,4.385,8.8,0
595,140938,23066,12,5,2,2,163,12,2,1,45,1,0,0,0,0,7.800000000000001,5.0,10.0,4.8149999999999995,10.0,0
639,185051,33892,8,3,4,1,472,6,2,0,12,1,0,0,0,0,5.0,9.0,6.4,2.36,7.6,0
738,241959,80577,11,2,3,3,335,5,2,1,21,0,0,1,0,0,5.6000000000000005,5.5,5.35,5.675,7.0,0
443,100981,79590,17,6,3,3,825,11,1,1,29,1,0,1,0,0,10.0,5.5,10.0,8.125,10.0,0
818,75107,82173,7,6,2,3,105,8,2,1,31,0,0,0,0,0,6.4,4.0,6.05,4.525,8.8,0
344,152232,81293,24,7,2,2,206,12,2,1,15,1,0,0,0,0,10.0,5.0,10.0,5.03,10.0,0
538,107897,69771,17,8,1,3,117,2,2,1,24,1,0,0,0,0,10.0,2.5,10.0,4.585,5.2,0
454,92577,32484,24,4,5,3,55,11,2,1,48,1,0,0,0,0,10.0,8.5,10.0,4.275,10.0,0
480,235375,82865,22,8,5,3,195,3,2,1,22,0,0,0,0,0,10.0,8.5,7.7,4.975,5.8,0
514,161918,32115,24,1,3,3,463,13,1,1,36,1,0,0,0,0,10.0,5.5,10.0,6.3149999999999995,10.0,0
387,124180,31038,21,6,2,3,332,13,1,1,27,1,0,0,0,0,10.0,4.0,10.0,5.66,10.0,0
555,39924,41622,1,6,2,3,294,8,1,1,2,1,0,0,0,1,3.9999999999999996,4.0,3.5,5.47,8.8,0
810,131193,40886,7,3,5,3,92,3,2,1,22,1,0,0,0,0,4.6,8.5,7.7,4.46,5.8,0
372,164954,56284,9,9,1,2,659,6,0,1,32,1,0,0,1,0,9.0,3.5,9.6,7.295,3.5999999999999996,0
478,231346,14901,8,5,3,3,336,8,2,1,38,1,0,0,0,0,6.2,5.5,10.0,5.68,8.8,0
511,237627,61377,23,1,2,3,758,3,1,1,24,1,0,0,0,0,9.8,4.0,10.0,7.79,5.8,0
533,21095,87910,17,7,2,3,458,8,2,1,24,0,0,0,0,0,10.0,4.0,7.0,6.29,8.8,0
764,124205,54862,7,3,3,2,330,14,0,1,38,1,0,0,0,0,4.6,6.5,10.0,5.65,10.0,0
522,192055,37806,18,4,1,2,154,6,1,1,20,0,0,0,0,0,9.6,3.5,6.6,4.77,7.6,0
563,34123,22659,2,6,2,3,287,3,2,1,30,0,0,0,0,0,4.3999999999999995,4.0,4.9,5.4350000000000005,5.8,0
506,244740,28453,8,8,5,3,621,2,2,1,48,1,0,0,0,0,8.0,8.5,10.0,7.105,5.2,0
665,217687,35498,12,4,3,3,23,5,2,1,29,0,0,0,0,0,7.200000000000001,5.5,6.75,4.115,7.0,0
575,246265,75393,8,9,3,1,271,2,2,1,38,1,0,0,0,0,8.6,7.5,10.0,5.355,5.2,0
679,65278,21312,24,8,3,2,423,6,2,1,44,1,0,0,0,0,10.0,6.5,10.0,6.115,7.6,0
608,117911,6436,19,6,1,1,503,0,0,1,44,1,0,0,0,0,10.0,4.5,10.0,6.515000000000001,4.0,0
567,241362,32569,11,7,2,1,56,6,1,1,41,1,0,0,0,0,8.600000000000001,6.0,10.0,4.28,7.6,0
363,71999,63813,22,8,2,2,746,2,2,1,33,1,0,0,0,0,10.0,5.0,10.0,7.73,5.2,0
649,51153,95485,12,2,2,3,925,8,2,1,37,1,0,0,0,0,6.000000000000001,4.0,10.0,8.625,8.8,0
793,38344,78229,7,5,2,3,665,5,2,1,6,1,0,0,0,0,5.800000000000001,4.0,5.3,7.325,7.0,0
822,57656,50986,14,7,3,2,205,6,2,1,26,0,1,0,0,0,9.8,6.5,6.7,5.025,7.6,0
397,221587,58177,12,8,1,3,299,8,1,1,12,1,0,0,0,0,9.600000000000001,2.5,7.2,5.495,8.8,0
370,21212,14305,20,5,3,3,778,5,2,1,28,1,0,0,0,0,10.0,5.5,10.0,7.890000000000001,7.0,0
663,140385,37646,12,3,1,3,982,9,2,1,22,1,0,0,0,0,6.6000000000000005,2.5,8.7,8.91,9.399999999999999,0
575,160073,97838,16,6,1,3,441,10,2,1,7,1,0,0,0,0,10.0,2.5,7.25,6.205,10.0,0
349,98784,81126,14,5,2,1,529,1,2,1,20,0,0,0,0,0,8.600000000000001,6.0,5.800000000000001,6.645,4.6,0
657,118723,45430,24,8,3,2,799,14,1,1,12,1,0,0,0,0,10.0,6.5,9.600000000000001,7.995,10.0,0
784,101144,73659,21,9,1,1,333,5,0,1,25,1,0,0,0,0,10.0,4.5,10.0,5.665,7.0,0
383,187499,9158,18,9,2,3,811,5,0,1,42,1,0,0,0,0,10.0,4.0,10.0,8.055,7.0,0
595,51368,79236,2,6,3,3,965,1,2,1,9,0,0,0,0,0,4.3999999999999995,5.5,1.75,8.825,4.6,0
535,221891,81067,13,4,2,2,438,6,1,1,28,1,0,0,0,0,7.6,5.0,9.8,6.1899999999999995,7.6,0
355,81160,32738,9,4,2,3,302,13,2,1,26,0,0,0,0,0,6.0,4.0,5.7,5.51,10.0,0
659,176926,14879,16,9,4,2,386,11,2,1,3,1,0,0,0,0,10.0,8.0,6.65,5.93,10.0,0
409,30715,10543,7,4,2,3,544,8,0,1,41,1,0,0,0,0,5.2,4.0,10.0,6.720000000000001,8.8,0
491,232773,52924,17,8,1,1,93,12,2,1,30,1,0,0,0,0,10.0,4.5,10.0,4.465,10.0,0
392,78784,47348,11,9,3,1,776,9,2,1,16,1,0,0,0,0,9.8,7.5,7.6,7.88,9.399999999999999,0
359,149193,89117,16,5,2,2,382,3,2,1,7,1,0,1,0,0,9.4,5.0,7.25,5.91,5.8,0
338,119644,41679,22,6,1,1,33,10,2,1,36,1,0,0,0,0,10.0,4.5,10.0,4.165,10.0,0
839,46797,84118,10,3,1,3,996,4,2,1,19,1,0,0,0,0,5.8,2.5,7.85,8.98,6.4,0
348,67573,48888,8,5,1,1,918,5,1,1,46,1,0,0,0,0,6.2,4.5,10.0,8.59,7.0,0
719,96120,35276,21,5,1,3,334,0,1,1,9,0,0,0,0,0,10.0,2.5,5.55,5.67,4.0,0
312,34780,9799,23,2,2,1,857,7,1,1,49,1,0,0,0,0,10.0,6.0,10.0,8.285,8.2,0
335,57905,95627,23,6,2,2,325,11,1,1,43,0,0,0,0,0,10.0,5.0,10.0,5.625,10.0,0
400,172645,98770,24,9,2,3,559,12,2,1,33,1,0,0,0,0,10.0,4.0,10.0,6.795,10.0,0
385,136049,95141,22,7,4,3,953,8,1,1,38,1,0,0,0,0,10.0,7.0,10.0,8.765,8.8,0
815,149651,65558,24,8,3,2,230,0,2,0,10,0,0,0,0,0,10.0,6.5,6.300000000000001,1.15,4.0,0
522,53359,41534,14,2,4,3,931,12,2,1,46,1,0,0,0,0,6.800000000000001,7.0,10.0,8.655000000000001,10.0,0
637,86062,36668,8,9,2,3,223,3,2,1,11,1,0,0,0,0,8.6,4.0,6.25,5.115,5.8,0
465,93391,9111,11,3,1,2,481,5,2,1,9,1,0,0,0,0,6.2,3.5,6.55,6.404999999999999,7.0,0
682,63463,29686,10,5,2,3,854,12,0,1,12,1,0,0,0,0,7.0,4.0,6.8,8.27,10.0,0
675,119596,77551,16,7,3,2,500,9,2,1,33,0,0,0,0,0,10.0,6.5,8.15,6.5,9.399999999999999,0
770,115018,77392,5,4,1,2,94,0,2,1,29,0,0,0,0,0,4.4,3.5,5.35,4.47,4.0,0
330,36571,21490,7,7,1,3,394,2,0,1,14,1,0,0,0,0,7.0,2.5,6.5,5.97,5.2,0
674,248348,40194,9,8,2,2,13,13,1,1,7,0,0,0,0,0,8.4,5.0,2.85,4.065,10.0,0
310,170214,19497,24,4,2,1,716,6,0,0,37,1,0,0,0,0,10.0,6.0,10.0,3.58,7.6,0
601,45104,58516,14,5,2,1,123,14,2,1,35,1,0,0,0,0,8.600000000000001,6.0,10.0,4.615,10.0,0
395,28625,93730,3,3,1,3,224,7,1,1,39,1,0,0,1,0,3.0,2.5,9.45,5.12,4.2,0
489,59199,49104,17,5,2,3,345,12,2,1,21,1,0,0,0,0,9.8,4.0,9.55,5.725,10.0,0
752,140725,10316,10,8,3,2,886,7,2,1,4,1,0,0,0,0,8.8,6.5,5.6,8.43,8.2,0
491,166998,43130,8,3,2,3,662,4,1,1,31,0,0,0,0,0,5.0,4.0,6.25,7.3100000000000005,6.4,0
785,51218,75229,8,5,3,2,176,0,2,1,19,1,0,0,0,0,6.2,6.5,7.45,4.88,4.0,0
565,195544,34954,7,1,2,3,296,0,0,1,22,1,0,0,0,0,3.4000000000000004,4.0,7.7,5.48,4.0,0
723,111916,26652,2,2,2,3,929,7,1,1,39,1,0,0,0,0,2.0,4.0,9.25,8.645,8.2,0
427,143182,19178,20,3,2,3,504,4,1,1,45,1,0,0,0,0,9.8,4.0,10.0,6.52,6.4,0
537,40566,56163,17,1,2,3,393,14,2,1,48,1,0,0,0,0,7.4,4.0,10.0,5.965,10.0,0
654,207197,19751,13,9,1,3,856,10,2,1,1,0,0,1,0,0,10.0,2.5,2.75,8.280000000000001,10.0,0
411,53205,70961,2,9,2,2,526,8,1,1,18,1,0,0,0,0,6.199999999999999,5.0,6.1,6.63,8.8,0
745,129084,8044,16,5,2,3,136,0,0,1,25,1,0,0,0,0,9.4,4.0,9.95,4.68,4.0,0
642,49717,68165,3,4,1,2,442,1,2,1,35,1,0,0,0,0,3.6,3.5,8.85,6.21,4.6,0
444,201056,16480,20,5,2,2,95,3,2,1,13,0,0,0,0,0,10.0,5.0,5.95,4.475,5.8,0
364,127292,70439,17,4,2,2,607,9,1,1,6,0,0,0,0,0,9.200000000000001,5.0,4.300000000000001,7.035,9.399999999999999,0
546,176207,48874,14,5,1,1,916,10,2,0,15,1,0,0,0,0,8.600000000000001,4.5,8.05,4.58,10.0,0
789,179236,71775,18,7,2,3,545,6,2,1,9,1,0,0,0,0,10.0,4.0,7.95,6.725,7.6,0
738,225561,11566,21,8,5,3,54,3,0,0,42,1,0,0,0,0,10.0,8.5,10.0,1.0,5.8,0
405,58562,90311,5,2,2,1,979,7,0,1,21,1,0,0,0,0,3.2,6.0,7.15,8.895,8.2,0
480,220182,58149,14,4,2,2,632,6,1,0,25,1,0,0,0,0,8.0,5.0,9.55,3.16,7.6,0
483,40169,8006,6,8,3,2,299,4,2,1,4,1,0,0,0,0,7.2,6.5,4.800000000000001,5.495,6.4,0
525,210930,77561,11,7,3,3,916,6,1,1,11,1,0,0,0,0,8.600000000000001,5.5,6.85,8.58,7.6,0
388,41604,24423,15,9,4,2,706,7,2,1,23,1,0,0,0,0,10.0,8.0,9.45,7.529999999999999,8.2,0
829,109670,95710,8,5,4,1,244,2,2,1,23,0,0,0,0,0,6.2,9.0,5.05,5.22,5.2,0
670,134605,97199,19,6,3,3,166,2,2,1,14,1,0,1,0,0,10.0,5.5,8.9,4.83,5.2,0
698,108738,38952,4,8,5,3,415,1,1,1,23,1,0,0,0,0,6.4,8.5,7.25,6.075,4.6,0
405,151756,32326,10,5,2,1,682,3,2,1,23,1,0,0,1,0,7.0,6.0,8.45,7.41,1.7999999999999998,0
570,148140,36139,1,9,3,2,514,10,2,1,41,1,0,0,0,0,5.8,6.5,9.35,6.57,10.0,0
802,122537,67103,21,4,4,3,721,3,2,0,25,1,0,0,0,0,10.0,7.0,10.0,3.605,5.8,0
824,131301,65857,15,8,3,1,131,14,2,1,33,1,0,1,0,0,10.0,7.5,10.0,4.655,10.0,0
331,28007,78638,3,3,5,2,954,13,2,1,17,1,0,0,0,0,3.0,9.5,6.15,8.77,10.0,0
692,134915,77652,4,5,1,3,233,14,2,1,42,0,0,0,0,0,4.6,2.5,7.1,5.165,10.0,0
339,137419,17937,6,8,2,3,886,12,2,1,36,1,0,0,0,0,7.2,4.0,9.6,8.43,10.0,0
517,61787,35161,5,7,5,2,32,3,0,1,5,1,0,0,0,1,6.2,9.5,4.75,4.16,5.8,0
381,69582,9383,23,1,2,2,206,1,2,1,44,1,0,0,0,0,9.8,5.0,10.0,5.03,4.6,0
500,225863,90856,21,4,3,2,488,6,2,1,24,1,0,0,0,0,10.0,6.5,10.0,6.4399999999999995,7.6,0
746,248870,75043,9,2,1,3,294,9,1,1,16,1,0,0,0,0,4.8,2.5,7.2,5.47,9.399999999999999,0
727,103629,19735,13,2,3,1,527,2,2,1,15,0,0,0,0,0,6.4,7.5,4.85,6.635,5.2,0
337,25782,64919,7,7,4,3,317,11,2,1,28,1,0,0,0,0,7.0,7.0,8.600000000000001,5.585,10.0,0
510,86770,87055,13,3,2,3,354,14,1,1,0,1,0,0,0,0,7.0,4.0,5.6,5.77,10.0,0
743,77645,72561,13,3,1,3,610,9,2,1,44,1,0,0,0,0,7.0,2.5,10.0,7.05,9.399999999999999,0
626,123509,90455,19,6,1,3,899,0,1,1,41,1,0,0,0,0,10.0,2.5,10.0,8.495000000000001,4.0,0
526,183068,42622,22,6,4,2,407,1,2,1,44,1,0,0,0,0,10.0,8.0,10.0,6.035,4.6,0
347,49204,43135,2,1,3,2,794,4,1,1,19,1,0,0,0,0,1.4,6.5,6.25,7.970000000000001,6.4,0
317,37152,40658,0,1,1,2,473,8,2,1,25,1,0,0,0,0,1.0,3.5,6.75,6.365,8.8,0
738,206258,89677,8,6,1,3,805,3,1,1,20,1,0,0,0,0,6.8,2.5,7.6,8.025,5.8,0
486,110555,34696,8,7,3,3,786,5,0,0,49,1,0,0,0,0,7.4,5.5,10.0,3.93,7.0,0
644,236096,8773,21,9,3,3,124,2,1,1,49,1,0,0,0,0,10.0,5.5,10.0,4.62,5.2,0
523,39689,29956,1,4,1,2,645,8,2,1,26,1,0,0,0,0,2.8,3.5,7.1,7.225,8.8,0
787,201762,20819,15,6,2,3,459,1,1,1,35,1,0,1,0,1,9.6,4.0,10.0,6.295,4.6,0
528,245114,6528,7,3,3,3,781,7,2,1,34,1,0,0,0,0,4.6,5.5,9.5,7.904999999999999,8.2,0
689,103251,91491,5,4,2,3,413,14,2,1,15,1,0,0,0,0,4.4,4.0,6.25,6.0649999999999995,10.0,0
487,208392,49588,22,9,5,3,690,14,2,1,28,0,0,0,1,0,10.0,8.5,8.600000000000001,7.45,8.4,0
569,215298,75585,12,1,2,3,557,10,2,1,6,0,0,0,0,0,5.4,4.0,3.3000000000000003,6.785,10.0,0
609,207163,25511,0,5,3,3,238,13,1,0,6,1,0,0,0,0,3.0,5.5,3.9,1.19,10.0,0
431,126565,15119,18,7,2,2,655,13,1,0,33,1,0,0,0,0,10.0,5.0,10.0,3.275,10.0,0
371,230373,80893,14,3,4,1,253,2,1,1,47,1,0,0,0,0,7.4,9.0,10.0,5.265,5.2,0
486,173014,21167,0,2,2,2,74,7,2,1,4,0,0,0,0,0,1.2,5.0,1.0,4.37,8.2,0
785,58712,61503,9,2,2,2,246,2,2,0,7,1,0,0,0,0,4.8,5.0,5.85,1.23,5.2,0
490,216349,92789,0,1,2,3,955,10,1,1,7,1,0,0,0,0,1.0,4.0,4.05,8.775,10.0,0
721,69632,39889,11,5,4,3,969,11,2,1,42,1,0,0,0,0,7.4,7.0,10.0,8.844999999999999,10.0,0
419,189103,50678,10,3,2,3,12,11,1,1,28,1,0,0,0,0,5.8,4.0,9.2,4.06,10.0,0
519,40478,65262,16,7,2,1,509,3,1,0,9,1,0,0,0,0,10.0,6.0,7.55,2.545,5.8,0
352,42551,9681,3,1,2,1,46,14,2,1,0,1,0,0,0,0,1.8000000000000003,6.0,3.6,4.23,10.0,0
750,68068,85291,22,9,1,1,630,7,1,1,37,1,0,0,0,0,10.0,4.5,10.0,7.15,8.2,0
711,113608,71008,6,2,1,2,259,9,2,1,27,1,0,0,0,0,3.6000000000000005,3.5,8.25,5.295,9.399999999999999,0
536,55561,18690,11,8,2,3,12,3,2,1,6,1,0,1,0,0,9.2,4.0,6.1,4.06,5.8,0
705,153964,30912,12,4,3,2,244,10,1,1,16,1,0,0,0,0,7.200000000000001,6.5,7.800000000000001,5.22,10.0,0
721,44395,11473,4,6,3,2,426,8,2,1,47,1,0,0,0,0,5.199999999999999,6.5,10.0,6.13,8.8,0
546,38756,46298,5,9,3,1,964,8,2,1,45,1,0,0,0,0,7.3999999999999995,7.5,10.0,8.82,8.8,0
371,238782,23669,1,7,4,3,260,5,1,1,23,1,0,0,0,0,4.6000000000000005,7.0,6.65,5.3,7.0,0
484,185723,86998,20,8,2,3,152,0,1,1,34,1,0,0,0,0,10.0,4.0,10.0,4.76,4.0,0
305,86333,25943,6,7,3,2,769,8,1,1,8,0,0,0,0,0,6.6000000000000005,6.5,2.4000000000000004,7.845000000000001,8.8,0
505,224817,43785,13,2,1,3,65,8,2,1,41,1,0,0,0,0,6.4,2.5,10.0,4.325,8.8,0
843,200378,68427,24,9,1,3,70,13,2,0,2,0,0,0,0,0,10.0,2.5,5.1000000000000005,1.0,10.0,0
686,172418,67001,21,1,1,2,77,12,2,1,43,1,0,0,0,0,9.0,3.5,10.0,4.385,10.0,0
375,133561,66724,13,2,2,2,88,6,2,1,3,1,0,0,0,0,6.4,5.0,6.05,4.44,7.6,0
476,48024,15832,9,3,2,2,336,8,2,1,31,0,0,1,0,0,5.4,5.0,6.449999999999999,5.68,8.8,0
648,246022,10385,3,3,2,2,376,7,0,0,43,1,0,0,0,0,3.0,5.0,10.0,1.88,8.2,0
554,191890,19708,2,4,3,3,717,8,2,1,12,1,0,0,0,0,3.2,5.5,5.199999999999999,7.585,8.8,0
607,25947,63600,24,5,2,1,967,8,1,1,23,1,0,0,0,0,10.0,6.0,10.0,8.835,8.8,0
644,226225,28438,22,6,2,2,716,6,1,1,6,1,0,0,0,0,10.0,5.0,8.3,7.58,7.6,0
426,237312,87747,13,1,2,2,544,5,2,1,18,1,0,0,0,0,5.8,5.0,8.3,6.720000000000001,7.0,0
586,147192,85107,5,8,1,2,535,1,2,0,26,0,0,0,0,0,6.8,3.5,4.9,2.675,4.6,0
786,114238,65062,22,6,1,3,399,12,2,1,49,1,0,0,0,0,10.0,2.5,10.0,5.995,10.0,0
682,87428,70428,14,9,2,2,298,6,1,1,26,1,0,0,0,0,10.0,5.0,9.7,5.49,7.6,0
705,180826,91843,7,5,1,1,530,0,2,1,17,1,0,0,0,0,5.800000000000001,4.5,6.95,6.65,4.0,0
687,83355,16002,4,7,3,3,661,5,2,1,29,0,0,0,0,0,5.800000000000001,5.5,5.1499999999999995,7.305,7.0,0
824,209313,41153,2,4,3,2,763,5,2,1,27,1,0,0,0,0,3.2,6.5,7.45,7.8149999999999995,7.0,0
575,220032,27440,2,6,2,1,262,11,2,1,28,1,0,0,0,0,4.3999999999999995,6.0,7.6000000000000005,5.3100000000000005,10.0,0
799,149958,72501,12,6,2,2,748,14,1,1,8,1,0,0,0,0,8.4,5.0,6.6000000000000005,7.74,10.0,0
636,164490,37556,1,4,3,2,894,6,2,1,38,0,0,0,0,0,2.8,6.5,5.9,8.469999999999999,7.6,0
780,246494,72963,23,6,2,2,104,1,2,1,38,0,0,0,0,0,10.0,5.0,10.0,4.52,4.6,0
572,239665,95725,0,8,1,2,700,13,2,1,20,1,0,0,1,0,4.8,3.5,6.0,7.5,7.8,0
357,206256,95674,11,5,2,1,12,13,0,1,44,1,0,0,0,0,7.4,6.0,10.0,4.06,10.0,0
627,155905,11563,7,2,3,3,705,12,1,0,37,1,0,1,0,0,4.0,5.5,9.95,3.525,10.0,0
408,226502,84923,18,9,2,1,55,11,2,1,6,1,0,0,0,0,10.0,6.0,7.5,4.275,10.0,0
578,192905,10840,8,4,3,3,813,3,1,1,44,1,0,0,0,0,5.6,5.5,10.0,8.065000000000001,5.8,0
627,151637,20154,13,4,1,2,662,1,1,1,24,1,0,0,0,0,7.6,3.5,9.2,7.3100000000000005,4.6,0
614,191252,29194,17,7,2,3,534,13,1,1,25,0,0,0,0,0,10.0,4.0,7.15,6.67,10.0,0
773,38402,70020,9,6,2,3,707,3,1,1,5,1,0,1,0,0,7.199999999999999,4.0,5.55,7.535,5.8,0
410,193917,51861,8,4,3,2,491,2,0,1,48,1,0,0,0,0,5.6,6.5,10.0,6.455,5.2,0
528,95851,27448,5,6,4,3,606,1,1,1,19,1,0,0,0,0,5.6,7.0,6.85,7.029999999999999,4.6,0
796,32834,28528,0,3,2,3,427,1,2,1,17,1,0,0,0,0,1.7999999999999998,4.0,5.55,6.135,4.6,0
455,87850,34402,4,7,1,2,52,2,0,0,19,1,0,0,0,0,5.800000000000001,3.5,6.65,1.0,5.2,0
772,57180,9352,9,6,2,3,905,9,2,1,39,1,0,0,0,0,7.199999999999999,4.0,10.0,8.525,9.399999999999999,0
571,154955,5184,24,3,1,1,677,11,2,0,17,0,0,0,0,0,10.0,4.5,7.3500000000000005,3.385,10.0,0
301,129688,15384,12,1,2,2,705,3,2,1,46,1,0,0,0,0,5.4,5.0,10.0,7.525,5.8,0
810,226659,19319,21,5,2,3,568,6,1,1,0,0,0,0,0,0,10.0,4.0,4.2,6.84,7.6,0
585,126520,25449,22,2,5,2,940,3,2,1,32,0,0,0,0,0,10.0,9.5,9.2,8.7,5.8,0
312,31695,61333,3,7,2,3,215,10,2,1,38,1,0,0,0,0,5.4,4.0,9.3,5.075,10.0,0
797,147135,46205,0,7,2,3,731,6,1,1,47,1,0,0,0,0,4.2,4.0,10.0,7.654999999999999,7.6,0
537,174195,15426,20,4,1,3,284,3,2,1,22,1,0,0,0,0,10.0,2.5,10.0,5.42,5.8,0
393,78481,12504,1,6,1,2,604,2,1,1,13,1,0,0,0,0,3.9999999999999996,3.5,5.15,7.02,5.2,0
637,93438,61578,23,1,1,3,106,7,1,1,27,1,0,0,0,0,9.8,2.5,10.0,4.53,8.2,0
470,131491,63209,3,2,3,2,188,2,2,1,20,1,0,0,0,0,2.4000000000000004,6.5,6.6,4.9399999999999995,5.2,0
766,168645,38368,16,6,1,2,876,10,1,1,43,1,0,0,0,0,10.0,3.5,10.0,8.379999999999999,10.0,0
442,141844,57185,9,2,5,3,157,14,2,1,36,0,0,0,0,0,4.8,8.5,7.199999999999999,4.785,10.0,0
500,114910,85221,22,4,2,3,806,7,2,0,6,1,0,0,0,0,10.0,4.0,8.3,4.03,8.2,0
479,76494,13724,11,4,2,2,393,1,1,1,11,1,0,0,0,0,6.800000000000001,5.0,6.85,5.965,4.6,0
663,163360,10084,1,9,2,3,81,12,1,1,36,1,0,0,0,0,5.8,4.0,8.6,4.405,10.0,0
778,66978,39810,2,7,3,2,226,13,2,1,38,1,0,0,0,0,5.0,6.5,9.100000000000001,5.13,10.0,0
770,223492,87277,13,7,2,3,730,2,2,1,27,1,0,0,0,0,9.4,4.0,9.65,7.65,5.2,0
683,137845,87297,24,1,2,3,842,3,2,1,6,1,0,0,0,0,10.0,4.0,8.700000000000001,8.21,5.8,0
716,150621,83872,14,5,2,2,815,2,2,1,44,1,0,0,0,0,8.600000000000001,5.0,10.0,8.075,5.2,0
607,227167,25872,12,3,4,2,442,5,2,0,16,0,0,0,0,0,6.6000000000000005,8.0,4.800000000000001,2.21,7.0,0
666,74672,83950,8,3,2,3,645,8,2,1,36,1,0,0,0,0,5.0,4.0,10.0,7.225,8.8,0
300,81821,75333,1,6,2,2,510,9,1,1,13,1,0,0,0,0,3.9999999999999996,5.0,5.15,6.55,9.399999999999999,0
343,103661,73843,18,4,2,3,871,7,2,1,42,0,0,0,0,1,9.6,4.0,9.9,8.355,8.2,0
397,89224,7596,15,8,1,1,677,3,2,1,3,1,0,0,1,0,10.0,4.5,6.45,7.385,1.7999999999999998,0
564,109405,22167,10,4,1,2,42,1,2,1,21,1,0,0,0,0,6.4,3.5,8.15,4.21,4.6,0
439,74796,92844,11,8,1,1,790,9,1,1,48,1,0,0,0,0,9.2,4.5,10.0,7.95,9.399999999999999,0
780,195778,94751,24,4,3,1,225,0,2,0,16,1,0,0,0,0,10.0,7.5,10.0,1.125,4.0,0
536,148554,82331,0,3,2,3,949,10,2,1,34,1,0,0,0,0,1.7999999999999998,4.0,8.1,8.745000000000001,10.0,0
371,143777,85520,1,5,3,2,110,3,1,1,45,1,0,0,0,0,3.4,6.5,9.95,4.55,5.8,0
489,24023,63326,15,5,3,3,479,4,2,1,31,1,0,0,0,0,9.0,5.5,10.0,6.395,6.4,0
567,233708,82670,1,1,1,3,189,1,2,1,37,1,0,0,0,0,1.0,2.5,8.75,4.945,4.6,0
620,187807,15782,18,8,2,2,648,13,2,1,30,0,0,0,0,0,10.0,5.0,8.1,7.24,10.0,0
406,92959,47002,9,8,3,3,342,12,2,1,24,0,0,0,0,0,8.4,5.5,5.3999999999999995,5.71,10.0,0
531,59218,92187,18,8,3,3,497,12,1,1,9,1,0,0,0,0,10.0,5.5,7.95,6.484999999999999,10.0,0
341,163285,29022,9,4,3,3,469,14,2,1,48,0,1,0,0,0,6.0,5.5,9.0,6.345000000000001,10.0,0
438,249766,89458,15,9,3,3,386,2,2,1,1,1,0,0,0,0,10.0,5.5,6.15,5.93,5.2,0
572,48460,19618,12,3,1,2,690,12,2,1,26,1,0,0,0,0,6.6000000000000005,3.5,9.3,7.45,10.0,0
780,144579,22245,15,7,3,3,826,3,1,1,11,1,0,0,0,0,10.0,5.5,7.65,8.129999999999999,5.8,0
715,84680,88796,17,6,2,2,887,2,2,1,15,1,0,0,0,0,10.0,5.0,8.65,8.434999999999999,5.2,0
805,51017,15027,23,9,2,2,144,7,2,1,15,1,0,0,0,0,10.0,5.0,9.850000000000001,4.72,8.2,0
723,249608,18986,7,4,2,3,813,13,0,1,2,1,0,0,1,0,5.2,4.0,4.7,8.065000000000001,7.8,0
706,112038,8526,23,4,3,2,614,12,1,1,24,1,0,0,0,0,10.0,6.5,10.0,7.07,10.0,0
689,182062,96797,17,6,2,3,742,10,2,0,17,1,0,0,0,0,10.0,4.0,8.95,3.71,10.0,0
641,39515,49361,12,8,3,2,419,11,2,1,38,1,0,0,0,0,9.600000000000001,6.5,10.0,6.095000000000001,10.0,0
792,181063,72158,24,3,3,1,164,1,0,1,41,1,0,0,0,0,10.0,7.5,10.0,4.82,4.6,0
491,158706,43286,6,8,4,2,289,8,2,1,39,1,0,0,0,0,7.2,8.0,10.0,5.445,8.8,0
798,228106,34533,20,8,3,3,488,10,0,1,31,0,0,0,0,0,10.0,5.5,8.649999999999999,6.4399999999999995,10.0,0
532,227524,23316,22,7,1,2,208,5,2,1,49,1,0,1,0,0,10.0,3.5,10.0,5.04,7.0,0
526,180449,13699,23,7,4,2,858,0,0,1,48,1,0,0,0,0,10.0,8.0,10.0,8.29,4.0,0
670,53001,84491,24,5,3,3,762,14,1,0,2,1,0,0,0,0,10.0,5.5,8.100000000000001,3.81,10.0,0
438,21391,63465,17,2,3,1,426,7,2,1,7,0,0,0,0,0,8.0,7.5,4.45,6.13,8.2,0
448,216278,21673,5,2,4,2,107,9,2,1,4,1,1,0,0,0,3.2,8.0,4.6,4.535,9.399999999999999,0
414,129388,28395,8,8,2,3,259,5,2,0,19,1,0,0,0,0,8.0,4.0,7.45,1.295,7.0,0
749,62215,28707,5,6,2,3,923,3,1,1,43,1,0,0,0,0,5.6,4.0,10.0,8.615,5.8,0
362,99720,89749,17,8,2,2,114,5,2,1,24,1,0,0,0,0,10.0,5.0,10.0,4.57,7.0,0
403,47114,80937,16,3,3,3,782,1,0,1,5,1,0,0,0,0,8.2,5.5,6.95,7.91,4.6,0
572,162954,91732,11,1,2,2,650,0,1,1,27,1,0,0,0,0,5.0,5.0,9.25,7.25,4.0,0
305,133142,61416,2,6,3,2,336,11,1,1,22,0,1,0,0,0,4.3999999999999995,6.5,3.6999999999999997,5.68,10.0,0
446,168345,96512,4,2,2,3,899,5,0,1,23,0,0,0,0,0,2.8,4.0,4.25,8.495000000000001,7.0,0
483,126206,13758,6,9,3,3,491,7,2,1,9,1,0,0,0,0,7.8,5.5,5.55,6.455,8.2,0
327,65647,72009,9,5,3,2,780,12,1,1,9,1,1,0,0,0,6.6,6.5,6.15,7.9,10.0,0
849,233737,18281,9,5,1,1,813,4,2,1,32,1,0,0,0,0,6.6,4.5,9.6,8.065000000000001,6.4,0
418,215964,37548,18,8,3,1,940,7,2,1,8,1,0,0,0,0,10.0,7.5,7.8,8.7,8.2,0
592,62679,23371,24,6,3,2,956,2,1,1,17,1,0,0,0,0,10.0,6.5,10.0,8.780000000000001,5.2,0
670,20427,98899,3,3,2,3,386,12,2,1,2,1,0,0,0,0,3.0,4.0,3.9000000000000004,5.93,10.0,0
543,248024,82593,9,9,2,3,661,5,1,1,32,1,0,1,0,0,9.0,4.0,9.6,7.305,7.0,0
517,149669,24644,17,4,1,2,24,0,2,1,9,1,0,0,0,0,9.200000000000001,3.5,7.75,4.12,4.0,0
476,86267,98659,2,4,3,3,909,12,2,1,26,1,0,0,0,0,3.2,5.5,7.3,8.545,10.0,0
598,20799,28874,20,2,2,3,705,2,2,1,34,1,0,0,0,0,9.2,4.0,10.0,7.525,5.2,0
357,75659,93659,2,3,2,1,490,3,2,1,17,1,0,0,0,0,2.5999999999999996,6.0,5.949999999999999,6.45,5.8,0
568,245481,19281,4,4,2,3,25,4,1,1,6,1,0,0,0,0,4.0,4.0,4.7,4.125,6.4,0
607,27025,73787,15,7,2,3,742,2,1,1,6,1,0,0,0,0,10.0,4.0,6.9,7.71,5.2,0
587,34481,27289,19,3,3,2,911,7,2,1,21,1,0,0,0,0,9.4,6.5,9.95,8.555,8.2,0
404,45411,10054,12,8,3,3,584,4,1,1,9,0,0,0,0,0,9.600000000000001,5.5,3.75,6.92,6.4,0
527,247966,71846,10,8,2,3,762,6,2,1,26,1,0,0,0,0,8.8,4.0,8.9,7.8100000000000005,7.6,0
546,125928,99682,12,2,3,1,494,4,2,1,44,1,0,0,0,0,6.000000000000001,7.5,10.0,6.470000000000001,6.4,0
793,143014,54769,18,4,3,2,288,13,1,1,3,1,0,1,0,0,9.6,6.5,7.05,5.4399999999999995,10.0,0
382,166033,34312,5,8,2,3,342,7,0,1,11,1,0,0,0,0,6.8,4.0,5.65,5.71,8.2,0
485,172839,9257,23,1,1,3,949,0,1,0,2,1,0,0,0,0,9.8,2.5,7.9,4.745,4.0,0
551,71690,20846,12,1,4,3,266,2,2,1,47,1,0,1,0,0,5.4,7.0,10.0,5.33,5.2,0
654,72870,27483,3,4,3,2,194,2,0,1,42,1,0,0,0,0,3.6,6.5,9.9,4.97,5.2,0
509,187207,31558,24,2,3,3,597,9,2,1,2,1,0,0,0,0,10.0,5.5,8.100000000000001,6.984999999999999,9.399999999999999,0
746,215586,48188,21,1,1,2,36,9,2,1,24,1,0,0,0,0,9.0,3.5,10.0,4.18,9.399999999999999,0
759,106928,18012,4,8,3,2,34,2,1,1,25,0,0,0,0,0,6.4,6.5,4.55,4.17,5.2,0
771,229870,38236,18,2,2,2,863,5,2,1,39,1,0,0,0,0,8.4,5.0,10.0,8.315000000000001,7.0,0
669,90765,50076,4,4,3,3,71,8,2,1,6,0,0,0,0,0,4.0,5.5,1.7,4.355,8.8,0
791,43772,53402,20,3,5,1,667,12,2,1,45,1,0,1,0,0,9.8,10.0,10.0,7.335,10.0,0
436,150417,99467,13,2,5,2,242,11,2,1,33,0,0,0,0,0,6.4,9.5,7.550000000000001,5.21,10.0,0
666,38799,37076,3,8,4,2,473,5,1,1,9,0,0,0,0,0,6.0,8.0,1.95,6.365,7.0,0
483,132051,85337,11,3,1,1,358,4,2,1,2,1,0,0,0,0,6.2,4.5,5.5,5.79,6.4,0
586,149941,80164,5,9,4,2,295,11,2,1,27,1,0,0,0,0,7.3999999999999995,8.0,8.05,5.475,10.0,0
771,43555,79264,18,5,1,3,423,0,1,1,10,1,0,0,0,0,10.0,2.5,8.1,6.115,4.0,0
674,112152,22335,9,9,4,3,605,1,2,1,31,1,0,0,0,0,9.0,7.0,9.45,7.025,4.6,0
836,147219,48773,0,3,2,3,696,10,2,1,7,1,0,0,0,0,1.7999999999999998,4.0,4.05,7.48,10.0,0
810,170405,57158,22,5,3,2,415,0,2,1,19,1,0,0,0,0,10.0,6.5,10.0,6.075,4.0,0
549,155333,33570,22,6,1,1,390,11,0,1,4,1,0,0,0,0,10.0,4.5,8.0,5.95,10.0,0
809,139833,92995,15,9,3,3,179,5,2,1,40,1,0,0,0,0,10.0,5.5,10.0,4.895,7.0,0
372,89002,45658,3,8,1,2,299,2,1,1,12,0,0,0,0,0,6.0,3.5,2.4,5.495,5.2,0
581,66553,64184,8,2,2,3,968,11,2,0,10,1,0,0,0,0,4.4,4.0,6.1,4.84,10.0,0
659,23088,77613,17,2,3,3,525,12,2,1,33,1,0,0,0,0,8.0,5.5,10.0,6.625,10.0,0
309,65783,63194,16,5,3,3,296,4,2,1,43,1,0,0,1,0,9.4,5.5,10.0,5.48,2.4,0
510,21115,72507,14,5,1,2,316,5,2,1,2,1,0,0,0,0,8.600000000000001,3.5,6.1,5.58,7.0,0
451,221186,38959,18,5,2,2,571,4,1,1,14,1,0,0,0,0,10.0,5.0,8.7,6.855,6.4,0
304,219198,58072,6,4,1,1,791,2,1,1,32,1,0,0,0,0,4.800000000000001,4.5,9.0,7.955,5.2,0
494,92908,50588,24,8,3,3,17,1,1,1,42,1,0,0,0,0,10.0,5.5,10.0,4.085,4.6,0
582,89109,45533,17,5,5,3,366,1,1,1,9,1,0,0,0,0,9.8,8.5,7.75,5.83,4.6,0
763,22978,73582,5,1,3,3,590,11,2,1,2,1,0,0,0,0,2.6,5.5,4.3,6.95,10.0,0
412,128943,66743,18,5,2,1,913,1,2,1,45,1,0,0,0,0,10.0,6.0,10.0,8.565000000000001,4.6,0
570,29422,49518,20,1,2,3,148,9,1,1,47,1,0,0,0,0,8.6,4.0,10.0,4.74,9.399999999999999,0
462,194698,17703,11,4,5,3,520,3,2,1,40,0,0,0,0,0,6.800000000000001,8.5,8.2,6.6,5.8,0
759,109233,54456,24,1,2,1,257,3,2,1,13,1,0,0,0,0,10.0,6.0,9.75,5.285,5.8,0
404,76174,60491,2,6,2,2,550,11,1,1,32,1,0,0,0,0,4.3999999999999995,5.0,8.2,6.75,10.0,0
581,247428,13043,0,6,2,3,192,2,1,1,32,1,1,0,0,0,3.5999999999999996,4.0,7.8,4.96,5.2,0
461,57743,73340,4,1,3,2,734,7,2,1,35,1,0,0,0,0,2.2,6.5,9.05,7.67,8.2,0
650,221533,15176,0,8,4,1,432,14,1,1,22,1,0,0,0,0,4.8,9.0,6.3,6.16,10.0,0
733,208271,8936,7,4,2,1,406,3,2,1,0,1,0,0,0,0,5.2,6.0,4.4,6.029999999999999,5.8,0
439,150288,36174,6,2,3,3,841,7,2,1,26,1,0,0,0,0,3.6000000000000005,5.5,8.1,8.205,8.2,0
770,149000,87632,14,1,2,2,314,10,2,1,31,1,0,0,0,0,6.2,5.0,10.0,5.57,10.0,0
431,142778,93768,10,3,2,2,28,2,1,0,20,1,0,0,0,0,5.8,5.0,8.0,1.0,5.2,0
386,49430,30909,17,7,2,3,392,10,2,1,43,1,0,0,0,0,10.0,4.0,10.0,5.96,10.0,0
482,48834,49158,13,8,2,3,972,14,2,1,19,0,0,0,0,0,10.0,4.0,5.45,8.86,10.0,0
667,44435,13366,8,5,1,3,235,11,1,1,26,1,0,0,0,0,6.2,2.5,8.5,5.175,10.0,0
428,107212,90125,4,7,3,2,239,1,1,1,35,1,0,0,0,0,5.800000000000001,6.5,9.05,5.195,4.6,0
545,75797,59337,22,2,1,3,860,13,2,1,40,0,0,0,0,0,10.0,2.5,10.0,8.3,10.0,0
677,194626,64331,3,4,1,3,617,7,2,1,31,1,0,0,0,0,3.6,2.5,8.25,7.085,8.2,0
448,74555,67197,11,6,2,3,504,5,2,1,38,1,0,0,0,0,8.0,4.0,10.0,6.52,7.0,0
732,105350,77042,0,5,1,2,493,14,2,0,28,1,0,0,0,0,3.0,3.5,7.2,2.465,10.0,0
768,34716,55924,23,6,2,2,636,1,2,1,45,0,0,1,0,0,10.0,5.0,10.0,7.18,4.6,0
745,80261,33842,12,2,2,1,368,6,0,1,22,1,0,0,0,0,6.000000000000001,6.0,8.7,5.84,7.6,0
780,178600,22458,0,7,3,3,701,11,2,1,34,1,0,0,0,0,4.2,5.5,8.1,7.505,10.0,0
593,21995,92367,2,8,5,3,382,9,0,1,14,0,0,0,0,0,5.6,8.5,2.5,5.91,9.399999999999999,0
442,42414,70382,21,9,3,1,87,6,1,1,42,0,0,0,0,0,10.0,7.5,10.0,4.435,7.6,0
549,164916,79319,7,6,1,2,336,3,2,1,9,0,0,0,0,0,6.4,3.5,2.75,5.68,5.8,0
601,187731,16170,23,7,4,2,285,7,2,1,14,1,0,0,0,0,10.0,8.0,9.700000000000001,5.425,8.2,0
324,35522,85145,17,1,2,2,361,14,2,0,24,0,1,0,0,0,7.4,5.0,7.0,1.805,10.0,0
369,149632,49942,24,9,2,3,887,2,1,1,16,1,0,0,0,0,10.0,4.0,10.0,8.434999999999999,5.2,0
411,94034,93571,15,6,2,3,191,12,1,1,30,1,0,0,1,0,9.6,4.0,10.0,4.955,7.199999999999999,0
663,62322,21208,19,4,2,1,514,8,2,1,10,1,0,0,0,0,10.0,6.0,8.3,6.57,8.8,0
602,87638,40178,19,9,4,2,616,14,1,1,19,1,0,0,0,0,10.0,8.0,9.65,7.08,10.0,0
770,121334,84172,15,1,2,1,607,13,1,1,30,1,0,0,0,0,6.6,6.0,10.0,7.035,10.0,0
390,159596,14039,1,2,2,3,398,14,2,1,15,1,0,0,0,0,1.6,4.0,5.45,5.99,10.0,0
829,50846,19990,16,3,2,2,616,11,1,1,35,1,0,0,0,0,8.2,5.0,10.0,7.08,10.0,0
491,93643,11441,9,1,3,3,344,10,2,1,38,1,0,0,0,0,4.2,5.5,10.0,5.72,10.0,0
541,211168,79221,6,2,3,3,455,4,2,0,10,1,0,0,0,0,3.6000000000000005,5.5,5.7,2.275,6.4,0
437,134930,84314,9,2,2,3,518,2,2,1,19,0,0,0,0,0,4.8,4.0,4.65,6.59,5.2,0
644,234876,50959,18,7,3,3,666,8,2,1,25,1,0,0,0,0,10.0,5.5,10.0,7.33,8.8,0
479,198775,31862,19,6,3,3,257,13,1,1,48,0,0,0,0,0,10.0,5.5,10.0,5.285,10.0,0
802,44399,32273,8,9,2,2,702,1,2,1,25,1,0,0,1,0,8.6,5.0,8.35,7.51,1.0,0
502,226232,98949,21,5,3,3,302,1,1,1,41,1,0,0,0,0,10.0,5.5,10.0,5.51,4.6,0
491,243734,47500,16,9,2,3,540,2,0,1,46,1,0,0,0,0,10.0,4.0,10.0,6.7,5.2,0
304,239739,8956,8,9,1,2,147,8,2,1,5,1,0,0,0,0,8.6,3.5,5.35,4.735,8.8,0
536,143182,77089,8,2,3,2,565,10,1,1,44,0,0,0,0,0,4.4,6.5,8.2,6.825,10.0,0
610,68591,93789,4,9,2,2,747,9,1,1,34,1,0,0,0,0,7.0,5.0,8.899999999999999,7.734999999999999,9.399999999999999,0
848,171786,94451,23,3,2,2,954,2,1,1,7,1,0,0,0,0,10.0,5.0,8.65,8.77,5.2,0
355,55877,7365,6,3,4,1,354,4,1,1,6,1,0,0,0,0,4.2,9.0,5.1,5.77,6.4,0
742,104106,77204,10,9,1,3,46,8,2,1,36,1,0,0,0,0,9.399999999999999,2.5,10.0,4.23,8.8,0
536,98018,10000,7,7,2,3,323,9,2,1,49,1,0,0,0,0,7.0,4.0,10.0,5.615,9.399999999999999,0
496,119854,62072,24,8,1,3,229,5,2,1,15,1,0,0,0,0,10.0,2.5,10.0,5.145,7.0,0
813,210208,57499,13,7,1,3,649,5,2,1,8,0,0,0,0,0,9.4,2.5,3.8,7.245,7.0,0
748,184486,74211,1,9,2,3,152,10,1,1,10,1,0,0,0,0,5.8,4.0,4.7,4.76,10.0,0
659,140832,17907,9,8,5,3,413,0,0,1,20,0,0,0,0,0,8.4,8.5,4.8,6.0649999999999995,4.0,0
329,106576,22336,20,4,2,2,704,10,1,1,45,1,0,0,0,0,10.0,5.0,10.0,7.52,10.0,0
407,230015,90220,23,2,3,3,918,1,2,1,6,1,0,0,0,0,10.0,5.5,8.5,8.59,4.6,0
744,196540,98847,15,5,1,2,413,8,2,1,11,1,0,0,0,0,9.0,3.5,7.65,6.0649999999999995,8.8,0
737,249913,57331,15,2,3,3,564,7,2,1,39,1,0,0,0,0,7.2,5.5,10.0,6.82,8.2,0
756,230774,85672,18,4,5,3,488,1,2,1,20,1,0,0,0,0,9.6,8.5,9.6,6.4399999999999995,4.6,0
794,223180,82755,10,2,2,3,731,4,1,1,4,1,0,0,0,0,5.2,4.0,5.6,7.654999999999999,6.4,0
546,249610,73783,5,5,3,1,946,4,1,0,5,1,0,0,0,0,5.0,7.5,4.75,4.73,6.4,0
842,112508,74951,5,6,5,2,569,5,2,1,42,1,0,0,0,0,5.6,9.5,10.0,6.845000000000001,7.0,0
738,66835,57509,6,1,2,1,833,3,2,0,25,0,0,0,0,0,3.0000000000000004,6.0,4.95,4.165,5.8,0
577,214405,11472,15,8,2,2,229,8,1,1,28,1,0,0,0,0,10.0,5.0,10.0,5.145,8.8,0
410,62464,27380,12,2,3,2,376,4,2,1,2,1,0,0,0,0,6.000000000000001,6.5,5.7,5.88,6.4,0
684,132454,32280,2,5,3,2,205,3,2,1,10,1,0,0,0,0,3.8,6.5,4.9,5.025,5.8,0
490,173995,26859,23,8,1,3,993,13,2,1,22,0,0,0,0,0,10.0,2.5,7.9,8.965,10.0,0
789,136062,53402,23,5,2,2,693,8,2,1,24,1,0,0,0,0,10.0,5.0,10.0,7.465,8.8,0
725,212927,13262,8,3,2,3,758,1,2,1,11,1,0,0,0,0,5.0,4.0,6.25,7.79,4.6,0
704,87445,16066,23,6,2,2,978,10,1,1,0,1,0,0,0,0,10.0,5.0,7.6000000000000005,8.89,10.0,0
634,130454,20554,2,1,4,2,696,10,1,1,3,1,0,0,0,0,1.4,8.0,3.85,7.48,10.0,0
508,141906,12008,5,1,2,3,955,1,0,1,0,1,0,0,0,0,2.6,4.0,4.0,8.775,4.6,0
321,118384,92851,24,8,2,3,41,12,1,1,5,1,0,0,0,0,10.0,4.0,8.55,4.205,10.0,0
507,218691,85799,16,7,3,1,745,2,2,1,33,1,0,0,0,0,10.0,7.5,10.0,7.725,5.2,0
307,197218,21238,2,3,2,3,63,9,1,1,26,0,0,0,0,1,2.5999999999999996,4.0,4.3,4.315,9.399999999999999,0
828,80032,87025,1,8,2,3,432,3,2,0,44,1,0,0,0,0,5.2,4.0,9.8,2.16,5.8,0
465,133521,22153,11,8,2,3,990,11,2,1,15,1,1,1,0,0,9.2,4.0,7.45,8.95,10.0,0
795,136378,64353,23,1,2,3,707,9,2,1,10,1,0,0,0,0,9.8,4.0,9.100000000000001,7.535,9.399999999999999,0
728,37140,57092,5,7,2,3,243,8,2,1,13,1,0,0,0,0,6.2,4.0,5.95,5.215,8.8,0
462,22670,48152,9,2,1,3,838,12,2,1,37,1,0,0,0,0,4.8,2.5,10.0,8.190000000000001,10.0,0
665,56519,54104,10,2,2,3,752,4,2,1,47,1,0,0,0,0,5.2,4.0,10.0,7.76,6.4,0
825,64512,29283,15,2,3,3,119,1,2,1,48,0,0,0,0,0,7.2,5.5,10.0,4.595,4.6,0
538,208883,51429,15,5,4,3,996,2,0,0,9,1,0,0,0,0,9.0,7.0,7.35,4.98,5.2,0
371,123565,82223,23,7,2,3,888,7,0,1,12,1,0,0,0,0,10.0,4.0,9.4,8.440000000000001,8.2,0
744,165763,93534,17,4,2,2,109,5,2,1,44,1,0,0,0,0,9.200000000000001,5.0,10.0,4.545,7.0,0
808,125156,59957,21,4,4,2,721,12,1,1,33,1,0,0,0,0,10.0,8.0,10.0,7.605,10.0,0
568,185334,33887,22,9,2,3,220,4,2,1,32,1,0,0,0,0,10.0,4.0,10.0,5.1,6.4,0
714,205964,51172,23,9,4,3,742,3,2,1,32,1,0,0,0,0,10.0,7.0,10.0,7.71,5.8,0
544,45595,9355,8,7,4,2,412,3,2,1,38,1,0,0,0,1,7.4,8.0,10.0,6.0600000000000005,5.8,0
359,208279,38701,20,4,2,2,846,7,2,1,12,0,0,0,0,0,10.0,5.0,5.8,8.23,8.2,0
305,184512,46534,18,8,2,3,159,11,1,1,16,1,0,0,0,0,10.0,4.0,9.0,4.795,10.0,0
706,28630,76442,1,3,1,2,684,5,1,1,8,1,0,0,0,0,2.1999999999999997,3.5,4.4,7.42,7.0,0
516,182322,66274,23,3,1,1,403,4,2,1,12,1,0,0,0,0,10.0,4.5,9.4,6.015000000000001,6.4,0
325,245406,83108,0,7,4,1,664,4,2,0,15,1,0,0,0,0,4.2,9.0,5.25,3.32,6.4,0
304,249820,17279,15,9,4,3,267,5,2,1,36,1,0,1,0,0,10.0,7.0,10.0,5.335,7.0,0
831,127461,48491,21,4,1,2,254,14,2,1,29,1,0,0,0,0,10.0,3.5,10.0,5.27,10.0,0
689,228590,81147,17,4,2,3,159,12,2,1,38,1,0,0,0,0,9.200000000000001,4.0,10.0,4.795,10.0,0
747,94191,13261,2,1,2,3,633,10,2,1,32,1,0,0,0,0,1.4,4.0,8.2,7.165,10.0,0
445,215863,9474,23,1,2,3,108,10,1,1,39,0,0,0,0,0,9.8,4.0,10.0,4.54,10.0,0
687,235190,96414,0,3,3,2,112,2,2,1,5,1,1,0,1,0,1.7999999999999998,6.5,3.75,4.5600000000000005,1.2,0
548,120591,33390,5,7,4,1,732,6,2,1,11,0,0,0,0,0,6.2,9.0,2.65,7.66,7.6,0
825,83753,31925,18,9,1,3,21,0,1,1,1,0,0,0,0,0,10.0,2.5,3.75,4.105,4.0,0
761,80520,87174,21,4,1,3,902,4,2,1,32,0,0,0,0,0,10.0,2.5,9.0,8.51,6.4,0
312,24008,64051,18,2,1,1,235,5,2,1,14,1,0,0,0,0,8.4,4.5,8.7,5.175,7.0,0
683,195536,94007,10,6,2,2,967,12,1,1,16,1,0,0,0,0,7.6,5.0,7.4,8.835,10.0,0
698,127408,9787,7,6,2,3,822,13,2,1,34,1,0,0,0,0,6.4,4.0,9.5,8.11,10.0,0
318,20496,78398,4,9,2,3,451,14,1,1,30,1,0,0,0,0,7.0,4.0,8.3,6.255,10.0,0
790,119767,63177,19,4,2,2,157,1,2,1,29,1,0,0,0,0,10.0,5.0,10.0,4.785,4.6,0
718,43212,48724,8,8,3,1,188,1,2,1,37,0,0,0,0,0,8.0,7.5,7.15,4.9399999999999995,4.6,0
636,40637,15663,14,3,2,2,16,8,2,1,15,1,0,0,0,0,7.4,5.0,8.05,4.08,8.8,0
718,65227,21120,20,2,2,2,161,1,1,1,41,0,0,0,0,0,9.2,5.0,10.0,4.805,4.6,0
421,233485,27740,13,9,3,2,844,2,0,1,44,1,0,0,0,0,10.0,6.5,10.0,8.219999999999999,5.2,0
731,139753,7035,3,6,3,2,591,0,2,1,39,0,0,0,0,0,4.8,6.5,6.449999999999999,6.955,4.0,0
343,140118,62443,23,8,2,3,362,8,1,1,16,1,0,0,0,0,10.0,4.0,10.0,5.8100000000000005,8.8,0
616,234418,72388,23,9,2,1,574,0,1,1,6,1,0,1,0,0,10.0,6.0,8.5,6.87,4.0,0
680,29884,57335,7,1,3,3,683,3,0,1,4,1,0,0,1,1,3.4000000000000004,5.5,5.0,7.415,1.7999999999999998,0
444,136481,48315,19,1,1,3,426,6,2,1,39,0,0,0,0,0,8.200000000000001,2.5,9.65,6.13,7.6,0
626,88259,69165,16,5,2,3,614,1,1,1,26,1,0,0,0,0,9.4,4.0,10.0,7.07,4.6,0
662,69810,51627,1,9,2,3,672,7,2,1,0,1,0,0,0,0,5.8,4.0,3.2,7.359999999999999,8.2,0
349,149926,13303,19,7,1,3,579,12,2,1,1,0,0,0,0,0,10.0,2.5,3.95,6.895,10.0,0
364,24761,54334,15,7,1,3,205,7,2,1,3,1,0,1,0,0,10.0,2.5,6.45,5.025,8.2,0
654,224238,60892,9,2,2,2,334,11,2,1,0,0,0,0,0,0,4.8,5.0,1.8,5.67,10.0,0
463,36375,66196,1,3,3,2,491,13,1,1,28,1,0,1,0,0,2.1999999999999997,6.5,7.4,6.455,10.0,0
440,176290,70700,10,4,3,3,217,2,2,1,20,1,0,0,0,0,6.4,5.5,8.0,5.085,5.2,0
427,181637,44726,9,2,5,3,945,3,1,0,41,1,0,0,0,0,4.8,8.5,10.0,4.725,5.8,0
697,122654,80751,18,9,1,2,312,10,2,1,34,0,0,0,0,0,10.0,3.5,8.7,5.5600000000000005,10.0,0
762,52975,54606,24,5,2,3,308,6,2,1,33,1,0,0,0,0,10.0,4.0,10.0,5.54,7.6,0
486,178145,35694,24,7,3,1,966,4,1,1,38,0,0,0,0,0,10.0,7.5,10.0,8.83,6.4,0
489,220798,36253,13,9,2,3,435,4,1,0,1,1,0,0,0,0,10.0,4.0,5.75,2.175,6.4,0
687,152955,29230,10,5,2,2,71,1,1,1,24,0,0,0,0,0,7.0,5.0,5.6,4.355,4.6,0
728,219494,58974,8,6,2,3,204,5,2,1,5,0,0,0,0,0,6.8,4.0,2.35,5.02,7.0,0
583,200701,68545,6,4,2,2,576,3,2,1,7,1,0,0,0,0,4.800000000000001,5.0,5.25,6.88,5.8,0
536,215242,21925,14,8,2,3,372,4,2,1,34,1,0,0,0,0,10.0,4.0,10.0,5.86,6.4,0
493,94489,11033,19,1,1,2,570,14,1,1,18,1,0,0,0,0,8.200000000000001,3.5,9.5,6.85,10.0,0
586,28381,67461,16,1,5,3,627,10,2,1,8,0,0,0,0,0,7.0,8.5,4.4,7.135,10.0,0
435,174310,7665,2,5,1,1,954,4,2,1,32,1,0,0,0,0,3.8,4.5,8.2,8.77,6.4,0
470,164867,32025,14,9,5,3,87,1,2,1,7,1,0,0,0,0,10.0,8.5,6.8500000000000005,4.435,4.6,0
458,247036,28533,13,2,3,2,896,7,1,1,37,0,0,0,0,0,6.4,6.5,8.15,8.48,8.2,0
500,82999,50897,7,3,2,3,938,10,1,1,31,1,0,0,0,0,4.6,4.0,9.05,8.690000000000001,10.0,0
786,69907,82661,3,8,3,3,293,0,2,1,22,1,0,0,0,0,6.0,5.5,6.9,5.465,4.0,0
803,160710,25998,9,5,3,3,66,13,0,0,33,1,0,0,0,0,6.6,5.5,9.75,1.0,10.0,0
670,90467,66248,1,3,2,1,690,1,2,1,22,1,0,0,0,0,2.1999999999999997,6.0,6.5,7.45,4.6,0
402,62623,28057,13,6,2,3,385,6,2,1,45,1,0,0,0,0,8.8,4.0,10.0,5.925,7.6,0
424,189564,84244,7,6,2,2,385,14,1,1,31,1,0,0,0,0,6.4,5.0,9.05,5.925,10.0,0
612,177483,88608,22,5,3,1,728,14,1,1,0,1,0,0,0,0,10.0,7.5,7.4,7.640000000000001,10.0,0
757,130724,75631,9,5,2,2,781,6,2,1,6,1,0,0,0,1,6.6,5.0,5.7,7.904999999999999,7.6,0
529,171606,72173,24,6,2,2,797,1,1,1,42,1,0,0,0,0,10.0,5.0,10.0,7.984999999999999,4.6,0
496,180253,85206,17,2,2,3,382,0,1,1,47,1,0,0,0,0,8.0,4.0,10.0,5.91,4.0,0
722,123069,43734,14,6,2,2,866,13,2,0,23,1,0,0,0,0,9.2,5.0,9.25,4.33,10.0,0
470,39996,67072,4,2,2,1,684,14,2,1,1,1,0,0,0,0,2.8,6.0,3.95,7.42,10.0,0
681,223161,69175,21,3,2,3,253,12,2,1,17,1,0,0,0,0,10.0,4.0,9.75,5.265,10.0,0
472,125682,68783,12,2,4,3,771,9,2,1,18,1,0,0,0,0,6.000000000000001,7.0,8.1,7.855,9.399999999999999,0
752,103609,99194,17,1,3,3,830,0,2,1,41,1,0,0,0,0,7.4,5.5,10.0,8.15,4.0,0
649,223738,75739,1,1,3,3,48,13,2,1,35,1,0,0,0,0,1.0,5.5,8.45,4.24,10.0,0
793,180477,92054,12,9,2,3,318,0,2,1,27,1,1,0,0,0,10.0,4.0,9.45,5.59,4.0,0
303,121490,56042,13,4,3,3,642,5,2,0,34,1,0,0,0,0,7.6,5.5,10.0,3.21,7.0,0
392,91325,57357,9,5,2,3,95,9,2,1,31,1,0,0,0,0,6.6,4.0,9.45,4.475,9.399999999999999,0
305,48930,13669,3,7,1,3,108,11,2,1,12,0,0,0,0,0,5.4,2.5,2.4,4.54,10.0,0
587,134426,72902,14,2,5,2,383,6,2,1,5,1,0,0,0,0,6.800000000000001,9.5,6.550000000000001,5.915,7.6,0
445,37529,23910,7,9,1,3,767,1,2,1,28,1,0,0,0,0,8.2,2.5,8.600000000000001,7.835,4.6,0
723,73546,61959,14,4,2,3,504,14,2,1,9,0,0,0,0,0,8.0,4.0,4.15,6.52,10.0,0
756,27942,5366,13,1,1,1,869,5,1,1,39,1,1,0,0,0,5.8,4.5,10.0,8.344999999999999,7.0,0
501,27548,53415,20,8,1,3,915,3,2,1,9,1,0,0,0,0,10.0,2.5,8.35,8.575,5.8,0
511,135248,14907,8,4,3,3,217,12,2,1,33,1,0,0,0,0,5.6,5.5,9.55,5.085,10.0,0
305,169368,37780,19,7,2,3,634,8,1,1,19,0,0,0,0,0,10.0,4.0,6.65,7.17,8.8,0
675,202088,62879,2,3,3,2,992,10,2,1,46,0,0,0,0,0,2.5999999999999996,6.5,7.3,8.96,10.0,0
746,117780,90159,14,9,2,3,92,7,1,1,32,0,0,0,0,0,10.0,4.0,7.6,4.46,8.2,0
405,20296,40085,23,5,2,2,586,7,1,1,10,1,1,0,0,0,10.0,5.0,9.100000000000001,6.93,8.2,0
700,87945,70499,16,5,2,2,10,1,1,1,23,1,0,0,0,0,9.4,5.0,9.65,4.05,4.6,0
395,79980,25426,24,3,3,3,446,10,0,0,32,1,0,0,0,0,10.0,5.5,10.0,2.23,10.0,0
687,76782,53197,15,9,3,3,695,4,0,1,21,0,0,0,0,0,10.0,5.5,6.15,7.475,6.4,0
751,185301,12485,3,3,2,3,259,1,2,1,47,1,0,0,0,0,3.0,4.0,10.0,5.295,4.6,0
715,116382,54527,10,2,2,3,419,2,2,1,11,1,0,0,0,0,5.2,4.0,6.65,6.095000000000001,5.2,0
803,73444,69600,24,9,5,3,747,7,2,1,29,1,0,0,0,0,10.0,8.5,10.0,7.734999999999999,8.2,0
753,55036,96005,7,9,1,3,395,4,2,0,31,1,0,0,0,0,8.2,2.5,9.05,1.975,6.4,0
590,59322,86439,2,4,2,2,805,3,2,1,43,1,0,0,0,0,3.2,5.0,9.850000000000001,8.025,5.8,0
833,178239,73748,18,4,2,3,93,4,1,1,18,0,0,0,0,0,9.6,4.0,6.3,4.465,6.4,0
492,71667,63528,13,6,1,3,499,7,2,1,44,1,0,0,0,0,8.8,2.5,10.0,6.495,8.2,0
449,114527,32799,8,9,2,3,248,9,1,1,39,1,0,0,0,0,8.6,4.0,10.0,5.24,9.399999999999999,0
814,103337,51339,2,8,1,2,932,13,2,1,1,1,0,0,0,0,5.6,3.5,3.55,8.66,10.0,0
692,71468,21087,3,3,4,2,549,13,1,1,13,1,0,0,0,0,3.0,8.0,5.55,6.745,10.0,0
615,92894,12446,24,6,3,2,389,6,2,1,32,1,0,0,0,0,10.0,6.5,10.0,5.945,7.6,0
375,204156,55460,3,7,3,3,808,14,0,1,31,1,0,0,0,0,5.4,5.5,8.25,8.04,10.0,0
569,83138,99817,10,6,2,3,952,5,2,1,40,1,0,0,0,0,7.6,4.0,10.0,8.76,7.0,0
524,42588,63260,18,3,2,3,400,1,1,0,18,1,0,0,0,0,9.0,4.0,9.3,2.0,4.6,0
829,82901,19877,15,9,3,2,337,9,2,0,13,1,0,0,0,0,10.0,6.5,7.95,1.685,9.399999999999999,0
412,168743,29723,22,4,4,2,489,4,2,1,3,1,0,0,0,0,10.0,8.0,7.8500000000000005,6.445,6.4,0
550,103038,17943,21,2,1,1,980,9,1,0,1,1,0,0,0,0,9.6,4.5,7.3500000000000005,4.9,9.399999999999999,0
532,241736,15306,16,9,2,2,313,14,1,1,9,1,0,0,0,0,10.0,5.0,7.55,5.5649999999999995,10.0,0
382,182717,41784,9,3,3,3,291,12,1,1,28,1,0,0,0,0,5.4,5.5,9.0,5.455,10.0,0
424,158709,25455,23,6,5,3,704,13,2,1,14,1,0,0,1,0,10.0,8.5,9.700000000000001,7.52,7.8,0
474,151732,95027,16,5,5,2,354,14,1,1,30,1,0,0,0,0,9.4,9.5,10.0,5.77,10.0,0
368,127211,76448,15,2,3,2,144,8,2,1,32,1,0,0,0,0,7.2,6.5,10.0,4.72,8.8,0
346,26922,34974,19,1,1,2,477,8,2,1,28,1,0,0,0,0,8.200000000000001,3.5,10.0,6.385,8.8,0
555,113697,32371,21,9,1,2,370,14,0,1,10,1,0,0,0,0,10.0,3.5,8.7,5.85,10.0,0
329,195793,8936,5,3,4,3,578,14,1,1,47,1,0,0,0,0,3.8,7.0,10.0,6.890000000000001,10.0,0
580,208328,38166,6,7,2,3,124,8,2,1,44,1,0,0,0,1,6.6000000000000005,4.0,10.0,4.62,8.8,0
536,137217,30727,13,9,1,3,195,2,2,1,39,1,0,0,0,0,10.0,2.5,10.0,4.975,5.2,0
547,89506,68969,10,9,4,3,487,8,1,1,8,1,0,0,0,0,9.399999999999999,7.0,6.2,6.4350000000000005,8.8,0
667,220015,33368,11,6,1,2,897,8,2,1,46,1,0,0,0,0,8.0,3.5,10.0,8.485,8.8,0
794,144338,73531,13,8,3,2,10,4,2,1,28,1,0,0,0,0,10.0,6.5,9.8,4.05,6.4,0
324,47843,44097,4,9,3,1,859,12,1,1,36,1,0,0,0,0,7.0,7.5,9.2,8.295,10.0,0
789,160118,39984,4,3,1,3,977,5,2,1,20,1,0,0,0,0,3.4,2.5,6.8,8.885,7.0,0
793,240408,55859,19,6,2,3,550,6,1,1,30,1,0,0,0,0,10.0,4.0,10.0,6.75,7.6,0
613,215057,49291,21,5,1,3,753,9,0,1,21,1,0,1,0,1,10.0,2.5,10.0,7.765000000000001,9.399999999999999,0
674,231155,70228,22,7,3,1,671,9,1,1,17,1,0,0,0,0,10.0,7.5,9.95,7.355,9.399999999999999,0
324,123064,97099,14,7,2,3,433,9,2,1,1,1,0,0,0,0,9.8,4.0,5.95,6.165,9.399999999999999,0
633,247997,27150,0,9,1,1,711,5,2,1,21,1,0,0,0,0,5.3999999999999995,4.5,6.15,7.555,7.0,0
654,146417,27061,24,1,5,1,279,4,2,1,36,1,0,0,0,0,10.0,10.0,10.0,5.395,6.4,0
415,136585,34178,23,6,2,2,769,12,1,1,19,1,0,0,0,0,10.0,5.0,10.0,7.845000000000001,10.0,0
347,50346,61790,22,5,2,2,907,0,2,1,47,0,0,0,0,1,10.0,5.0,10.0,8.535,4.0,0
398,239356,70696,8,4,2,3,428,3,1,1,47,1,0,0,0,0,5.6,4.0,10.0,6.140000000000001,5.8,0
758,143152,20648,2,1,1,3,336,12,2,1,3,1,0,0,0,0,1.4,2.5,3.85,5.68,10.0,0
822,131769,66779,3,4,5,2,204,13,0,1,25,1,0,0,0,1,3.6,9.5,7.35,5.02,10.0,0
704,122391,41672,15,7,2,2,902,7,2,1,19,1,0,0,0,0,10.0,5.0,8.85,8.51,8.2,0
513,242456,74109,6,4,2,2,264,7,1,1,21,1,0,0,0,0,4.800000000000001,5.0,7.35,5.32,8.2,0
802,204598,65521,21,1,4,1,88,11,2,1,42,1,0,1,0,0,9.0,9.0,10.0,4.44,10.0,0
747,93143,39593,13,1,3,2,884,12,2,1,19,1,0,0,0,0,5.8,6.5,8.45,8.42,10.0,0
557,56787,18786,15,1,2,3,107,5,2,1,28,1,0,0,0,0,6.6,4.0,10.0,4.535,7.0,0
420,53583,99036,17,5,4,2,159,12,2,1,47,1,0,0,0,0,9.8,8.0,10.0,4.795,10.0,0
353,163635,14815,15,7,3,3,795,2,1,1,30,1,0,0,0,0,10.0,5.5,10.0,7.975,5.2,0
630,197132,26966,15,9,2,2,823,11,2,1,22,0,0,0,0,0,10.0,5.0,6.3,8.115,10.0,0
540,141943,18794,1,8,3,2,859,14,1,1,43,1,0,1,0,0,5.2,6.5,9.65,8.295,10.0,0
829,184762,36423,9,2,4,2,456,7,1,1,37,1,0,0,0,0,4.8,8.0,10.0,6.279999999999999,8.2,0
782,131233,26302,6,9,2,3,132,6,2,1,15,0,0,0,0,0,7.8,4.0,3.45,4.66,7.6,0
486,245784,66064,24,4,3,3,619,10,1,1,18,1,0,0,0,0,10.0,5.5,10.0,7.095000000000001,10.0,0
561,34925,91800,14,5,5,1,685,8,1,1,10,1,0,0,0,0,8.600000000000001,10.0,7.300000000000001,7.425,8.8,0
663,237859,90140,8,5,3,3,567,2,1,1,11,1,0,0,0,0,6.2,5.5,6.25,6.835,5.2,0
790,103184,32835,6,4,1,1,368,10,2,1,35,1,1,0,0,0,4.800000000000001,4.5,9.45,5.84,10.0,0
730,171180,78356,23,6,2,3,248,5,2,1,12,1,0,0,0,0,10.0,4.0,9.4,5.24,7.0,0
538,96515,54282,15,1,2,1,751,14,1,1,1,1,0,0,0,0,6.6,6.0,6.15,7.755,10.0,0
603,219330,57714,2,2,2,3,814,0,2,1,10,1,0,0,0,0,2.0,4.0,4.9,8.07,4.0,0
597,156427,72035,16,4,5,3,765,11,2,1,0,1,1,0,0,0,8.8,8.5,6.2,7.825,10.0,0
375,66069,28814,22,4,2,3,539,7,1,1,40,1,0,0,0,1,10.0,4.0,10.0,6.695,8.2,0
632,245407,29089,7,8,2,1,692,1,2,1,9,1,0,0,0,0,7.6,6.0,5.75,7.46,4.6,0
773,120854,78162,1,9,3,2,881,4,2,1,2,1,0,0,0,0,5.8,6.5,3.5,8.405000000000001,6.4,0
582,74471,60831,24,4,2,3,678,5,1,1,7,1,0,0,0,0,10.0,4.0,8.850000000000001,7.390000000000001,7.0,0
371,52705,37746,19,6,2,3,213,3,2,1,15,1,0,0,0,0,10.0,4.0,9.05,5.0649999999999995,5.8,0
562,194981,86673,24,4,1,3,667,8,0,1,35,0,0,0,0,0,10.0,2.5,10.0,7.335,8.8,0
311,239678,56940,2,4,2,2,152,2,0,1,42,1,0,0,0,0,3.2,5.0,9.7,4.76,5.2,0
440,148501,91796,7,9,4,1,196,1,2,1,39,0,0,0,0,0,8.2,9.0,7.25,4.98,4.6,0
316,136361,41476,1,4,3,3,497,2,2,1,38,1,0,0,0,0,2.8,5.5,8.9,6.484999999999999,5.2,0
362,204811,31283,18,6,2,2,131,4,2,1,19,1,0,0,0,0,10.0,5.0,9.45,4.655,6.4,0
552,227892,6769,16,9,1,1,359,0,2,1,46,1,0,0,0,0,10.0,4.5,10.0,5.795,4.0,0
764,107273,47278,4,3,3,3,109,9,2,1,7,0,0,0,0,0,3.4,5.5,1.85,4.545,9.399999999999999,0
675,43241,51994,19,7,4,2,293,11,2,0,9,1,0,0,0,0,10.0,8.0,8.15,1.465,10.0,0
819,178486,67898,16,7,2,1,958,3,0,1,36,0,1,0,0,0,10.0,6.0,8.6,8.79,5.8,0
389,70818,20634,9,1,3,1,536,0,2,1,31,1,0,0,0,0,4.2,7.5,9.45,6.68,4.0,0
474,171967,15965,8,2,2,3,393,8,2,1,26,0,0,0,0,0,4.4,4.0,5.5,5.965,8.8,0
375,112307,32566,21,5,2,1,564,13,2,1,30,0,0,0,0,0,10.0,6.0,8.7,6.82,10.0,0
699,213481,57196,5,8,3,3,810,2,2,0,2,0,0,0,0,0,6.8,5.5,1.3,4.05,5.2,0
370,206396,53285,10,6,1,2,907,1,1,1,38,1,0,0,0,0,7.6,3.5,10.0,8.535,4.6,0
479,86920,60499,1,7,2,1,196,4,2,1,5,1,0,0,0,0,4.6000000000000005,6.0,3.95,4.98,6.4,0
423,204627,24420,22,3,2,3,17,0,0,1,16,1,0,0,0,0,10.0,4.0,9.8,4.085,4.0,0
680,138642,30236,11,6,2,3,633,9,2,1,9,1,0,0,0,0,8.0,4.0,6.55,7.165,9.399999999999999,0
592,85453,11218,11,9,3,2,554,13,2,1,20,0,0,0,0,0,9.8,6.5,5.2,6.77,10.0,0
494,42689,54892,15,3,1,2,428,6,1,1,28,0,0,0,0,0,7.8,3.5,7.2,6.140000000000001,7.6,0
527,215428,79031,24,6,2,1,923,8,2,1,28,1,0,0,1,0,10.0,6.0,10.0,8.615,4.8,0
730,244083,69057,21,7,2,3,99,0,2,1,19,1,0,1,0,0,10.0,4.0,10.0,4.495,4.0,0
735,159324,83609,23,5,3,2,505,11,2,1,14,1,0,0,0,0,10.0,6.5,9.700000000000001,6.525,10.0,0
760,50844,81907,11,8,1,3,670,7,1,1,1,1,0,0,0,0,9.2,2.5,5.35,7.35,8.2,0
320,115687,88130,20,8,3,3,969,7,2,1,32,0,0,0,0,0,10.0,5.5,8.8,8.844999999999999,8.2,0
363,43365,16226,17,6,3,3,933,6,2,1,11,1,0,0,0,0,10.0,5.5,8.05,8.665,7.6,0
464,157098,57271,12,7,5,3,733,9,2,1,12,1,0,0,0,0,9.0,8.5,7.2,7.665,9.399999999999999,0
326,118303,15046,14,3,4,3,125,3,1,1,43,1,0,0,0,0,7.4,7.0,10.0,4.625,5.8,0
610,48523,42117,15,7,2,2,694,13,2,1,43,0,0,0,0,0,10.0,5.0,9.45,7.470000000000001,10.0,0
584,161554,9965,3,7,1,2,29,11,2,1,38,0,0,0,0,0,5.4,3.5,6.300000000000001,4.145,10.0,0
580,132105,64478,11,4,3,1,900,14,2,0,38,1,0,0,0,0,6.800000000000001,7.5,10.0,4.5,10.0,0
463,68888,83872,16,4,3,3,141,13,1,1,37,1,0,0,0,0,8.8,5.5,10.0,4.705,10.0,0
523,133884,62277,0,3,1,3,301,6,1,1,44,1,0,0,0,0,1.7999999999999998,2.5,9.6,5.505,7.6,0
445,126968,90379,21,7,1,2,363,1,2,1,20,1,0,0,0,0,10.0,3.5,10.0,5.8149999999999995,4.6,0
329,70110,64613,17,5,2,3,246,5,2,1,40,1,0,0,0,0,9.8,4.0,10.0,5.23,7.0,0
344,241716,22373,21,3,4,3,598,13,2,1,15,1,0,0,0,0,10.0,7.0,9.45,6.99,10.0,0
770,151565,50452,15,6,4,2,232,11,1,1,33,1,0,0,0,0,9.6,8.0,10.0,5.16,10.0,0
333,207266,55089,0,6,1,1,445,14,1,1,26,1,0,0,0,0,3.5999999999999996,4.5,6.9,6.225,10.0,0
726,102001,11654,9,6,2,2,647,10,1,1,42,1,0,0,1,0,7.199999999999999,5.0,10.0,7.234999999999999,6.0,0
520,59767,36280,18,2,1,3,48,14,1,1,2,1,0,0,0,0,8.4,2.5,6.9,4.24,10.0,0
833,49550,61141,15,7,2,1,336,4,2,1,8,1,0,0,0,0,10.0,6.0,7.2,5.68,6.4,0
666,164905,92943,13,7,3,2,218,4,1,1,43,1,0,1,0,0,9.4,6.5,10.0,5.09,6.4,0
849,154042,72894,24,4,3,3,115,10,2,1,33,1,0,0,0,0,10.0,5.5,10.0,4.575,10.0,0
415,118315,31583,1,6,2,3,661,7,2,1,18,1,0,0,0,1,3.9999999999999996,4.0,5.9,7.305,8.2,0
538,115494,99242,23,4,1,3,258,0,1,1,37,1,0,0,0,0,10.0,2.5,10.0,5.29,4.0,0
634,147424,11360,5,4,2,3,576,7,2,1,25,1,0,0,0,0,4.4,4.0,7.75,6.88,8.2,0
740,133855,58968,21,6,4,1,639,3,2,1,22,1,0,0,0,0,10.0,9.0,10.0,7.195,5.8,0
447,102681,8743,22,9,2,3,871,12,2,0,17,1,0,0,0,0,10.0,4.0,9.95,4.355,10.0,0
308,121489,12159,4,7,2,3,697,9,2,1,44,1,0,0,0,0,5.800000000000001,4.0,10.0,7.484999999999999,9.399999999999999,0
587,200249,37151,11,2,3,3,363,5,1,0,45,1,0,0,0,0,5.6000000000000005,5.5,10.0,1.815,7.0,0
687,218414,5518,3,6,3,1,479,5,2,1,39,1,0,0,0,0,4.8,7.5,9.45,6.395,7.0,0
349,150546,21652,21,5,4,2,734,0,0,0,40,1,0,0,0,0,10.0,8.0,10.0,3.67,4.0,0
816,222272,83461,23,6,2,2,274,7,2,1,44,0,0,0,0,0,10.0,5.0,10.0,5.37,8.2,0
577,212573,76011,3,8,2,3,661,12,2,1,48,1,0,0,0,0,6.0,4.0,10.0,7.305,10.0,0
599,48900,47348,4,8,2,2,986,14,2,1,37,1,0,0,0,0,6.4,5.0,9.35,8.93,10.0,0
434,34126,80422,6,3,4,3,473,3,0,1,9,1,0,0,0,0,4.2,7.0,5.55,6.365,5.8,0
446,131198,82001,5,9,3,3,846,12,0,1,42,1,0,0,0,0,7.3999999999999995,5.5,10.0,8.23,10.0,0
789,221762,81757,12,6,3,1,860,11,2,1,9,1,0,0,0,0,8.4,7.5,6.75,8.3,10.0,0
777,238816,29395,3,7,1,3,450,8,1,1,20,0,0,0,0,0,5.4,2.5,3.6,6.25,8.8,0
458,99303,7335,12,9,3,2,293,14,2,0,37,1,0,0,0,0,10.0,6.5,10.0,1.465,10.0,0
683,236651,75112,3,7,2,3,794,6,2,1,37,1,1,1,0,0,5.4,4.0,9.15,7.970000000000001,7.6,0
462,199066,5500,9,9,1,2,543,14,1,1,46,1,0,0,0,0,9.0,3.5,10.0,6.715,10.0,0
740,87061,97211,19,1,1,2,940,13,0,1,6,1,0,0,0,0,8.200000000000001,3.5,7.7,8.7,10.0,0
488,36978,13083,0,1,3,1,378,10,1,1,11,1,0,0,0,0,1.0,7.5,4.65,5.89,10.0,0
714,76344,86256,20,3,2,3,708,13,2,1,40,1,0,0,0,0,9.8,4.0,10.0,7.54,10.0,0
638,66648,10543,7,9,4,3,728,3,2,1,32,0,0,0,0,0,8.2,7.0,6.2,7.640000000000001,5.8,0
480,21055,73812,6,1,3,2,668,11,1,1,24,1,0,0,0,0,3.0000000000000004,6.5,7.8,7.34,10.0,0
587,95582,57237,4,1,1,1,504,0,2,1,27,1,0,0,0,0,2.2,4.5,7.85,6.52,4.0,0
486,101214,94716,2,5,3,3,955,8,2,1,23,1,1,1,0,0,3.8,5.5,6.85,8.775,8.8,0
437,195948,11613,14,8,1,2,163,9,0,1,47,1,1,0,0,0,10.0,3.5,10.0,4.8149999999999995,9.399999999999999,0
429,243232,71863,16,2,2,3,629,5,2,0,30,1,0,0,0,0,7.6000000000000005,4.0,10.0,3.145,7.0,0
493,127954,45540,22,4,3,3,325,5,2,1,17,0,0,0,0,0,10.0,5.5,6.95,5.625,7.0,0
615,58725,81202,12,6,4,3,309,0,2,1,22,0,0,0,0,0,8.4,7.0,5.7,5.545,4.0,0
443,156327,31255,14,1,2,3,449,4,2,0,6,1,0,0,0,0,6.2,4.0,6.7,2.245,6.4,0
315,226019,90666,18,4,3,1,820,3,1,1,49,1,0,0,0,1,9.6,7.5,10.0,8.1,5.8,0
601,73380,27068,19,4,3,2,160,14,2,1,7,1,0,0,0,0,10.0,6.5,7.8500000000000005,4.8,10.0,0
722,73333,54057,13,9,2,2,979,10,1,1,14,1,0,0,0,0,10.0,5.0,7.7,8.895,10.0,0
544,62459,23946,20,9,2,1,415,0,2,1,37,1,0,0,0,0,10.0,6.0,10.0,6.075,4.0,0
406,136518,25547,12,6,3,3,184,6,1,1,27,0,0,0,0,0,8.4,5.5,6.45,4.92,7.6,0
387,56163,90237,11,8,1,1,64,3,2,1,26,1,0,0,0,0,9.2,4.5,9.1,4.32,5.8,0
428,185043,10769,23,4,4,3,788,2,2,1,20,1,0,0,0,0,10.0,7.0,10.0,7.9399999999999995,5.2,0
640,247843,29883,22,8,3,3,320,1,2,1,43,1,0,0,0,0,10.0,5.5,10.0,5.6,4.6,0
303,216221,66340,8,3,2,2,163,7,1,1,26,1,0,0,0,0,5.0,5.0,8.5,4.8149999999999995,8.2,0
626,104730,84199,2,2,5,1,906,4,2,1,46,1,0,0,0,0,2.0,10.0,10.0,8.530000000000001,6.4,0
709,39476,40162,10,6,1,1,509,9,2,1,46,1,0,0,1,0,7.6,4.5,10.0,6.545,5.3999999999999995,0
605,88580,93388,9,5,4,2,510,8,2,1,41,1,0,0,0,0,6.6,8.0,10.0,6.55,8.8,0
524,125576,90924,0,8,2,2,199,4,1,1,40,1,0,0,0,0,4.8,5.0,9.0,4.995,6.4,0
647,106593,38434,16,1,3,2,515,9,1,1,13,1,0,0,0,0,7.0,6.5,8.15,6.575,9.399999999999999,0
620,220122,27102,12,3,2,3,158,11,2,1,20,0,0,0,0,0,6.6000000000000005,4.0,5.4,4.79,10.0,0
480,226598,26536,13,7,3,3,17,0,1,1,13,0,0,1,0,0,9.4,5.5,4.55,4.085,4.0,0
685,129071,82891,0,4,1,2,669,13,2,1,48,0,0,0,0,0,2.4,3.5,7.199999999999999,7.345000000000001,10.0,0
407,134832,72770,1,5,2,2,694,9,0,1,42,0,0,0,0,0,3.4,5.0,6.5,7.470000000000001,9.399999999999999,0
830,158579,55388,1,8,1,3,602,4,2,0,5,0,0,0,0,0,5.2,2.5,1.0,3.01,6.4,0
709,221465,55775,6,1,4,2,600,4,2,1,11,1,0,0,0,1,3.0000000000000004,8.0,5.85,7.0,6.4,0
595,163190,36147,8,1,2,2,478,7,1,1,27,1,0,1,0,0,3.8000000000000003,5.0,8.65,6.390000000000001,8.2,0
470,201601,55526,23,7,3,3,330,5,2,1,48,1,0,0,0,0,10.0,5.5,10.0,5.65,7.0,0
630,88682,28659,3,9,3,3,581,14,2,1,28,1,0,0,0,0,6.6,5.5,7.800000000000001,6.904999999999999,10.0,0
792,243009,87096,1,4,4,3,460,10,2,0,36,0,0,0,0,0,2.8,7.0,5.6,2.3,10.0,0
494,205248,28088,18,8,1,1,616,4,1,0,37,1,1,0,0,0,10.0,4.5,10.0,3.08,6.4,0
311,111713,73464,4,7,4,3,833,12,0,1,2,1,0,0,0,0,5.800000000000001,7.0,4.1,8.165,10.0,0
494,124060,64998,8,2,1,1,137,7,2,1,32,1,0,0,0,0,4.4,4.5,9.4,4.6850000000000005,8.2,0
789,155486,45382,23,5,3,3,643,14,1,1,49,1,0,0,0,0,10.0,5.5,10.0,7.215,10.0,0
481,103030,33184,12,9,3,2,296,0,2,1,45,1,0,0,0,0,10.0,6.5,10.0,5.48,4.0,0
615,140360,25099,11,9,1,2,862,4,2,1,11,1,0,0,0,0,9.8,3.5,6.85,8.309999999999999,6.4,0
329,105973,74810,18,3,2,3,96,2,2,1,11,1,0,0,0,0,9.0,4.0,8.25,4.48,5.2,0
395,213209,95506,8,3,2,3,903,4,2,1,10,0,0,0,0,0,5.0,4.0,3.1,8.515,6.4,0
680,155009,96280,9,2,2,3,90,2,2,1,27,1,0,0,0,0,4.8,4.0,8.85,4.45,5.2,0
743,56731,42739,18,7,4,1,543,14,2,1,34,1,0,0,0,0,10.0,9.0,10.0,6.715,10.0,0
597,237934,13389,9,6,2,2,261,3,2,1,33,0,0,0,0,0,7.199999999999999,5.0,6.75,5.305,5.8,0
660,189737,22352,11,5,4,3,199,10,1,1,21,1,0,1,0,0,7.4,7.0,8.35,4.995,10.0,0
673,225582,26148,13,7,2,3,833,8,2,0,38,1,0,0,0,0,9.4,4.0,10.0,4.165,8.8,0
602,168572,36828,7,4,5,1,607,1,2,1,22,0,0,0,0,0,5.2,10.0,4.7,7.035,4.6,0
720,134360,73040,15,5,3,2,493,13,2,1,11,1,0,0,0,0,9.0,6.5,7.65,6.465,10.0,0
545,21750,61795,16,9,3,3,388,9,2,1,18,1,0,0,0,0,10.0,5.5,8.9,5.9399999999999995,9.399999999999999,0
536,85018,63620,19,9,1,3,465,11,2,1,30,1,1,0,0,0,10.0,2.5,10.0,6.325,10.0,0
833,155099,99279,3,4,2,3,888,0,1,1,12,1,0,0,0,0,3.6,4.0,5.4,8.440000000000001,4.0,0
484,156817,99430,5,6,1,2,17,11,2,1,18,0,0,0,0,0,5.6,3.5,3.6999999999999997,4.085,10.0,0
767,212803,62114,11,2,2,3,327,3,2,1,35,1,0,0,0,0,5.6000000000000005,4.0,10.0,5.635,5.8,0
662,106984,45711,17,3,3,3,343,7,2,1,21,1,0,0,0,0,8.600000000000001,5.5,9.55,5.715,8.2,0
582,127983,22748,6,9,3,2,239,12,2,1,43,1,0,0,0,0,7.8,6.5,10.0,5.195,10.0,0
635,48451,93636,4,6,1,3,673,4,1,1,29,0,0,0,1,0,5.199999999999999,2.5,5.1499999999999995,7.365,2.4,0
461,113743,38691,9,8,2,2,517,8,2,1,3,1,0,0,1,0,8.4,5.0,5.25,6.585,4.8,0
459,91474,93517,5,5,2,1,799,9,1,1,12,1,0,0,0,0,5.0,6.0,5.8,7.995,9.399999999999999,0
773,212608,70282,13,2,1,3,536,2,1,0,19,1,0,0,0,0,6.4,2.5,8.45,2.68,5.2,0
621,32150,65360,5,7,2,3,989,12,0,1,38,1,0,0,0,0,6.2,4.0,9.7,8.945,10.0,0
311,33406,15246,13,6,3,3,484,8,1,1,5,0,0,0,0,0,8.8,5.5,3.35,6.42,8.8,0
723,170853,64395,11,2,1,2,933,0,1,1,43,1,0,0,0,0,5.6000000000000005,3.5,10.0,8.665,4.0,0
372,208489,37486,21,6,3,2,415,14,1,0,11,0,0,0,0,0,10.0,6.5,5.85,2.075,10.0,0
500,136047,35340,11,8,2,3,296,1,1,1,15,1,0,0,0,0,9.2,4.0,7.45,5.48,4.6,0
821,143971,89874,7,1,3,2,978,8,1,1,44,1,0,0,0,0,3.4000000000000004,6.5,10.0,8.89,8.8,0
804,123157,55300,9,4,2,3,769,13,2,1,16,0,0,0,0,0,6.0,4.0,4.2,7.845000000000001,10.0,0
338,38325,8086,15,1,3,2,776,8,1,1,7,1,0,0,0,0,6.6,6.5,7.05,7.88,8.8,0
359,219756,96071,19,2,1,3,455,9,2,1,32,1,0,0,1,0,8.8,2.5,10.0,6.275,5.3999999999999995,0
620,114415,19860,7,1,2,3,352,4,1,1,43,0,0,0,0,0,3.4000000000000004,4.0,7.8500000000000005,5.76,6.4,0
734,224541,22013,8,6,1,1,334,9,2,1,38,1,0,0,0,0,6.8,4.5,10.0,5.67,9.399999999999999,0
707,160508,12407,12,6,4,3,886,11,1,1,11,1,0,0,0,0,8.4,7.0,7.050000000000001,8.43,10.0,0
685,37669,38542,19,1,3,2,176,12,1,1,25,1,0,0,0,0,8.200000000000001,6.5,10.0,4.88,10.0,0
377,147385,29935,16,4,1,2,602,3,2,1,18,1,0,0,0,0,8.8,3.5,8.9,7.01,5.8,0
493,92010,54079,18,4,1,2,305,8,2,1,12,0,0,0,0,0,9.6,3.5,5.4,5.525,8.8,0
584,227836,39111,16,8,2,3,590,11,1,1,9,1,0,0,0,0,10.0,4.0,7.55,6.95,10.0,0
826,152915,61550,6,6,1,2,192,9,0,1,33,1,0,0,0,0,6.0,3.5,9.15,4.96,9.399999999999999,0
823,216681,80697,0,2,3,3,848,1,2,1,30,1,0,0,0,0,1.2,5.5,7.5,8.24,4.6,0
455,70812,94117,19,5,3,2,585,14,1,1,26,0,0,0,0,0,10.0,6.5,7.7,6.925,10.0,0
639,36059,91936,13,4,4,1,785,2,1,1,2,0,0,0,0,0,7.6,9.0,2.9,7.925,5.2,0
424,106269,81955,16,4,5,3,848,14,2,1,43,1,0,0,0,0,8.8,8.5,10.0,8.24,10.0,0
579,191840,45565,12,8,3,3,95,14,2,0,4,1,0,0,0,0,9.600000000000001,5.5,6.0,1.0,10.0,0
427,45395,24283,1,5,1,3,565,13,1,1,4,1,0,0,0,0,3.4,2.5,3.8,6.825,10.0,0
613,40202,71470,13,3,2,3,815,14,2,1,36,1,0,0,0,0,7.0,4.0,10.0,8.075,10.0,0
631,164345,91916,0,4,2,3,894,7,2,1,6,1,0,0,0,0,2.4,4.0,3.9,8.469999999999999,8.2,0
449,199961,84552,4,1,2,2,158,0,0,1,39,1,0,0,0,0,2.2,5.0,9.649999999999999,4.79,4.0,0
753,249707,43233,6,6,3,1,781,1,2,1,47,1,0,0,1,0,6.0,7.5,10.0,7.904999999999999,1.0,0
335,224120,27695,18,4,5,3,937,4,2,1,41,1,0,0,0,0,9.6,8.5,10.0,8.684999999999999,6.4,0
719,244839,95488,13,6,4,3,832,14,2,1,12,1,0,0,0,0,8.8,7.0,7.4,8.16,10.0,0
321,239882,47734,23,2,1,3,870,14,2,1,33,0,0,0,0,0,10.0,2.5,9.55,8.35,10.0,0
505,123235,86257,13,5,2,3,965,6,1,1,35,1,0,0,0,0,8.2,4.0,10.0,8.825,7.6,0
655,65510,6505,14,9,3,2,68,9,2,1,33,0,0,0,0,0,10.0,6.5,7.75,4.34,9.399999999999999,0
739,107945,10363,4,8,3,1,615,12,2,1,2,1,0,0,0,0,6.4,7.5,4.1,7.075,10.0,0
395,90649,53708,4,3,2,3,844,8,1,1,9,0,0,0,0,0,3.4,4.0,2.15,8.219999999999999,8.8,0
463,126723,48614,20,1,3,2,14,13,2,1,42,1,0,0,0,0,8.6,6.5,10.0,4.07,10.0,0
447,22881,6010,23,3,3,2,92,2,2,1,34,0,0,1,0,0,10.0,6.5,9.7,4.46,5.2,0
829,65913,24861,1,8,2,2,849,10,2,1,36,1,0,0,0,0,5.2,5.0,8.6,8.245000000000001,10.0,0
593,131860,29125,17,3,2,2,392,3,2,1,5,1,0,0,0,0,8.600000000000001,5.0,7.15,5.96,5.8,0
494,104785,14369,23,5,4,3,558,9,2,1,20,1,0,0,0,0,10.0,7.0,10.0,6.79,9.399999999999999,0
779,216109,74393,8,2,3,1,488,0,1,1,44,1,0,0,0,0,4.4,7.5,10.0,6.4399999999999995,4.0,0
422,82457,31671,9,1,1,3,36,11,2,1,4,1,0,0,0,0,4.2,2.5,5.4,4.18,10.0,0
699,186415,80400,17,5,3,3,534,0,1,0,2,1,1,0,0,0,9.8,5.5,6.7,2.67,4.0,0
751,213461,69512,3,5,3,2,911,0,1,1,19,1,0,0,0,0,4.2,6.5,6.45,8.555,4.0,0
403,229322,80656,7,6,4,2,586,3,2,1,29,0,0,0,0,0,6.4,8.0,5.75,6.93,5.8,0
761,159728,90759,17,2,2,1,423,8,2,1,11,1,0,0,0,0,8.0,6.0,8.05,6.115,8.8,0
695,25741,49138,19,9,5,3,724,7,2,1,34,1,0,0,0,0,10.0,8.5,10.0,7.62,8.2,0
636,167733,58420,16,2,1,2,189,3,2,1,31,1,0,0,0,0,7.6000000000000005,3.5,10.0,4.945,5.8,0
441,117091,73089,15,2,3,2,818,7,1,1,18,1,0,0,0,0,7.2,6.5,8.7,8.09,8.2,0
616,48690,20489,17,5,3,2,473,14,1,1,14,1,0,0,0,0,9.8,6.5,8.5,6.365,10.0,0
826,52833,64789,6,9,2,3,792,6,2,1,9,1,0,0,0,0,7.8,4.0,5.55,7.96,7.6,0
700,122566,74925,0,4,2,3,910,5,2,1,25,0,0,0,0,0,2.4,4.0,3.75,8.55,7.0,0
609,91240,54703,0,6,4,3,536,9,0,1,5,1,0,0,0,0,3.5999999999999996,7.0,3.75,6.68,9.399999999999999,0
794,126898,92486,17,2,3,3,10,11,1,1,47,1,0,0,0,0,8.0,5.5,10.0,4.05,10.0,0
408,97711,81625,3,4,2,2,280,1,1,1,46,1,0,0,0,0,3.6,5.0,10.0,5.4,4.6,0
671,208213,63228,22,9,1,3,493,14,2,1,25,1,0,0,0,0,10.0,2.5,10.0,6.465,10.0,0
505,229304,8051,19,2,1,1,965,2,2,1,1,1,0,0,0,0,8.8,4.5,6.95,8.825,5.2,0
342,59023,43090,20,1,1,3,57,3,1,1,48,0,0,0,0,0,8.6,2.5,10.0,4.285,5.8,0
544,60209,33805,19,4,5,3,703,6,1,1,47,1,0,0,0,0,10.0,8.5,10.0,7.515000000000001,7.6,0
586,113590,99978,3,4,3,2,192,7,1,1,31,1,0,0,0,0,3.6,6.5,8.25,4.96,8.2,0
654,106612,49557,24,1,5,2,849,13,1,0,2,1,0,0,0,0,10.0,9.5,8.100000000000001,4.245,10.0,0
775,100522,7555,5,4,1,3,382,10,1,1,18,0,0,0,0,0,4.4,2.5,3.6999999999999997,5.91,10.0,0
382,131654,55241,2,3,3,1,735,7,1,1,35,0,0,0,0,0,2.5999999999999996,7.5,5.65,7.675,8.2,0
409,165512,83303,5,2,1,2,548,3,2,1,19,1,0,0,0,0,3.2,3.5,6.85,6.74,5.8,0
489,139107,70994,12,4,3,3,516,8,1,1,29,1,0,0,0,0,7.200000000000001,5.5,9.75,6.58,8.8,0
550,159032,21066,22,8,2,3,747,7,2,1,36,1,0,1,0,0,10.0,4.0,10.0,7.734999999999999,8.2,0
590,42462,9721,6,7,1,3,679,10,1,1,44,1,0,0,0,0,6.6000000000000005,2.5,10.0,7.395,10.0,0
500,37821,82982,23,9,2,3,981,12,2,0,19,1,0,0,1,0,10.0,4.0,10.0,4.905,7.199999999999999,0
625,208844,11304,3,8,2,2,515,4,2,1,33,1,0,0,0,0,6.0,5.0,8.55,6.575,6.4,0
810,178330,47967,0,1,3,2,581,12,2,1,43,1,0,0,0,0,1.0,6.5,9.45,6.904999999999999,10.0,0
708,112889,83763,5,2,3,3,75,2,0,0,16,0,0,0,0,0,3.2,5.5,3.4,1.0,5.2,0
807,108952,45462,23,2,3,3,695,1,1,1,41,1,0,0,0,0,10.0,5.5,10.0,7.475,4.6,0
371,213596,76834,4,8,5,1,61,11,1,1,22,1,0,0,0,0,6.4,10.0,7.1,4.305,10.0,0
546,173187,55155,12,4,2,2,479,8,1,1,40,1,0,0,0,0,7.200000000000001,5.0,10.0,6.395,8.8,0
643,138066,80842,18,9,2,2,252,0,2,1,8,1,0,0,0,0,10.0,5.0,7.8,5.26,4.0,0
353,197505,7589,3,2,3,3,346,6,2,1,26,0,0,0,0,0,2.4000000000000004,5.5,4.5,5.73,7.6,0
827,241576,42078,23,4,2,2,812,10,1,1,16,0,0,0,0,0,10.0,5.0,7.0,8.059999999999999,10.0,0
831,239339,59918,5,1,1,3,765,12,2,1,40,1,0,0,0,0,2.6,2.5,10.0,7.825,10.0,0
492,239393,18601,12,3,3,3,130,13,1,1,45,1,0,0,0,0,6.6000000000000005,5.5,10.0,4.65,10.0,0
357,99364,12711,4,6,1,3,563,6,1,1,16,0,0,0,0,0,5.199999999999999,2.5,3.2,6.8149999999999995,7.6,0
736,90077,91900,12,9,1,3,705,0,2,1,48,1,0,0,0,1,10.0,2.5,10.0,7.525,4.0,0
410,60644,64430,24,1,1,2,54,13,1,1,1,1,0,0,0,0,10.0,3.5,7.950000000000001,4.27,10.0,0
428,82643,68327,9,5,1,1,61,6,2,1,14,1,0,0,0,0,6.6,4.5,6.9,4.305,7.6,0
625,33311,8970,2,2,1,3,160,13,2,1,10,1,0,1,0,0,2.0,2.5,4.9,4.8,10.0,0
307,149466,74535,22,7,1,2,422,0,2,1,36,0,0,0,0,0,10.0,3.5,9.8,6.109999999999999,4.0,0
328,50531,91570,24,4,2,2,550,1,1,1,40,0,0,0,0,0,10.0,5.0,10.0,6.75,4.6,0
411,34588,41176,12,5,2,3,578,8,2,0,8,1,0,0,0,0,7.800000000000001,4.0,6.6000000000000005,2.89,8.8,0
430,69416,46730,11,8,1,2,507,14,2,1,13,1,0,0,0,0,9.2,3.5,7.15,6.535,10.0,0
487,163452,87168,3,2,3,3,796,7,2,1,7,1,0,0,0,0,2.4000000000000004,5.5,4.65,7.98,8.2,0
774,193717,18385,9,3,2,2,218,8,2,1,42,1,0,1,0,1,5.4,5.0,10.0,5.09,8.8,0
663,168890,10950,2,5,1,2,17,11,1,1,11,1,0,0,0,0,3.8,3.5,5.05,4.085,10.0,0
503,181929,78511,16,4,2,2,955,8,2,1,6,1,0,0,0,0,8.8,5.0,7.1,8.775,8.8,0
511,41711,58009,8,5,2,3,400,3,1,1,2,1,0,1,0,0,6.2,4.0,4.9,6.0,5.8,0
575,156169,91850,0,3,2,3,256,14,1,1,25,1,0,0,0,0,1.7999999999999998,4.0,6.75,5.28,10.0,0
372,136348,28398,17,9,2,2,404,4,1,1,2,1,0,1,0,0,10.0,5.0,6.7,6.02,6.4,0
542,179465,30277,8,8,3,2,716,9,1,1,45,1,0,0,0,0,8.0,6.5,10.0,7.58,9.399999999999999,0
401,42076,31761,20,6,3,3,843,6,2,1,3,1,0,0,0,0,10.0,5.5,7.45,8.215,7.6,0
470,104274,69435,19,1,4,1,348,5,1,0,31,0,0,0,0,0,8.200000000000001,9.0,8.45,1.74,7.0,0
487,77609,68944,24,4,2,2,421,14,2,1,45,1,0,1,0,0,10.0,5.0,10.0,6.105,10.0,0
740,180389,36533,8,7,2,2,961,8,2,1,13,1,0,0,0,0,7.4,5.0,6.55,8.805,8.8,0
385,78480,77502,1,5,2,3,549,1,2,1,2,0,0,0,0,0,3.4,4.0,1.0,6.745,4.6,0
775,27044,77123,18,4,3,2,354,14,1,1,12,1,0,0,0,0,9.6,6.5,8.4,5.77,10.0,0
351,222105,27880,15,9,1,1,852,7,2,1,7,1,0,0,0,0,10.0,4.5,7.05,8.26,8.2,0
410,75486,75627,2,8,2,3,305,13,2,1,37,1,0,0,0,0,5.6,4.0,8.95,5.525,10.0,0
342,75162,46753,15,3,2,1,244,14,2,1,1,1,0,0,0,0,7.8,6.0,6.15,5.22,10.0,0
510,230359,87597,20,6,3,3,651,14,1,1,37,1,0,0,0,0,10.0,5.5,10.0,7.255,10.0,0
499,49882,92829,12,4,4,3,597,1,2,1,45,1,0,0,0,0,7.200000000000001,7.0,10.0,6.984999999999999,4.6,0
325,74078,6561,2,7,4,2,454,13,2,1,30,1,0,0,0,0,5.0,8.0,7.9,6.27,10.0,0
598,78734,58205,9,1,1,1,242,13,2,1,38,1,0,0,0,0,4.2,4.5,10.0,5.21,10.0,0
376,128730,64810,21,1,2,3,751,1,2,0,26,0,0,1,0,0,9.0,4.0,8.1,3.755,4.6,0
436,194898,69482,17,6,3,2,853,2,0,1,16,1,0,0,0,0,10.0,6.5,8.8,8.265,5.2,0
319,107985,74192,5,7,2,2,891,3,1,1,34,1,0,0,0,0,6.2,5.0,9.1,8.455,5.8,0
739,64028,92154,5,9,2,3,930,5,2,1,45,1,0,0,0,0,7.3999999999999995,4.0,10.0,8.65,7.0,0
510,202403,91066,17,7,3,3,872,13,1,1,23,1,0,0,0,0,10.0,5.5,9.85,8.36,10.0,0
734,118938,92408,5,9,3,1,319,5,1,1,0,0,0,0,0,0,7.3999999999999995,7.5,1.0,5.595,7.0,0
506,138319,33330,5,9,5,1,922,13,1,1,28,1,0,1,0,0,7.3999999999999995,10.0,8.2,8.61,10.0,0
738,52543,21139,21,8,2,2,953,1,2,1,25,1,0,0,0,0,10.0,5.0,10.0,8.765,4.6,0
341,144279,37977,12,7,2,3,917,5,2,1,43,1,0,0,0,0,9.0,4.0,10.0,8.585,7.0,0
710,49362,9983,13,3,2,3,710,7,0,1,34,1,0,0,0,0,7.0,4.0,10.0,7.55,8.2,0
822,178387,44909,20,3,3,3,487,4,1,1,43,1,0,0,0,0,9.8,5.5,10.0,6.4350000000000005,6.4,0
726,178818,69480,6,5,3,3,523,0,1,1,23,1,0,0,0,0,5.4,5.5,7.65,6.615,4.0,0
574,161129,54029,12,7,3,3,345,14,2,1,45,1,0,0,0,0,9.0,5.5,10.0,5.725,10.0,0
747,62915,26329,14,7,5,2,586,7,2,1,32,0,0,0,0,0,9.8,9.5,7.6,6.93,8.2,0
668,172133,41734,11,1,3,2,61,5,0,1,25,1,1,0,0,0,5.0,6.5,8.95,4.305,7.0,0
519,71370,47837,20,8,2,3,555,1,2,1,36,1,0,0,0,0,10.0,4.0,10.0,6.775,4.6,0
531,185229,79354,0,1,3,2,310,6,1,0,38,1,1,0,0,0,1.0,6.5,8.7,1.55,7.6,0
627,131375,81454,24,4,3,2,761,13,2,1,25,1,0,0,0,0,10.0,6.5,10.0,7.805,10.0,0
742,162394,71786,2,2,1,2,650,7,2,1,37,1,0,0,0,0,2.0,3.5,8.95,7.25,8.2,0
351,89812,9758,17,5,2,3,252,1,2,1,49,1,1,0,0,0,9.8,4.0,10.0,5.26,4.6,0
675,228914,72699,21,6,3,2,365,13,1,1,37,1,0,0,0,0,10.0,6.5,10.0,5.825,10.0,0
562,54017,87673,7,4,2,2,829,0,2,1,10,1,0,0,0,0,5.2,5.0,5.9,8.145,4.0,0
566,76792,26832,1,4,3,3,844,5,1,1,28,1,0,0,0,0,2.8,5.5,7.4,8.219999999999999,7.0,0
658,178814,6868,3,7,2,2,619,12,2,1,28,1,0,0,0,0,5.4,5.0,7.800000000000001,7.095000000000001,10.0,0
616,248208,55665,17,4,5,3,597,5,1,0,2,1,0,0,0,0,9.200000000000001,8.5,6.7,2.985,7.0,0
623,215880,46862,24,2,2,2,833,7,2,0,8,1,0,0,0,0,10.0,5.0,9.0,4.165,8.2,0
720,149198,24728,12,4,1,3,451,13,2,1,34,1,0,0,0,0,7.200000000000001,2.5,10.0,6.255,10.0,0
345,37629,98565,14,7,2,2,886,14,2,0,5,1,0,0,0,0,9.8,5.0,6.550000000000001,4.43,10.0,0
568,148614,44857,1,1,2,3,740,6,2,1,8,1,0,0,0,0,1.0,4.0,4.4,7.7,7.6,0
680,159317,33183,9,4,2,3,827,7,2,1,7,1,0,0,0,0,6.0,4.0,5.85,8.135,8.2,0
417,116950,93321,1,6,2,3,622,9,1,1,26,1,1,0,0,0,3.9999999999999996,4.0,7.1,7.109999999999999,9.399999999999999,0
415,194942,23940,20,8,3,3,128,9,2,1,33,1,0,0,0,0,10.0,5.5,10.0,4.64,9.399999999999999,0
559,246706,10280,11,8,2,1,418,13,2,0,23,1,0,0,0,0,9.2,6.0,8.65,2.09,10.0,0
374,84829,7164,4,9,3,3,661,4,2,1,47,1,0,0,0,0,7.0,5.5,10.0,7.305,6.4,0
779,30588,97724,11,5,3,3,380,1,2,1,4,1,0,0,0,0,7.4,5.5,5.800000000000001,5.9,4.6,0
604,151514,84624,22,2,3,3,746,14,2,1,9,1,0,0,0,0,10.0,5.5,8.75,7.73,10.0,0
306,125280,23405,0,3,2,3,776,4,2,1,19,1,0,0,0,0,1.7999999999999998,4.0,5.85,7.88,6.4,0
665,228411,7821,1,2,2,2,82,1,2,1,21,1,0,0,0,0,1.6,5.0,6.35,4.41,4.6,0
822,60721,60090,15,9,2,3,458,8,1,1,11,0,0,0,0,0,10.0,4.0,4.65,6.29,8.8,0
647,188217,27516,21,6,4,1,833,4,2,1,43,1,0,0,0,0,10.0,9.0,10.0,8.165,6.4,0
737,30599,15473,1,1,4,3,827,0,1,1,28,1,0,0,0,0,1.0,7.0,7.4,8.135,4.0,0
514,92594,51454,15,3,2,2,480,8,2,1,30,1,0,0,0,0,7.8,5.0,10.0,6.4,8.8,0
728,233814,47530,19,7,1,2,165,9,1,1,5,1,0,0,0,0,10.0,3.5,7.550000000000001,4.825,9.399999999999999,0
797,228502,82714,15,7,1,3,780,14,1,1,45,1,0,1,0,0,10.0,2.5,10.0,7.9,10.0,0
839,154011,97554,5,5,2,3,943,4,1,1,6,1,0,0,0,0,5.0,4.0,4.9,8.715,6.4,0
666,42149,87633,12,3,2,3,585,10,1,1,32,0,0,0,0,0,6.6000000000000005,4.0,7.2,6.925,10.0,0
612,147616,84632,11,7,3,3,319,0,1,1,45,1,0,0,0,0,8.600000000000001,5.5,10.0,5.595,4.0,0
837,217639,74081,22,5,2,3,45,14,2,0,14,1,0,0,0,0,10.0,4.0,9.5,1.0,10.0,0
353,161280,29798,9,6,3,3,257,8,1,1,12,1,0,0,0,0,7.199999999999999,5.5,6.6,5.285,8.8,0
840,217170,5863,4,3,4,1,437,8,2,1,23,1,0,0,0,0,3.4,9.0,7.25,6.1850000000000005,8.8,0
766,129034,21148,7,6,3,3,53,9,0,1,29,1,0,0,0,0,6.4,5.5,8.75,4.265,9.399999999999999,0
463,200564,91545,5,7,1,3,462,9,1,1,32,1,0,0,0,0,6.2,2.5,8.8,6.3100000000000005,9.399999999999999,0
633,40951,59459,4,8,2,3,128,8,2,1,19,1,0,0,0,0,6.4,4.0,6.65,4.64,8.8,0
846,199992,88345,19,2,2,3,358,14,2,1,18,1,0,0,0,1,8.8,4.0,9.5,5.79,10.0,0
647,66766,89224,21,2,4,3,702,5,2,1,18,1,0,1,0,0,9.6,7.0,9.9,7.51,7.0,0
572,77014,71189,5,6,2,2,918,9,2,1,37,1,1,0,0,0,5.6,5.0,9.55,8.59,9.399999999999999,0
713,179423,13129,21,8,2,3,949,9,1,0,23,1,0,0,0,0,10.0,4.0,10.0,4.745,9.399999999999999,0
799,235288,96954,16,5,2,2,397,1,1,1,4,1,0,0,0,0,9.4,5.0,6.800000000000001,5.985,4.6,0
392,200458,28118,5,1,2,3,79,11,2,1,21,1,0,0,0,0,2.6,4.0,7.15,4.395,10.0,0
378,107122,5443,16,1,3,2,956,12,2,1,21,1,0,1,0,0,7.0,6.5,9.35,8.780000000000001,10.0,0
516,29308,32041,4,9,1,3,879,6,2,1,27,0,0,0,0,0,7.0,2.5,4.85,8.395,7.6,0
657,79252,94379,22,4,2,3,463,1,1,1,16,0,0,0,0,0,10.0,4.0,6.800000000000001,6.3149999999999995,4.6,0
806,226217,26053,16,1,1,3,276,3,1,1,30,1,0,0,0,0,7.0,2.5,10.0,5.38,5.8,0
480,246103,42204,16,8,2,3,740,3,1,1,46,1,0,0,0,0,10.0,4.0,10.0,7.7,5.8,0
545,103211,47240,12,2,3,2,447,9,2,1,6,1,0,0,0,0,6.000000000000001,6.5,6.300000000000001,6.234999999999999,9.399999999999999,0
543,179136,98749,21,2,1,3,375,6,1,1,16,1,0,0,0,1,9.6,2.5,9.6,5.875,7.6,0
805,204951,66102,6,1,2,3,711,5,2,0,11,1,0,0,0,0,3.0000000000000004,4.0,5.85,3.555,7.0,0
721,146534,13291,21,1,3,1,777,11,2,1,6,1,0,0,1,0,9.0,7.5,8.1,7.885,6.6,0
619,28720,21285,20,9,3,1,196,10,2,1,28,1,0,0,0,0,10.0,7.5,10.0,4.98,10.0,0
386,146204,97422,5,1,1,1,236,11,0,1,44,1,0,0,0,0,2.6,4.5,10.0,5.18,10.0,0
516,194012,66589,13,6,2,3,70,12,0,1,7,1,0,0,0,0,8.8,4.0,6.65,4.35,10.0,0
789,99993,18944,15,7,1,3,177,11,2,1,3,1,0,0,0,0,10.0,2.5,6.45,4.885,10.0,0
818,219547,93876,2,4,2,3,141,9,2,1,39,0,0,0,0,0,3.2,4.0,6.25,4.705,9.399999999999999,0
577,67113,59391,8,5,2,3,164,6,2,1,15,1,0,0,0,0,6.2,4.0,6.85,4.82,7.6,0
468,68926,6607,14,4,1,2,793,5,1,1,15,0,0,0,0,0,8.0,3.5,5.050000000000001,7.965,7.0,0
629,189275,7953,20,4,5,3,731,0,2,1,21,1,0,0,0,0,10.0,8.5,10.0,7.654999999999999,4.0,0
740,239973,49941,17,1,1,2,16,14,2,1,10,1,0,0,0,0,7.4,3.5,7.9,4.08,10.0,0
690,156464,76469,9,6,3,2,532,14,2,1,40,0,0,0,0,0,7.199999999999999,6.5,7.8,6.66,10.0,0
795,45905,81922,9,7,3,2,721,10,1,1,10,0,0,0,0,0,7.800000000000001,6.5,3.3,7.605,10.0,0
680,224580,66683,22,7,5,2,260,3,1,1,4,1,0,0,0,0,10.0,9.5,8.0,5.3,5.8,0
605,70385,75218,2,8,2,2,585,13,1,0,41,1,0,0,0,0,5.6,5.0,9.55,2.925,10.0,0
812,50653,16154,0,7,4,1,701,2,2,1,37,1,0,0,0,0,4.2,9.0,8.55,7.505,5.2,0
487,111865,14047,2,6,5,2,649,14,1,1,47,1,0,1,0,0,4.3999999999999995,9.5,10.0,7.245,10.0,0
815,235792,93529,24,8,1,2,271,6,1,1,11,1,0,0,0,0,10.0,3.5,9.450000000000001,5.355,7.6,0
726,145813,80874,4,3,2,3,129,12,1,1,39,1,1,1,0,0,3.4,4.0,9.649999999999999,4.645,10.0,0
801,165871,19323,6,9,1,2,57,6,2,1,24,1,1,1,0,0,7.8,3.5,7.8,4.285,7.6,0
559,211175,42693,2,3,3,2,78,11,2,1,44,1,0,0,0,0,2.5999999999999996,6.5,10.0,4.39,10.0,0
812,35052,63730,3,4,2,1,898,11,2,1,12,1,0,0,0,0,3.6,6.0,5.4,8.49,10.0,0
370,157116,94170,16,6,2,3,271,10,2,1,47,1,0,0,0,0,10.0,4.0,10.0,5.355,10.0,0
777,170943,31292,2,8,3,3,751,3,2,1,25,1,0,0,0,0,5.6,5.5,7.15,7.755,5.8,0
477,240375,50111,22,3,1,3,773,6,0,1,10,1,0,0,0,0,10.0,2.5,8.9,7.865,7.6,0
756,171306,80453,3,6,3,3,454,3,2,1,39,1,0,0,0,0,4.8,5.5,9.45,6.27,5.8,0
488,41381,80681,1,5,1,2,971,8,2,0,22,1,0,0,0,0,3.4,3.5,6.5,4.855,8.8,0
590,168346,44491,13,5,3,1,488,2,2,1,12,1,0,0,0,0,8.2,7.5,7.4,6.4399999999999995,5.2,0
819,238912,54336,4,5,1,2,240,9,1,0,32,1,0,0,0,0,4.6,3.5,8.6,1.2,9.399999999999999,0
591,103108,21905,20,9,2,3,233,14,0,1,27,1,0,0,0,0,10.0,4.0,10.0,5.165,10.0,0
582,69892,35273,1,7,3,3,466,1,1,1,3,0,0,0,0,0,4.6000000000000005,5.5,1.0,6.33,4.6,0
843,201593,31234,14,9,2,1,728,4,1,1,27,1,0,0,0,0,10.0,6.0,9.85,7.640000000000001,6.4,0
676,111501,83885,10,9,2,1,862,8,2,1,33,0,0,1,0,0,9.399999999999999,6.0,6.95,8.309999999999999,8.8,0
455,234992,71538,21,6,4,2,375,10,1,1,9,0,0,0,0,0,10.0,8.0,5.55,5.875,10.0,0
807,103391,37573,9,6,1,2,958,2,1,1,48,0,0,0,0,0,7.199999999999999,3.5,9.0,8.79,5.2,0
712,37920,98339,19,4,3,3,37,0,2,0,7,1,0,0,0,0,10.0,5.5,7.8500000000000005,1.0,4.0,0
827,36702,69320,0,8,1,3,886,8,2,1,8,1,0,0,0,0,4.8,2.5,4.2,8.43,8.8,0
654,21894,16330,18,2,1,3,740,4,2,1,17,0,1,0,1,0,8.4,2.5,6.15,7.7,2.4,0
486,50985,97040,13,5,1,2,910,1,2,1,1,1,0,0,0,0,8.2,3.5,5.75,8.55,4.6,0
330,179359,85516,24,1,5,2,858,5,2,1,17,1,0,0,0,0,10.0,9.5,10.0,8.29,7.0,0
559,145702,77553,22,2,1,3,110,2,2,1,39,1,0,0,0,0,10.0,2.5,10.0,4.55,5.2,0
720,93527,46353,21,1,4,3,67,13,2,1,1,0,0,0,0,0,9.0,7.0,4.3500000000000005,4.335,10.0,0
828,166511,21011,13,6,5,2,33,8,1,1,21,1,1,0,0,0,8.8,9.5,8.75,4.165,8.8,0
603,148676,88537,0,2,2,3,424,2,1,1,15,0,0,0,0,0,1.2,4.0,2.25,6.12,5.2,0
338,245692,65985,24,4,3,3,236,1,1,1,36,1,0,0,0,0,10.0,5.5,10.0,5.18,4.6,0
788,62235,22044,8,5,3,1,178,2,2,1,31,1,0,0,0,0,6.2,7.5,9.25,4.89,5.2,0
841,178731,43292,16,7,2,3,498,5,2,1,9,1,0,1,0,0,10.0,4.0,7.55,6.49,7.0,0
577,44976,10250,13,1,1,2,255,2,2,1,40,1,0,0,0,0,5.8,3.5,10.0,5.275,5.2,0
502,102643,28289,12,5,2,3,845,8,0,1,33,0,0,0,0,0,7.800000000000001,4.0,7.3500000000000005,8.225,8.8,0
365,218937,38087,12,4,3,1,733,8,1,1,47,1,0,0,0,0,7.200000000000001,7.5,10.0,7.665,8.8,0
407,127631,80952,5,7,3,3,372,8,2,0,15,1,0,0,0,0,6.2,5.5,6.25,1.86,8.8,0
567,219378,95695,6,7,2,1,474,1,2,1,48,1,0,0,0,0,6.6000000000000005,6.0,10.0,6.37,4.6,0
521,76697,41368,1,8,1,1,439,14,2,1,33,1,0,0,0,0,5.2,4.5,8.15,6.195,10.0,0
829,90382,75815,7,4,4,3,787,6,1,1,36,1,0,0,0,0,5.2,7.0,9.8,7.9350000000000005,7.6,0
389,36651,95693,23,4,1,3,430,14,2,1,39,0,0,0,0,0,10.0,2.5,10.0,6.15,10.0,0
554,200116,66040,5,5,3,3,926,11,2,1,33,1,0,0,0,0,5.0,5.5,8.95,8.629999999999999,10.0,0
754,34633,63900,24,5,1,3,30,1,2,1,43,1,0,0,0,0,10.0,2.5,10.0,4.15,4.6,0
552,99164,20494,2,3,3,3,645,0,0,1,12,0,0,0,0,1,2.5999999999999996,5.5,2.1999999999999997,7.225,4.0,0
556,20569,50166,17,5,4,3,378,4,2,1,47,1,0,0,0,0,9.8,7.0,10.0,5.89,6.4,0
682,210972,96110,17,5,2,2,473,10,1,1,36,1,0,0,0,0,9.8,5.0,10.0,6.365,10.0,0
741,87509,30333,21,8,1,1,106,10,2,1,11,1,0,0,0,0,10.0,4.5,8.85,4.53,10.0,0
389,143425,38050,22,7,2,2,659,7,2,0,14,1,0,1,0,0,10.0,5.0,9.5,3.295,8.2,0
689,121126,84566,5,8,2,2,501,13,1,1,29,1,0,0,0,0,6.8,5.0,8.35,6.505,10.0,0
343,147522,93257,10,5,2,2,859,2,2,1,30,1,0,0,0,0,7.0,5.0,9.5,8.295,5.2,0
318,53038,53070,2,2,3,3,362,6,2,1,28,1,0,0,0,0,2.0,5.5,7.6000000000000005,5.8100000000000005,7.6,0
400,200160,10166,15,8,2,3,614,5,2,1,33,1,0,0,0,0,10.0,4.0,10.0,7.07,7.0,0
656,224249,12121,4,9,2,3,104,10,0,1,31,1,0,0,0,0,7.0,4.0,8.45,4.52,10.0,0
841,225538,19677,23,2,3,3,33,12,1,1,43,0,0,0,0,0,10.0,5.5,10.0,4.165,10.0,0
332,223288,61561,21,1,3,2,389,13,2,0,22,1,0,0,0,0,9.0,6.5,10.0,1.945,10.0,0
528,217865,86909,1,6,2,2,405,0,2,1,9,1,0,0,0,0,3.9999999999999996,5.0,4.55,6.025,4.0,0
823,224858,92409,14,3,3,3,413,11,2,1,7,1,0,0,0,0,7.4,5.5,6.8500000000000005,6.0649999999999995,10.0,0
454,58138,42664,15,1,3,3,975,6,2,1,20,1,0,0,0,0,6.6,5.5,9.0,8.875,7.6,0
722,214382,6293,6,6,2,2,657,2,2,1,10,1,0,0,0,0,6.0,5.0,5.7,7.285,5.2,0
545,179829,27443,15,8,2,3,855,13,2,1,11,1,0,0,0,0,10.0,4.0,7.65,8.275,10.0,0
704,221466,54212,23,9,1,1,142,3,2,1,48,1,0,0,0,0,10.0,4.5,10.0,4.71,5.8,0
840,230099,89131,3,6,3,2,63,13,2,1,38,1,0,0,0,0,4.8,6.5,9.3,4.315,10.0,0
460,241902,80276,15,6,3,2,301,9,1,1,46,1,0,1,0,0,9.6,6.5,10.0,5.505,9.399999999999999,0
416,207223,17559,16,1,3,2,121,1,2,1,18,1,0,0,0,0,7.0,6.5,8.9,4.605,4.6,0
570,130740,70231,1,5,1,3,431,14,2,1,33,1,0,0,0,0,3.4,2.5,8.15,6.154999999999999,10.0,0
786,131174,44044,15,3,2,1,140,10,1,1,37,1,0,0,0,0,7.8,6.0,10.0,4.7,10.0,0
471,69272,26747,3,7,3,3,429,0,1,1,33,1,0,0,0,0,5.4,5.5,8.55,6.145,4.0,0
573,157980,78509,6,9,2,1,287,4,1,1,45,1,0,0,0,0,7.8,6.0,10.0,5.4350000000000005,6.4,0
558,161916,85869,17,6,1,3,785,5,0,1,25,1,0,0,0,0,10.0,2.5,10.0,7.925,7.0,0
434,71455,35129,5,5,2,3,966,10,2,1,39,1,0,0,0,0,5.0,4.0,9.85,8.83,10.0,0
721,88447,5037,17,7,3,3,903,1,1,1,15,1,0,0,0,0,10.0,5.5,8.65,8.515,4.6,0
720,225599,53503,6,9,1,2,599,9,1,1,18,0,1,0,0,0,7.8,3.5,3.9,6.995,9.399999999999999,0
485,97108,33207,1,5,2,3,784,5,2,1,49,0,0,0,0,0,3.4,4.0,7.55,7.92,7.0,0
663,194138,38241,18,5,3,3,77,5,2,1,28,1,0,0,0,0,10.0,5.5,10.0,4.385,7.0,0
677,246301,5058,8,4,3,1,583,7,2,1,44,1,0,0,0,0,5.6,7.5,10.0,6.915,8.2,0
822,191076,73172,3,5,3,1,412,7,1,1,37,0,0,0,0,0,4.2,7.5,6.15,6.0600000000000005,8.2,0
495,58333,19834,13,7,3,2,884,5,2,1,35,0,0,0,0,0,9.4,6.5,7.85,8.42,7.0,0
397,141219,86113,4,3,1,2,184,6,2,1,20,0,0,0,0,0,3.4,3.5,3.8,4.92,7.6,0
321,103029,32190,24,4,2,1,289,3,2,0,9,1,0,0,0,0,10.0,6.0,9.15,1.445,5.8,0
749,59697,77832,6,9,3,3,473,4,2,1,46,1,0,0,0,0,7.8,5.5,10.0,6.365,6.4,0
471,37634,26383,7,2,1,2,399,5,1,1,22,0,0,0,0,0,4.0,3.5,4.7,5.995,7.0,0
682,145520,29660,14,8,3,3,757,14,2,1,43,1,0,0,0,0,10.0,5.5,10.0,7.785,10.0,0
433,44561,7674,18,9,3,3,145,5,2,0,43,0,1,0,0,0,10.0,5.5,10.0,1.0,7.0,0
725,169105,27820,10,5,2,3,418,2,2,1,6,0,0,0,0,0,7.0,4.0,2.9,6.09,5.2,0
324,223959,90040,19,7,2,1,233,8,1,1,37,1,0,1,0,0,10.0,6.0,10.0,5.165,8.8,0
802,75063,30666,22,6,2,3,610,3,2,1,4,1,0,0,0,0,10.0,4.0,8.0,7.05,5.8,0
484,45921,48794,3,1,2,2,979,7,2,1,18,0,0,0,0,0,1.8000000000000003,5.0,3.3,8.895,8.2,0
384,39340,7076,17,8,2,2,628,12,2,1,45,1,0,0,0,0,10.0,5.0,10.0,7.140000000000001,10.0,0
443,82781,69854,13,9,4,2,562,3,2,1,32,1,0,0,0,0,10.0,8.0,10.0,6.8100000000000005,5.8,0
711,34901,57342,5,1,2,3,707,14,2,1,23,1,0,0,0,0,2.6,4.0,7.449999999999999,7.535,10.0,0
523,30638,42555,24,8,3,3,986,5,2,1,42,0,0,0,0,0,10.0,5.5,10.0,8.93,7.0,0
519,189668,60208,15,3,1,1,197,0,2,0,22,1,0,0,0,0,7.8,4.5,9.3,1.0,4.0,0
478,237986,37406,17,6,1,2,887,13,2,1,21,0,0,1,0,0,10.0,3.5,6.550000000000001,8.434999999999999,10.0,0
732,64324,66572,0,8,1,2,396,1,1,1,35,1,0,0,0,1,4.8,3.5,8.25,5.98,4.6,0
564,108356,45262,7,5,3,3,18,14,1,1,45,1,0,0,0,0,5.800000000000001,5.5,10.0,4.09,10.0,0
728,241668,96320,0,8,2,3,189,5,2,1,20,0,0,0,0,0,4.8,4.0,3.0,4.945,7.0,0
715,52642,91661,0,7,2,2,707,2,1,1,17,1,0,0,0,0,4.2,5.0,5.55,7.535,5.2,0
752,45378,28216,18,7,3,2,453,10,2,0,37,1,0,0,0,0,10.0,6.5,10.0,2.265,10.0,0
496,70867,73117,20,7,1,3,603,6,2,1,26,1,0,0,0,0,10.0,2.5,10.0,7.015000000000001,7.6,0
352,93686,86136,24,9,2,2,698,0,2,1,36,1,0,0,0,0,10.0,5.0,10.0,7.49,4.0,0
779,62875,35284,9,6,2,2,615,13,1,1,48,1,0,0,0,0,7.199999999999999,5.0,10.0,7.075,10.0,0
742,138171,25171,17,6,2,3,910,2,2,1,24,1,0,0,0,0,10.0,4.0,10.0,8.55,5.2,0
629,240667,95627,11,9,2,2,455,2,2,1,38,1,0,0,0,0,9.8,5.0,10.0,6.275,5.2,0
550,120061,19333,16,6,2,3,125,13,2,1,29,1,0,0,0,0,10.0,4.0,10.0,4.625,10.0,0
422,234801,35535,0,7,2,2,681,11,1,1,42,0,0,0,0,0,4.2,5.0,6.3,7.404999999999999,10.0,0
686,84377,94023,7,7,4,3,254,0,1,1,13,0,0,0,0,0,7.0,7.0,3.35,5.27,4.0,0
638,74691,80940,9,2,4,3,292,14,2,0,33,1,0,0,0,0,4.8,7.0,9.75,1.46,10.0,0
647,244409,38700,9,8,3,3,222,3,2,1,31,1,0,0,0,1,8.4,5.5,9.45,5.11,5.8,0
328,215375,88583,17,6,4,3,673,7,1,1,30,1,0,0,0,0,10.0,7.0,10.0,7.365,8.2,0
334,211911,46516,8,4,2,2,687,10,2,1,48,1,0,0,0,0,5.6,5.0,10.0,7.4350000000000005,10.0,0
817,69063,20577,24,7,3,1,460,6,2,1,1,1,0,0,0,0,10.0,7.5,7.950000000000001,6.3,7.6,0
695,111782,94834,1,8,2,2,921,6,0,1,46,1,0,0,0,0,5.2,5.0,10.0,8.605,7.6,0
593,98343,20015,2,1,3,2,664,13,2,1,38,0,0,0,0,0,1.4,6.5,6.1000000000000005,7.32,10.0,0
648,103071,96104,1,4,2,1,34,14,2,1,34,1,0,0,0,0,2.8,6.0,8.3,4.17,10.0,0
446,156564,96740,5,4,1,3,721,4,2,1,22,1,0,0,0,0,4.4,2.5,7.3,7.605,6.4,0
366,141399,96803,22,9,3,2,242,13,1,1,5,1,0,0,0,0,10.0,6.5,8.15,5.21,10.0,0
819,51357,26236,11,6,3,1,525,12,1,1,20,1,0,0,0,0,8.0,7.5,8.2,6.625,10.0,0
421,222910,71640,21,4,3,3,297,3,2,1,25,1,0,0,0,0,10.0,5.5,10.0,5.485,5.8,0
639,52314,88190,18,1,1,3,694,9,0,1,29,1,0,0,0,0,7.8,2.5,10.0,7.470000000000001,9.399999999999999,0
474,199769,50704,14,8,2,2,193,5,2,1,40,1,0,0,0,0,10.0,5.0,10.0,4.965,7.0,0
750,90283,47369,18,9,2,2,260,1,2,1,41,1,0,0,0,0,10.0,5.0,10.0,5.3,4.6,0
435,79567,8646,11,5,2,2,300,0,2,1,29,1,0,0,0,0,7.4,5.0,9.55,5.5,4.0,0
315,67006,92007,17,5,1,2,958,12,1,1,7,0,0,0,0,0,9.8,3.5,4.45,8.79,10.0,0
632,211083,30906,15,8,2,3,807,6,2,1,38,1,0,0,0,0,10.0,4.0,10.0,8.035,7.6,0
494,161758,91643,1,8,1,2,368,12,1,1,32,1,0,0,0,0,5.2,3.5,8.0,5.84,10.0,0
795,188521,52728,10,5,2,3,633,3,2,1,9,1,0,0,1,0,7.0,4.0,6.35,7.165,1.7999999999999998,0
308,81606,19878,11,4,3,3,314,6,2,1,17,1,0,0,0,0,6.800000000000001,5.5,7.75,5.57,7.6,0
633,38891,14145,4,6,4,3,359,5,1,1,47,1,0,0,0,0,5.199999999999999,7.0,10.0,5.795,7.0,0
632,203187,93578,23,5,1,2,986,10,1,1,35,1,0,0,0,0,10.0,3.5,10.0,8.93,10.0,0
626,121732,23226,5,8,2,3,348,8,2,1,40,1,0,0,0,0,6.8,4.0,10.0,5.74,8.8,0
314,211791,7802,24,9,1,3,957,11,2,1,49,1,0,0,0,0,10.0,2.5,10.0,8.785,10.0,0
525,246536,29119,10,1,1,3,488,9,2,1,10,0,0,0,0,0,4.6,2.5,3.5,6.4399999999999995,9.399999999999999,0
724,224102,68560,20,9,3,3,474,5,2,1,43,1,0,0,0,0,10.0,5.5,10.0,6.37,7.0,0
707,187795,62353,9,9,3,3,139,2,0,0,7,1,0,0,0,0,9.0,5.5,5.85,1.0,5.2,0
412,49877,97721,3,6,3,3,196,6,2,1,0,1,0,1,0,0,4.8,5.5,3.6,4.98,7.6,0
727,244589,67126,8,5,2,3,430,8,1,1,7,1,0,1,0,0,6.2,4.0,5.65,6.15,8.8,0
300,34026,76641,11,7,4,3,505,13,2,1,4,1,0,0,0,0,8.600000000000001,7.0,5.800000000000001,6.525,10.0,0
565,40422,56712,9,8,1,3,550,10,1,1,0,1,0,0,0,0,8.4,2.5,4.8,6.75,10.0,0
790,160316,57189,13,9,2,3,679,9,2,1,2,1,0,0,0,0,10.0,4.0,5.9,7.395,9.399999999999999,0
507,53481,62784,4,9,1,3,895,11,2,1,26,0,0,0,0,0,7.0,2.5,4.7,8.475,10.0,0
668,109180,73285,0,3,3,3,244,11,1,1,44,1,0,0,0,0,1.7999999999999998,5.5,9.6,5.22,10.0,0
605,129384,47949,4,8,2,1,287,12,1,1,47,1,0,0,0,0,6.4,6.0,10.0,5.4350000000000005,10.0,0
311,78031,39129,15,1,1,3,111,5,1,1,22,1,0,0,0,0,6.6,2.5,9.3,4.555,7.0,0
644,159593,29512,4,7,3,3,468,6,2,1,43,1,0,0,0,0,5.800000000000001,5.5,10.0,6.34,7.6,0
764,152818,84031,4,5,1,3,746,7,1,1,38,0,0,1,0,0,4.6,2.5,6.5,7.73,8.2,0
793,103127,68554,17,2,1,3,796,3,2,1,39,0,0,0,0,0,8.0,2.5,9.25,7.98,5.8,0
667,112254,7064,5,2,1,1,844,4,1,0,10,1,0,0,0,0,3.2,4.5,5.5,4.22,6.4,0
719,88232,56567,20,8,1,2,241,3,2,0,44,1,1,0,0,0,10.0,3.5,10.0,1.205,5.8,0
470,163084,35011,17,5,3,3,863,0,2,1,10,1,0,0,0,0,9.8,5.5,7.9,8.315000000000001,4.0,0
433,100224,76152,9,3,2,3,283,5,1,1,35,1,0,0,0,0,5.4,4.0,10.0,5.415,7.0,0
726,174529,78511,14,1,2,2,374,6,2,1,37,0,0,0,0,0,6.2,5.0,8.35,5.87,7.6,0
324,221644,15960,23,7,2,3,487,1,2,1,30,1,0,0,0,0,10.0,4.0,10.0,6.4350000000000005,4.6,0
829,49960,98528,21,3,3,3,970,5,2,1,23,1,0,0,0,0,10.0,5.5,10.0,8.85,7.0,0
489,107695,63920,10,7,2,3,477,13,2,1,18,1,0,0,0,0,8.2,4.0,7.699999999999999,6.385,10.0,0
440,150066,26387,18,2,3,3,634,10,1,1,31,0,0,1,0,0,8.4,5.5,8.25,7.17,10.0,0
614,158982,20324,24,4,2,1,910,1,0,1,39,1,0,0,0,0,10.0,6.0,10.0,8.55,4.6,0
743,22693,68960,12,2,2,3,981,9,1,1,37,1,0,0,0,0,6.000000000000001,4.0,10.0,8.905000000000001,9.399999999999999,0
618,135313,76779,19,4,5,3,660,12,2,1,16,1,1,0,0,0,10.0,8.5,9.2,7.3,10.0,0
740,166930,37628,2,5,2,3,737,4,2,1,49,1,0,0,0,0,3.8,4.0,10.0,7.6850000000000005,6.4,0
391,48810,80096,15,8,1,3,835,0,2,1,34,1,0,0,0,0,10.0,2.5,10.0,8.175,4.0,0
478,40092,52452,6,2,2,2,283,2,2,1,11,1,0,0,0,0,3.6000000000000005,5.0,5.85,5.415,5.2,0
355,239851,46098,11,3,2,3,337,3,1,1,14,1,0,0,0,0,6.2,4.0,7.300000000000001,5.6850000000000005,5.8,0
454,199772,75459,14,5,2,3,870,3,2,1,38,1,0,0,0,0,8.600000000000001,4.0,10.0,8.35,5.8,0
410,78105,44235,7,9,4,3,193,1,2,0,12,1,0,0,0,0,8.2,7.0,6.2,1.0,4.6,0
436,181577,91861,22,5,4,3,927,7,2,0,29,0,0,0,0,0,10.0,7.0,8.75,4.635,8.2,0
531,224300,32949,16,9,1,3,833,5,2,1,41,0,0,0,0,0,10.0,2.5,9.35,8.165,7.0,0
767,48555,27821,0,4,2,3,203,8,0,1,18,0,0,0,0,0,2.4,4.0,2.6999999999999997,5.015,8.8,0
780,91934,76612,20,5,3,3,800,5,0,1,8,1,0,0,0,0,10.0,5.5,8.2,8.0,7.0,0
367,92788,27032,7,9,2,3,281,2,2,1,27,1,0,0,0,0,8.2,4.0,8.45,5.405,5.2,0
548,97257,78537,13,4,2,2,309,11,1,1,43,0,0,0,0,0,7.6,5.0,9.05,5.545,10.0,0
622,37939,20303,9,5,3,2,593,1,2,1,42,1,0,0,0,0,6.6,6.5,10.0,6.965,4.6,0
817,162897,86993,18,5,3,3,205,8,1,1,24,1,0,0,0,0,10.0,5.5,10.0,5.025,8.8,0
731,241859,17303,7,4,3,3,791,2,2,1,39,0,1,0,0,0,5.2,5.5,7.25,7.955,5.2,0
786,175223,55701,18,4,3,2,914,5,2,1,40,1,0,0,0,0,9.6,6.5,10.0,8.57,7.0,0
728,148068,55511,3,5,5,3,340,9,2,1,3,1,0,0,0,0,4.2,8.5,4.05,5.7,9.399999999999999,0
568,20036,85664,9,6,2,3,761,1,2,1,36,1,0,0,0,0,7.199999999999999,4.0,10.0,7.805,4.6,0
836,113948,23280,22,7,4,3,495,6,2,1,6,1,0,0,0,0,10.0,7.0,8.3,6.475,7.6,0
447,103707,44427,2,6,1,2,629,13,2,1,40,0,0,0,0,0,4.3999999999999995,3.5,6.4,7.145,10.0,0
417,59051,11967,3,1,2,1,508,0,2,1,3,1,0,1,0,1,1.8000000000000003,6.0,4.05,6.54,4.0,0
666,249369,11661,15,2,1,3,409,8,2,1,22,0,0,0,0,0,7.2,2.5,6.3,6.045,8.8,0
365,100738,82952,23,7,3,2,406,0,2,1,43,1,0,0,0,0,10.0,6.5,10.0,6.029999999999999,4.0,0
669,93596,71046,3,3,1,3,813,8,1,1,43,0,0,0,0,0,3.0,2.5,7.050000000000001,8.065000000000001,8.8,0
474,80071,40200,24,2,3,3,821,10,2,1,5,1,0,0,0,0,10.0,5.5,8.55,8.105,10.0,0
794,150613,72442,19,6,3,3,109,0,2,1,44,1,0,0,0,0,10.0,5.5,10.0,4.545,4.0,0
413,93601,66671,19,4,1,3,90,0,2,1,8,1,0,0,0,0,10.0,2.5,8.0,4.45,4.0,0
410,49873,96070,12,5,3,2,791,7,1,1,8,1,0,0,0,0,7.800000000000001,6.5,6.6000000000000005,7.955,8.2,0
738,187720,63168,20,6,4,2,870,0,2,1,20,1,0,0,0,0,10.0,8.0,10.0,8.35,4.0,0
446,91468,53322,16,3,3,3,26,14,2,1,2,1,0,0,0,0,8.2,5.5,6.5,4.13,10.0,0
334,46470,86984,22,1,1,3,714,7,2,1,12,1,0,0,0,0,9.4,2.5,9.2,7.57,8.2,0
608,216201,42696,24,3,4,2,221,2,2,1,37,1,0,0,0,0,10.0,8.0,10.0,5.105,5.2,0
837,28328,75246,15,3,3,2,874,3,1,1,17,1,0,0,0,0,7.8,6.5,8.55,8.370000000000001,5.8,0
313,157405,43892,24,6,2,1,135,1,2,1,45,1,0,0,0,0,10.0,6.0,10.0,4.675,4.6,0
673,141173,20583,16,4,2,3,831,12,2,1,30,1,0,0,0,0,8.8,4.0,10.0,8.155000000000001,10.0,0
727,66638,87720,5,7,2,2,647,5,1,1,28,0,0,0,0,0,6.2,5.0,5.2,7.234999999999999,7.0,0
532,31268,60215,2,2,4,1,139,6,2,1,1,1,0,0,0,0,2.0,9.0,3.55,4.695,7.6,0
739,221675,29853,19,4,2,3,666,9,1,1,30,1,0,0,0,0,10.0,4.0,10.0,7.33,9.399999999999999,0
801,133920,11109,23,8,1,2,777,2,1,1,37,1,0,0,0,0,10.0,3.5,10.0,7.885,5.2,0
574,130379,64757,3,6,4,3,544,13,2,0,6,1,0,0,0,0,4.8,7.0,4.5,2.72,10.0,0
375,168117,11659,7,3,1,2,223,8,2,1,39,1,0,0,0,0,4.6,3.5,10.0,5.115,8.8,0
738,191813,6238,19,2,4,3,138,2,1,1,9,1,0,0,0,0,8.8,7.0,8.15,4.6899999999999995,5.2,0
588,239378,20064,8,3,2,2,533,6,0,1,12,1,0,0,0,0,5.0,5.0,6.4,6.665,7.6,0
839,193842,36115,21,1,2,2,662,14,1,1,0,1,0,0,0,0,9.0,5.0,7.2,7.3100000000000005,10.0,0
552,27887,36952,0,1,1,3,471,3,2,1,36,1,0,0,0,0,1.0,2.5,8.399999999999999,6.355,5.8,0
425,249790,10620,12,2,4,2,979,4,2,1,24,1,0,0,0,0,6.000000000000001,8.0,9.0,8.895,6.4,0
476,248978,49258,1,3,3,3,789,11,2,1,29,1,0,1,0,0,2.1999999999999997,5.5,7.55,7.945,10.0,0
336,44918,9470,22,9,4,2,66,8,1,1,1,1,0,0,0,0,10.0,8.0,7.550000000000001,4.33,8.8,0
709,55497,27003,9,8,3,1,607,2,1,1,35,1,0,0,0,0,8.4,7.5,10.0,7.035,5.2,0
426,113562,32571,22,9,1,3,283,2,2,1,23,1,1,0,0,0,10.0,2.5,10.0,5.415,5.2,0
782,212081,29668,18,7,2,3,624,8,1,1,11,1,0,0,0,0,10.0,4.0,8.25,7.12,8.8,0
467,31929,82259,16,7,2,2,348,8,2,1,4,1,0,0,0,0,10.0,5.0,6.800000000000001,5.74,8.8,0
593,122201,37046,23,5,3,3,871,12,2,1,14,1,0,1,0,0,10.0,5.5,9.700000000000001,8.355,10.0,0
642,212834,75977,12,7,4,3,152,3,1,1,41,1,0,0,0,0,9.0,7.0,10.0,4.76,5.8,0
609,230171,82255,13,4,2,2,432,0,1,1,48,1,0,0,0,0,7.6,5.0,10.0,6.16,4.0,0
827,136566,10397,10,5,3,3,343,0,1,1,45,1,0,0,0,0,7.0,5.5,10.0,5.715,4.0,0
839,48546,88481,9,1,5,2,850,11,2,1,6,1,0,0,0,0,4.2,9.5,5.7,8.25,10.0,0
718,229496,27233,6,4,1,2,974,8,2,1,1,1,0,0,0,0,4.800000000000001,3.5,4.35,8.870000000000001,8.8,0
743,188410,88336,9,3,4,2,938,5,2,0,2,1,0,0,0,0,5.4,8.0,5.1,4.69,7.0,0
535,185355,65308,23,2,2,3,697,4,1,1,3,1,0,0,0,0,10.0,4.0,8.05,7.484999999999999,6.4,0
738,102494,74726,0,2,3,2,142,12,2,1,47,0,0,0,0,0,1.2,6.5,7.05,4.71,10.0,0
513,229242,68219,13,8,2,3,865,14,1,1,15,1,0,0,0,0,10.0,4.0,7.85,8.325,10.0,0
384,235859,6130,2,1,2,2,273,11,0,0,26,1,0,0,0,0,1.4,5.0,7.3,1.365,10.0,0
384,66566,19071,12,8,1,2,156,14,2,1,21,0,0,0,0,0,9.600000000000001,3.5,5.550000000000001,4.78,10.0,0
788,105464,90517,1,9,5,3,445,9,2,1,2,1,0,0,0,0,5.8,8.5,3.5,6.225,9.399999999999999,0
364,148279,7118,16,6,3,3,21,12,2,1,48,1,0,0,0,0,10.0,5.5,10.0,4.105,10.0,0
363,101991,5663,20,1,1,2,849,2,2,1,16,0,0,1,0,0,8.6,3.5,6.4,8.245000000000001,5.2,0
642,112680,67408,2,7,5,2,913,2,2,1,21,1,0,0,0,0,5.0,9.5,6.55,8.565000000000001,5.2,0
651,48013,56786,14,5,3,3,64,1,2,1,6,1,0,0,0,0,8.600000000000001,5.5,6.7,4.32,4.6,0
457,72132,86271,7,9,4,1,239,12,2,0,29,1,0,0,0,0,8.2,9.0,8.75,1.195,10.0,0
790,238484,24158,5,7,1,3,989,6,2,0,7,1,0,0,0,0,6.2,2.5,5.05,4.945,7.6,0
762,243570,36087,8,5,2,3,131,8,1,1,18,1,0,0,0,0,6.2,4.0,7.3,4.655,8.8,0
524,179156,93114,24,2,3,3,870,5,1,1,6,0,0,0,0,0,10.0,5.5,5.700000000000001,8.35,7.0,0
612,127855,58121,10,4,1,3,242,9,2,1,0,1,0,0,0,0,6.4,2.5,5.0,5.21,9.399999999999999,0
765,172215,24874,21,2,2,3,171,0,2,1,15,1,0,0,0,0,9.6,4.0,9.45,4.855,4.0,0
387,111627,88443,1,9,2,2,603,5,2,1,49,1,0,0,0,0,5.8,5.0,10.0,7.015000000000001,7.0,0
602,142772,45821,8,2,2,2,970,10,1,1,39,1,0,0,0,0,4.4,5.0,10.0,8.85,10.0,0
734,165251,65582,17,2,2,2,980,7,2,0,30,1,0,1,0,0,8.0,5.0,10.0,4.9,8.2,0
434,249415,27787,18,2,5,1,568,7,2,1,38,0,0,0,0,0,8.4,10.0,9.3,6.84,8.2,0
349,209798,69703,21,1,2,3,885,13,2,1,26,1,0,0,0,0,9.0,4.0,10.0,8.425,10.0,0
731,161294,26705,17,9,2,1,812,9,1,1,9,0,0,0,0,0,10.0,6.0,4.75,8.059999999999999,9.399999999999999,0
639,211037,74381,4,8,2,3,509,12,2,1,33,1,0,1,0,0,6.4,4.0,8.75,6.545,10.0,0
646,84068,49653,17,2,3,3,681,2,2,1,46,1,0,0,0,0,8.0,5.5,10.0,7.404999999999999,5.2,0
646,175021,87018,11,2,3,3,188,12,2,1,13,1,0,1,0,0,5.6000000000000005,5.5,7.15,4.9399999999999995,10.0,0
544,36116,96626,3,5,3,3,371,0,2,1,1,0,0,1,0,0,4.2,5.5,1.0,5.855,4.0,0
408,202124,91217,14,4,1,3,217,4,2,1,38,0,0,0,0,1,8.0,2.5,8.5,5.085,6.4,0
832,71369,37252,10,2,2,2,911,5,0,1,21,1,0,0,0,0,5.2,5.0,8.15,8.555,7.0,0
389,199889,78332,18,8,3,3,914,9,1,1,25,1,0,0,0,0,10.0,5.5,10.0,8.57,9.399999999999999,0
595,123100,77799,4,8,4,2,561,8,1,1,43,1,0,0,0,0,6.4,8.0,10.0,6.805,8.8,0
411,234275,67185,5,4,3,3,735,1,2,0,4,1,0,0,0,0,4.4,5.5,4.6,3.675,4.6,0
476,225383,83313,12,4,1,2,441,13,2,1,37,0,0,0,0,0,7.200000000000001,3.5,7.95,6.205,10.0,0
642,49655,46538,22,9,2,2,465,0,1,1,15,1,0,0,0,0,10.0,5.0,9.65,6.325,4.0,0
400,208874,25343,9,4,1,2,513,14,2,1,11,0,0,0,0,0,6.0,3.5,3.45,6.5649999999999995,10.0,0
700,67632,85398,23,9,3,3,873,6,2,1,40,1,0,0,0,0,10.0,5.5,10.0,8.365,7.6,0
327,165265,46232,24,3,1,3,163,1,2,1,43,1,0,0,0,0,10.0,2.5,10.0,4.8149999999999995,4.6,0
836,231284,58106,13,2,1,2,347,10,0,1,41,1,0,0,0,0,6.4,3.5,10.0,5.735,10.0,0
357,181848,86227,3,8,2,1,302,14,2,1,16,1,0,0,0,0,6.0,6.0,6.0,5.51,10.0,0
797,194297,58079,19,3,2,2,445,1,2,0,24,1,0,0,0,0,9.4,5.0,10.0,2.225,4.6,0
596,211082,30028,22,2,2,2,405,2,1,1,23,1,0,0,0,0,10.0,5.0,10.0,6.025,5.2,0
433,233807,47135,11,8,2,3,175,13,2,1,10,1,0,0,0,0,9.2,4.0,6.7,4.875,10.0,0
630,216523,36066,14,8,3,2,461,3,1,1,17,0,1,0,0,0,10.0,6.5,5.35,6.305,5.8,0
548,199884,88470,9,5,2,3,793,12,2,1,35,1,0,0,0,0,6.6,4.0,10.0,7.965,10.0,0
849,231674,25910,10,9,2,2,966,6,1,1,2,1,0,0,0,0,9.399999999999999,5.0,5.3,8.83,7.6,0
374,38895,12141,8,6,2,3,545,0,2,1,18,1,0,0,0,0,6.8,4.0,7.3,6.725,4.0,0
467,216854,50950,10,5,2,2,983,12,2,1,5,1,0,0,0,0,7.0,5.0,5.75,8.915,10.0,0
802,172281,60723,1,3,3,3,410,5,1,1,22,1,0,0,0,0,2.1999999999999997,5.5,6.5,6.05,7.0,0
654,233408,21225,12,7,2,3,124,10,0,1,39,1,0,0,0,0,9.0,4.0,10.0,4.62,10.0,0
524,212879,92123,21,9,3,2,360,6,1,1,6,0,0,0,0,0,10.0,6.5,5.1,5.8,7.6,0
830,43086,37959,7,4,2,2,269,2,2,1,46,1,0,0,0,0,5.2,5.0,10.0,5.345,5.2,0
445,105637,54192,20,7,3,2,827,2,1,1,43,1,0,0,0,0,10.0,6.5,10.0,8.135,5.2,0
540,233099,84711,20,3,2,2,885,1,2,1,46,1,0,0,0,0,9.8,5.0,10.0,8.425,4.6,0
643,178279,15051,7,2,2,2,235,4,2,1,8,1,0,0,0,0,4.0,5.0,5.6,5.175,6.4,0
334,127334,76428,0,1,3,2,623,6,2,1,1,1,0,0,0,0,1.0,6.5,3.15,7.115,7.6,0
300,171969,8449,5,6,2,2,495,10,2,1,46,1,0,0,0,0,5.6,5.0,10.0,6.475,10.0,0
452,83083,46095,12,5,2,2,140,11,2,0,49,0,0,0,0,0,7.800000000000001,5.0,9.75,1.0,10.0,0
728,115028,82929,8,2,3,2,273,13,0,1,44,1,0,0,0,0,4.4,6.5,10.0,5.365,10.0,0
807,86957,34190,5,3,1,1,533,2,2,1,47,1,0,1,1,0,3.8,4.5,10.0,6.665,1.2,0
425,117551,31141,14,9,2,1,940,6,2,1,46,1,0,0,0,0,10.0,6.0,10.0,8.7,7.6,0
790,98506,28908,22,3,2,3,843,7,2,1,10,1,0,0,0,0,10.0,4.0,8.9,8.215,8.2,0
781,158355,37322,15,7,5,3,190,12,2,1,2,1,0,0,0,0,10.0,8.5,6.3,4.95,10.0,0
644,114024,55710,3,1,4,3,358,2,0,1,41,1,0,0,0,0,1.8000000000000003,7.0,9.75,5.79,5.2,0
520,101481,19012,16,7,2,1,480,10,2,1,48,1,0,0,0,0,10.0,6.0,10.0,6.4,10.0,0
324,20255,39889,8,9,2,1,170,0,2,1,29,1,0,0,0,0,8.6,6.0,8.95,4.85,4.0,0
827,227627,22412,11,8,1,1,123,2,0,1,7,1,0,0,0,0,9.2,4.5,6.25,4.615,5.2,0
481,35487,29657,21,7,2,3,27,12,2,1,36,1,0,0,0,0,10.0,4.0,10.0,4.135,10.0,0
798,39346,10656,18,8,3,3,113,5,1,1,20,1,0,0,0,0,10.0,5.5,9.6,4.5649999999999995,7.0,0
341,55050,13967,19,4,1,2,195,0,2,1,7,1,0,0,0,0,10.0,3.5,7.8500000000000005,4.975,4.0,0
780,28744,89958,11,2,2,3,351,8,2,1,46,1,0,0,0,0,5.6000000000000005,4.0,10.0,5.755,8.8,0
738,175828,20764,21,9,4,3,471,2,2,0,10,0,0,0,0,0,10.0,7.0,5.7,2.355,5.2,0
701,81596,20873,5,3,3,3,614,2,1,1,40,1,0,1,0,0,3.8,5.5,10.0,7.07,5.2,0
845,234469,99485,11,4,3,1,822,11,1,1,33,1,0,0,0,0,6.800000000000001,7.5,10.0,8.11,10.0,0
644,176218,56030,8,7,4,1,152,6,2,1,38,1,0,0,0,0,7.4,9.0,10.0,4.76,7.6,0
344,139640,72807,19,2,3,2,664,6,1,1,15,1,0,0,0,0,8.8,6.5,9.05,7.32,7.6,0
320,75032,6607,4,8,1,1,822,12,0,1,6,1,0,0,0,0,6.4,4.5,4.7,8.11,10.0,0
369,62687,24523,20,8,2,3,973,5,2,1,3,0,0,0,0,1,10.0,4.0,4.45,8.865,7.0,0
347,197175,53447,2,5,2,2,621,6,1,1,31,1,0,0,0,0,3.8,5.0,8.05,7.105,7.6,0
790,173048,54757,1,9,2,3,462,4,2,1,36,0,0,0,0,0,5.8,4.0,5.6,6.3100000000000005,6.4,0
586,82863,98526,7,8,3,2,460,7,1,1,45,1,1,0,0,0,7.6,6.5,10.0,6.3,8.2,0
309,151663,74201,9,1,2,2,981,9,2,1,21,0,0,0,0,0,4.2,5.0,4.95,8.905000000000001,9.399999999999999,0
841,26277,86844,14,9,1,2,71,13,1,1,6,0,0,0,0,0,10.0,3.5,3.7,4.355,10.0,0
573,81860,76388,8,5,2,2,605,1,2,1,12,1,0,0,0,0,6.2,5.0,6.4,7.025,4.6,0
680,153332,10462,9,9,2,3,949,4,2,0,17,1,0,0,0,0,9.0,4.0,7.35,4.745,6.4,0
628,216955,36795,10,9,4,3,285,10,2,1,41,1,0,0,0,0,9.399999999999999,7.0,10.0,5.425,10.0,0
778,44741,74806,8,3,3,3,688,8,2,1,33,1,0,1,0,0,5.0,5.5,9.55,7.4399999999999995,8.8,0
314,139720,53465,13,8,2,3,304,3,0,1,12,0,0,0,0,0,10.0,4.0,4.4,5.52,5.8,0
815,57211,66109,4,7,2,1,138,7,1,1,33,1,0,0,0,0,5.800000000000001,6.0,8.75,4.6899999999999995,8.2,0
490,192614,95027,8,7,3,3,373,2,2,1,28,1,0,0,0,0,7.4,5.5,8.8,5.865,5.2,0
467,26869,55528,3,2,3,1,76,5,2,1,46,1,0,0,0,1,2.4000000000000004,7.5,10.0,4.38,7.0,0
820,244690,41230,1,2,2,3,56,7,2,1,4,0,0,0,0,0,1.6,4.0,1.0,4.28,8.2,0
436,107616,53242,18,2,4,3,978,13,2,1,30,1,0,1,0,0,8.4,7.0,10.0,8.89,10.0,0
453,215804,70883,0,2,5,2,383,8,0,1,10,1,0,0,0,0,1.2,9.5,4.5,5.915,8.8,0
687,114515,6783,20,4,5,2,831,13,2,1,37,1,0,0,0,0,10.0,9.5,10.0,8.155000000000001,10.0,0
508,170494,33390,0,7,3,3,669,12,1,1,46,1,0,0,0,0,4.2,5.5,9.899999999999999,7.345000000000001,10.0,0
571,186685,13417,11,2,4,2,771,6,1,1,3,0,0,0,0,0,5.6000000000000005,8.0,2.6500000000000004,7.855,7.6,0
442,208088,77102,10,5,2,2,146,5,1,1,6,1,0,1,0,0,7.0,5.0,5.9,4.73,7.0,0
368,80110,22426,0,7,4,1,104,10,2,1,22,1,0,0,0,0,4.2,9.0,6.3,4.52,10.0,0
546,239601,35750,13,9,4,3,247,5,1,1,30,1,0,0,0,0,10.0,7.0,10.0,5.235,7.0,0
560,228994,63188,10,8,4,1,805,11,0,1,16,1,0,0,0,0,8.8,9.0,7.4,8.025,10.0,0
378,54033,15872,6,9,3,3,841,14,0,1,9,1,0,0,0,0,7.8,5.5,5.55,8.205,10.0,0
824,65213,99231,1,7,2,3,44,5,1,1,21,1,0,0,0,0,4.6000000000000005,4.0,6.35,4.22,7.0,0
629,213065,53086,14,3,1,3,305,14,2,1,29,1,0,0,0,0,7.4,2.5,10.0,5.525,10.0,0
488,32938,71770,7,1,2,1,902,9,2,1,28,0,0,0,0,0,3.4000000000000004,6.0,5.6000000000000005,8.51,9.399999999999999,0
394,150842,99368,21,7,3,3,879,8,2,1,16,1,0,0,0,0,10.0,5.5,9.6,8.395,8.8,0
307,227767,88514,19,6,2,1,501,2,2,0,42,0,0,0,0,0,10.0,6.0,10.0,2.505,5.2,0
366,22274,93177,24,2,2,3,267,3,2,1,20,1,0,0,0,0,10.0,4.0,10.0,5.335,5.8,0
795,104390,97663,14,1,2,3,396,2,1,1,21,1,0,0,0,0,6.2,4.0,8.95,5.98,5.2,0
490,182887,39720,7,4,3,3,279,12,1,1,47,1,0,0,0,0,5.2,5.5,10.0,5.395,10.0,0
665,227090,23079,9,4,4,3,986,8,2,1,38,1,0,0,0,0,6.0,7.0,10.0,8.93,8.8,0
820,170033,22338,18,6,3,3,876,12,2,1,39,1,0,0,0,0,10.0,5.5,10.0,8.379999999999999,10.0,0
416,40044,8291,2,5,3,2,333,13,2,1,47,1,0,0,0,0,3.8,6.5,10.0,5.665,10.0,0
566,119372,79084,19,9,2,3,56,4,0,1,47,0,0,0,0,0,10.0,4.0,10.0,4.28,6.4,0
784,173047,54393,13,8,3,1,615,13,2,1,21,1,0,0,0,0,10.0,7.5,8.75,7.075,10.0,0
808,34706,98558,8,9,2,2,703,9,0,1,26,0,0,0,0,0,8.6,5.0,5.5,7.515000000000001,9.399999999999999,0
597,157046,74770,8,7,2,2,963,12,1,1,22,1,0,0,0,0,7.4,5.0,7.9,8.815000000000001,10.0,0
463,96464,31720,20,9,4,3,711,7,2,1,3,1,0,0,0,0,10.0,7.0,7.45,7.555,8.2,0
675,41213,18368,24,3,3,2,496,11,1,1,25,1,0,0,0,0,10.0,6.5,10.0,6.48,10.0,0
567,21950,59313,5,9,3,3,572,7,1,1,38,1,0,0,0,0,7.3999999999999995,5.5,9.7,6.859999999999999,8.2,0
848,236085,52969,7,2,2,3,727,8,1,1,16,1,0,0,0,0,4.0,4.0,6.8,7.635,8.8,0
373,30411,53838,10,9,2,3,825,9,0,1,2,1,0,0,1,0,9.399999999999999,4.0,5.3,8.125,5.3999999999999995,0
807,148603,13734,7,6,2,3,420,6,1,1,16,1,0,0,0,0,6.4,4.0,6.8,6.1,7.6,0
372,238303,17197,11,4,1,2,854,2,1,1,42,1,0,0,0,1,6.800000000000001,3.5,10.0,8.27,5.2,0
607,197228,73895,9,2,2,3,960,4,2,1,39,1,0,0,0,0,4.8,4.0,10.0,8.8,6.4,0
498,82744,61831,22,3,2,3,134,2,2,1,18,1,0,0,0,0,10.0,4.0,10.0,4.67,5.2,0
429,168843,63073,3,5,2,3,221,1,2,1,38,1,0,0,0,0,4.2,4.0,9.3,5.105,4.6,0
786,220882,77925,15,9,3,1,378,2,2,1,17,0,0,0,0,0,10.0,7.5,5.55,5.89,5.2,0
450,55053,85488,19,7,5,2,954,11,1,0,27,1,0,0,0,0,10.0,9.5,10.0,4.77,10.0,0
505,203148,99611,5,3,3,3,929,9,1,1,14,1,0,0,0,0,3.8,5.5,6.1,8.645,9.399999999999999,0
478,158117,89475,8,4,4,2,275,8,2,0,25,1,0,0,0,0,5.6,8.0,8.35,1.375,8.8,0
496,77623,55302,22,2,2,2,144,8,2,0,34,1,0,0,0,0,10.0,5.0,10.0,1.0,8.8,0
388,49714,20624,4,8,3,2,893,7,0,1,15,1,0,0,0,0,6.4,6.5,6.05,8.465,8.2,0
733,185458,72271,20,6,1,1,794,6,2,1,14,1,0,0,0,0,10.0,4.5,9.1,7.970000000000001,7.6,0
482,129283,29315,23,3,1,2,799,0,2,1,4,1,0,0,0,0,10.0,3.5,8.2,7.995,4.0,0
508,28562,22422,5,5,2,3,324,8,1,1,45,1,0,0,0,0,5.0,4.0,10.0,5.62,8.8,0
792,75048,44137,16,5,2,3,309,9,2,1,23,1,0,0,0,0,9.4,4.0,9.65,5.545,9.399999999999999,0
429,113295,77663,16,1,3,2,788,1,1,1,1,1,0,0,0,0,7.0,6.5,6.35,7.9399999999999995,4.6,0
312,32026,53232,24,5,2,2,307,5,2,1,35,0,0,1,0,0,10.0,5.0,10.0,5.535,7.0,0
405,126147,83142,23,6,4,3,288,9,1,1,44,1,0,0,0,0,10.0,7.0,10.0,5.4399999999999995,9.399999999999999,0
674,51589,37743,21,2,5,2,383,4,1,1,47,1,0,0,1,0,9.6,9.5,10.0,5.915,2.4,0
398,128199,20636,12,3,1,3,965,5,2,1,30,1,0,0,0,0,6.6000000000000005,2.5,9.9,8.825,7.0,0
491,117274,95884,16,5,2,2,735,7,0,1,29,1,0,0,0,0,9.4,5.0,10.0,7.675,8.2,0
624,46844,15108,13,3,3,2,497,7,0,1,11,1,0,0,0,0,7.0,6.5,7.25,6.484999999999999,8.2,0
766,174519,78634,1,5,2,3,71,9,2,1,36,0,0,0,0,0,3.4,4.0,5.6,4.355,9.399999999999999,0
666,110415,41180,18,5,2,3,888,1,1,1,20,1,0,0,0,0,10.0,4.0,9.6,8.440000000000001,4.6,0
617,228574,23883,2,8,3,3,63,6,2,1,11,0,0,0,0,0,5.6,5.5,2.05,4.315,7.6,0
443,234340,49400,1,9,5,2,347,1,2,1,39,1,0,0,0,0,5.8,9.5,9.05,5.735,4.6,0
683,74708,50999,1,8,3,1,384,0,2,1,36,1,0,0,0,0,5.2,7.5,8.6,5.92,4.0,0
515,214997,52951,21,3,2,3,886,11,2,1,34,1,0,0,0,0,10.0,4.0,10.0,8.43,10.0,0
660,90825,12160,6,1,2,3,483,7,2,1,21,1,0,0,0,0,3.0000000000000004,4.0,7.35,6.415,8.2,0
623,71574,60262,3,3,2,1,121,8,1,1,44,0,0,1,0,0,3.0,6.0,7.199999999999999,4.605,8.8,0
314,105548,24929,16,1,2,3,999,13,2,1,35,1,0,0,0,0,7.0,4.0,10.0,8.995000000000001,10.0,0
516,169884,88133,5,9,2,3,278,6,1,1,7,1,0,0,1,0,7.3999999999999995,4.0,5.05,5.39,3.5999999999999996,0
791,206381,16123,6,3,2,3,333,3,1,1,26,1,0,0,0,0,4.2,4.0,8.1,5.665,5.8,0
846,84230,33357,19,8,4,1,628,6,0,1,26,1,0,1,0,0,10.0,9.0,10.0,7.140000000000001,7.6,0
482,192700,75496,5,6,3,3,804,3,0,1,35,1,0,1,0,0,5.6,5.5,9.25,8.02,5.8,0
569,60581,38556,8,3,3,2,892,6,1,1,6,0,0,0,0,0,5.0,6.5,2.5,8.46,7.6,0
766,197700,88791,19,9,4,3,689,3,2,1,2,1,1,0,0,0,10.0,7.0,7.1000000000000005,7.445,5.8,0
818,239700,66934,3,8,2,1,595,14,1,1,3,1,0,0,0,0,6.0,6.0,4.05,6.975,10.0,0
841,45105,83886,4,3,1,3,757,13,1,1,23,0,0,0,0,0,3.4,2.5,4.25,7.785,10.0,0
766,99830,35881,18,7,3,1,613,13,2,1,7,1,0,0,0,0,10.0,7.5,7.65,7.0649999999999995,10.0,0
604,89157,23409,9,5,5,2,94,8,2,1,44,1,0,0,0,0,6.6,9.5,10.0,4.47,8.8,0
443,183514,60416,17,2,2,2,381,4,2,0,12,1,0,0,0,0,8.0,5.0,8.2,1.905,6.4,0
410,107235,72982,14,8,1,2,84,6,2,1,8,0,0,0,0,0,10.0,3.5,4.0,4.42,7.6,0
531,22347,35657,24,1,3,2,605,10,0,1,19,1,0,0,0,0,10.0,6.5,10.0,7.025,10.0,0
799,246094,91743,0,4,1,2,766,7,2,1,19,1,0,0,0,0,2.4,3.5,5.85,7.83,8.2,0
572,67650,53951,4,4,2,3,517,4,0,0,4,1,0,0,0,1,4.0,4.0,4.4,2.585,6.4,0
472,168182,13752,4,5,2,3,237,0,2,1,45,0,0,0,0,1,4.6,4.0,7.55,5.1850000000000005,4.0,0
306,213242,18440,7,4,4,3,604,3,2,1,4,1,0,0,0,0,5.2,7.0,5.0,7.02,5.8,0
454,155995,49864,21,1,2,2,403,2,2,1,34,0,0,0,0,0,9.0,5.0,9.3,6.015000000000001,5.2,0
821,202873,54691,21,7,4,2,24,12,2,1,0,1,0,0,0,0,10.0,8.0,7.2,4.12,10.0,0
845,213843,77035,21,2,2,1,822,6,2,1,41,1,0,0,0,0,9.6,6.0,10.0,8.11,7.6,0
847,144926,91675,19,3,2,3,190,5,2,1,14,0,0,0,0,0,9.4,4.0,5.9,4.95,7.0,0
817,101147,85303,14,5,4,2,517,14,2,1,16,1,0,0,0,0,8.600000000000001,8.0,8.2,6.585,10.0,0
514,68135,27343,16,8,2,3,347,5,1,1,11,1,0,0,0,0,10.0,4.0,7.85,5.735,7.0,0
433,39199,98248,18,8,2,2,272,1,2,1,45,1,0,0,0,0,10.0,5.0,10.0,5.36,4.6,0
584,160138,24673,12,2,2,3,935,5,1,1,35,1,0,0,0,0,6.000000000000001,4.0,10.0,8.675,7.0,0
425,121583,64954,21,9,3,2,87,7,2,1,42,1,0,0,0,0,10.0,6.5,10.0,4.435,8.2,0
738,203208,59698,20,6,1,1,238,4,2,1,14,1,0,0,0,0,10.0,4.5,9.1,5.1899999999999995,6.4,0
451,112290,31520,9,9,2,3,754,8,1,1,13,1,0,1,0,0,9.0,4.0,6.75,7.77,8.8,0
630,187647,20784,16,4,3,3,39,10,2,1,26,1,0,0,0,0,8.8,5.5,10.0,4.195,10.0,0
837,240868,43079,4,3,2,3,383,1,2,1,49,1,0,0,0,0,3.4,4.0,10.0,5.915,4.6,0
682,140787,49220,17,5,1,1,164,6,2,1,21,1,0,0,0,0,9.8,4.5,9.55,4.82,7.6,0
414,197805,25491,16,5,3,3,826,5,1,1,8,1,0,0,0,0,9.4,5.5,7.4,8.129999999999999,7.0,0
781,134427,53720,3,4,2,3,194,13,2,1,46,1,0,0,0,0,3.6,4.0,10.0,4.97,10.0,0
583,168063,19718,21,7,1,1,457,14,2,1,20,1,0,0,0,0,10.0,4.5,10.0,6.285,10.0,0
374,173625,40597,6,8,3,2,878,10,2,1,2,1,0,0,0,0,7.2,6.5,4.5,8.39,10.0,0
465,240782,66217,24,5,4,3,456,10,2,1,30,1,0,0,0,0,10.0,7.0,10.0,6.279999999999999,10.0,0
488,107493,31832,4,9,1,3,441,14,2,1,12,0,0,0,0,0,7.0,2.5,2.5999999999999996,6.205,10.0,0
377,151706,59818,7,7,2,3,776,12,0,1,1,1,0,0,0,0,7.0,4.0,4.55,7.88,10.0,0
320,246489,17864,7,7,3,3,178,5,2,1,46,1,0,0,0,1,7.0,5.5,10.0,4.89,7.0,0
483,32771,93378,10,8,1,1,90,3,2,1,13,1,0,0,0,0,8.8,4.5,6.95,4.45,5.8,0
521,145607,13177,8,4,1,3,807,13,2,1,6,1,0,0,0,0,5.6,2.5,5.5,8.035,10.0,0
627,169370,51115,18,6,2,3,219,12,2,1,28,1,0,0,0,0,10.0,4.0,10.0,5.095,10.0,0
478,99876,61210,18,5,3,3,268,9,2,1,3,1,0,0,0,0,10.0,5.5,7.05,5.34,9.399999999999999,0
411,249964,56954,8,1,1,3,997,8,2,1,3,1,0,0,0,0,3.8000000000000003,2.5,5.05,8.985,8.8,0
358,187071,16844,22,9,3,3,558,5,1,1,23,1,0,0,0,0,10.0,5.5,10.0,6.79,7.0,0
626,222959,79130,19,2,3,2,295,12,1,0,41,1,0,0,0,0,8.8,6.5,10.0,1.475,10.0,0
490,79648,18418,16,6,2,1,63,11,2,1,20,1,0,0,0,0,10.0,6.0,9.2,4.315,10.0,0
499,213740,39854,15,8,2,2,478,7,1,1,44,1,0,0,0,0,10.0,5.0,10.0,6.390000000000001,8.2,0
611,220446,93644,6,3,5,3,378,7,1,0,27,1,0,0,0,0,4.2,8.5,8.25,1.89,8.2,0
334,218581,80955,21,5,2,2,733,3,2,1,37,1,0,0,0,0,10.0,5.0,10.0,7.665,5.8,0
678,95783,93075,2,7,2,3,863,4,2,1,7,0,0,0,0,0,5.0,4.0,1.4500000000000002,8.315000000000001,6.4,0
686,64440,48950,20,4,3,2,109,1,2,1,41,0,0,0,0,0,10.0,6.5,10.0,4.545,4.6,0
536,51655,70227,18,5,1,1,606,3,2,1,16,1,0,0,0,0,10.0,4.5,9.0,7.029999999999999,5.8,0
818,63039,17835,7,1,1,3,993,11,1,1,8,1,0,0,0,0,3.4000000000000004,2.5,5.6,8.965,10.0,0
582,75255,22533,4,4,1,3,734,5,1,1,45,1,0,0,0,0,4.0,2.5,10.0,7.67,7.0,0
300,92219,92858,5,7,2,2,912,13,2,1,19,0,0,0,0,0,6.2,5.0,3.85,8.559999999999999,10.0,0
763,206061,15223,1,7,1,3,785,14,2,1,4,1,0,0,0,0,4.6000000000000005,2.5,3.8,7.925,10.0,0
529,31244,15273,23,4,3,2,991,1,2,1,34,1,0,0,0,0,10.0,6.5,10.0,8.955,4.6,0
471,114594,38519,24,6,5,2,607,1,0,1,40,1,0,0,0,0,10.0,9.5,10.0,7.035,4.6,0
386,78595,29160,18,5,1,1,584,9,2,1,28,1,0,0,0,0,10.0,4.5,10.0,6.92,9.399999999999999,0
422,190623,79385,12,1,2,3,456,6,2,1,11,1,0,0,0,0,5.4,4.0,7.050000000000001,6.279999999999999,7.6,0
597,214302,96192,5,8,1,2,201,9,1,1,31,1,0,0,0,0,6.8,3.5,8.649999999999999,5.005,9.399999999999999,0
783,123898,53988,5,7,1,3,423,4,0,1,30,0,0,0,0,0,6.2,2.5,5.5,6.115,6.4,0
464,48371,15348,1,5,2,3,491,12,2,1,30,1,0,0,0,0,3.4,4.0,7.7,6.455,10.0,0
682,220430,88460,23,7,2,2,102,2,0,1,0,0,0,0,0,0,10.0,5.0,4.6000000000000005,4.51,5.2,0
508,179950,72519,4,3,4,2,262,14,2,1,42,1,0,0,0,0,3.4,8.0,10.0,5.3100000000000005,10.0,0
731,187229,95426,10,8,2,1,659,2,0,0,4,1,0,0,0,0,8.8,6.0,5.6,3.295,5.2,0
688,25914,19629,10,5,2,3,974,6,1,1,35,0,0,0,0,0,7.0,4.0,7.25,8.870000000000001,7.6,0
523,234772,54056,23,2,2,3,570,2,1,1,11,1,0,0,0,0,10.0,4.0,9.25,6.85,5.2,0
302,47180,16273,13,2,1,3,642,11,1,1,15,1,0,0,0,1,6.4,2.5,7.85,7.21,10.0,0
671,154760,45416,12,4,4,2,48,9,1,1,15,1,0,0,0,0,7.200000000000001,8.0,7.65,4.24,9.399999999999999,0
745,100219,12894,7,7,1,2,555,4,2,1,20,0,0,0,0,0,7.0,3.5,4.4,6.775,6.4,0
415,98616,51073,14,4,5,1,367,12,0,1,32,0,0,0,0,0,8.0,10.0,7.6,5.835,10.0,0
569,247561,50693,11,9,1,2,787,1,2,1,25,1,0,0,0,0,9.8,3.5,8.95,7.9350000000000005,4.6,0
746,160988,56466,2,2,3,2,18,2,2,0,2,1,0,0,0,0,2.0,6.5,3.7,1.0,5.2,0
667,207435,29343,20,6,5,3,197,13,1,1,22,1,0,0,0,0,10.0,8.5,10.0,4.985,10.0,0
552,115213,48095,22,4,1,3,617,14,1,1,24,1,0,0,0,0,10.0,2.5,10.0,7.085,10.0,0
616,178432,36174,4,6,2,3,654,3,2,1,19,1,0,0,0,0,5.199999999999999,4.0,6.65,7.27,5.8,0
714,57805,55801,5,9,3,2,684,12,1,0,46,1,0,0,0,0,7.3999999999999995,6.5,10.0,3.42,10.0,0
394,164525,77436,1,9,1,1,148,0,2,1,48,0,0,0,0,0,5.8,4.5,7.3999999999999995,4.74,4.0,0
323,146599,74336,7,9,3,2,307,3,2,0,35,1,0,0,0,0,8.2,6.5,9.65,1.535,5.8,0
349,173775,47926,4,9,1,2,89,3,1,1,34,0,0,0,0,0,7.0,3.5,5.8999999999999995,4.445,5.8,0
801,210093,77590,21,3,2,3,612,2,2,1,42,1,0,0,0,0,10.0,4.0,10.0,7.0600000000000005,5.2,0
797,94176,43827,16,9,1,2,265,9,2,1,32,1,0,0,0,0,10.0,3.5,10.0,5.325,9.399999999999999,0
634,114799,49775,1,3,4,3,669,14,0,1,4,1,0,0,0,0,2.1999999999999997,7.0,3.8,7.345000000000001,10.0,0
378,118385,46201,10,3,1,3,188,14,0,1,3,1,0,0,1,0,5.8,2.5,5.45,4.9399999999999995,8.4,0
326,232686,34373,3,5,1,2,266,8,2,1,7,1,0,0,0,0,4.2,3.5,4.65,5.33,8.8,0
570,108919,32525,10,6,2,3,227,2,2,1,10,1,0,0,0,0,7.6,4.0,6.5,5.135,5.2,0
546,232144,77651,8,9,2,3,276,1,1,1,42,0,0,0,0,0,8.6,4.0,7.9,5.38,4.6,0
686,158482,35486,5,1,2,2,326,6,1,1,49,1,0,0,0,0,2.6,5.0,10.0,5.63,7.6,0
660,101462,83604,23,8,1,3,600,8,0,1,26,0,0,0,0,0,10.0,2.5,8.5,7.0,8.8,0
787,199340,23640,1,4,3,2,688,5,1,1,9,0,0,0,0,0,2.8,6.5,1.5499999999999998,7.4399999999999995,7.0,0
651,185320,66455,14,7,3,3,625,13,0,0,44,1,0,1,1,0,9.8,5.5,10.0,3.125,7.8,0
555,51159,41136,4,6,2,2,825,4,1,1,19,0,0,0,0,0,5.199999999999999,5.0,3.6500000000000004,8.125,6.4,0
521,62039,67425,11,6,1,2,859,0,2,1,31,1,0,0,0,0,8.0,3.5,9.85,8.295,4.0,0
300,67800,61539,12,7,2,2,993,2,2,1,47,1,0,0,0,0,9.0,5.0,10.0,8.965,5.2,0
845,60761,86664,16,4,3,3,293,8,2,1,26,0,0,1,0,0,8.8,5.5,7.1,5.465,8.8,0
745,114626,29942,3,6,2,1,354,7,2,1,48,1,0,0,0,0,4.8,6.0,10.0,5.77,8.2,0
378,237175,73363,9,3,1,1,736,8,1,1,17,1,0,0,0,0,5.4,4.5,7.35,7.68,8.8,0
535,138368,63596,0,5,2,2,84,7,0,1,25,1,0,0,0,0,3.0,5.0,6.75,4.42,8.2,0
633,194735,86526,10,2,3,1,746,0,2,0,34,0,0,0,0,0,5.2,7.5,7.1,3.73,4.0,0
648,100903,40255,15,3,5,3,345,7,2,1,27,1,0,0,0,0,7.8,8.5,10.0,5.725,8.2,0
397,191484,67129,10,9,1,3,813,7,2,1,0,0,0,0,0,0,9.399999999999999,2.5,2.0,8.065000000000001,8.2,0
381,138998,90523,8,6,2,3,864,4,1,0,33,1,0,0,0,0,6.8,4.0,9.55,4.32,6.4,0
801,186439,67286,1,3,1,3,591,13,2,1,25,1,0,1,0,0,2.1999999999999997,2.5,6.95,6.955,10.0,0
776,156885,91437,6,2,2,3,372,5,1,1,5,1,1,0,0,0,3.6000000000000005,4.0,4.95,5.86,7.0,0
849,79894,21277,18,5,2,3,199,1,2,1,49,1,0,0,0,0,10.0,4.0,10.0,4.995,4.6,0
313,71444,6643,17,5,4,3,481,0,0,1,48,1,0,0,0,0,9.8,7.0,10.0,6.404999999999999,4.0,0
691,185341,28729,19,1,1,2,115,7,2,1,45,0,0,0,0,0,8.200000000000001,3.5,10.0,4.575,8.2,0
646,81748,91623,6,3,3,2,79,6,0,1,24,1,0,1,0,0,4.2,6.5,7.8,4.395,7.6,0
609,61190,26818,22,7,2,3,531,3,2,1,16,0,0,0,0,0,10.0,4.0,6.800000000000001,6.654999999999999,5.8,0
685,60318,70555,8,9,3,3,223,14,2,1,25,1,0,0,0,0,8.6,5.5,8.35,5.115,10.0,0
508,188090,58629,11,5,2,3,992,10,2,1,20,1,0,1,0,0,7.4,4.0,8.2,8.96,10.0,0
656,144078,60438,2,4,1,1,526,11,2,1,31,1,0,0,0,0,3.2,4.5,8.05,6.63,10.0,0
393,59759,14457,22,3,4,3,37,6,0,1,24,1,0,0,0,0,10.0,7.0,10.0,4.185,7.6,0
392,36498,64629,21,9,1,3,324,1,2,0,31,1,1,0,0,0,10.0,2.5,10.0,1.62,4.6,0
639,45989,38922,15,7,2,2,914,10,2,1,40,1,0,0,0,0,10.0,5.0,10.0,8.57,10.0,0
744,176640,14820,6,7,4,1,944,1,1,1,18,1,0,0,0,0,6.6000000000000005,9.0,6.9,8.719999999999999,4.6,0
321,137035,37750,22,8,1,2,762,6,2,1,1,1,0,0,0,0,10.0,3.5,7.550000000000001,7.8100000000000005,7.6,0
590,86577,42790,4,1,2,3,516,2,1,1,34,1,0,0,0,0,2.2,4.0,8.899999999999999,6.58,5.2,0
784,125231,93405,24,4,3,3,245,5,2,1,15,1,0,0,0,0,10.0,5.5,10.0,5.225,7.0,0
605,181171,39421,22,5,5,3,101,13,2,1,15,1,0,0,0,0,10.0,8.5,9.65,4.505,10.0,0
427,109900,73038,6,5,3,2,839,11,2,1,32,1,0,0,0,0,5.4,6.5,9.0,8.195,10.0,0
572,191711,87201,18,1,2,3,866,11,0,1,49,1,0,0,0,0,7.8,4.0,10.0,8.33,10.0,0
741,124679,67325,16,3,3,2,372,14,2,1,23,1,0,1,0,0,8.2,6.5,9.65,5.86,10.0,0
802,43482,30600,15,2,3,2,47,12,1,1,30,1,0,0,0,0,7.2,6.5,10.0,4.235,10.0,0
429,89212,34394,20,7,3,2,740,6,2,0,41,1,0,0,0,0,10.0,6.5,10.0,3.7,7.6,0
431,206333,84622,23,5,4,3,673,6,2,1,22,1,0,0,0,0,10.0,7.0,10.0,7.365,7.6,0
781,238389,41171,20,3,1,2,713,14,2,1,16,1,0,0,0,0,9.8,3.5,9.4,7.5649999999999995,10.0,0
689,50048,66526,18,8,1,2,642,9,2,1,32,1,0,0,0,0,10.0,3.5,10.0,7.21,9.399999999999999,0
624,154137,18149,24,1,3,1,500,3,2,1,36,1,0,0,0,0,10.0,7.5,10.0,6.5,5.8,0
368,153108,35394,17,1,5,2,692,2,2,1,35,1,0,0,0,0,7.4,9.5,10.0,7.46,5.2,0
747,55814,19396,18,6,2,3,119,0,2,1,18,0,0,0,0,0,10.0,4.0,6.3,4.595,4.0,0
827,210766,28324,3,1,5,3,153,6,1,1,20,0,0,0,0,0,1.8000000000000003,8.5,3.6,4.765,7.6,0
464,167996,52198,0,4,4,3,587,8,1,1,38,1,0,0,0,0,2.4,7.0,8.7,6.9350000000000005,8.8,0
787,149493,87705,3,6,4,3,843,0,2,1,39,0,0,0,0,0,4.8,7.0,6.449999999999999,8.215,4.0,0
725,80204,96779,3,1,4,3,206,4,2,1,18,1,0,1,0,0,1.8000000000000003,7.0,6.3,5.03,6.4,0
564,52844,36016,8,9,4,3,55,14,2,0,7,1,0,0,0,0,8.6,7.0,5.65,1.0,10.0,0
641,101943,8194,7,4,3,2,158,3,2,1,25,1,0,0,0,0,5.2,6.5,8.15,4.79,5.8,0
577,41518,37398,1,9,3,3,581,9,2,1,40,1,0,0,0,0,5.8,5.5,9.2,6.904999999999999,9.399999999999999,0
738,168131,9789,22,9,1,1,147,1,2,0,17,1,0,1,0,0,10.0,4.5,9.95,1.0,4.6,0
456,43052,90695,5,6,1,3,499,6,1,1,13,1,0,0,0,0,5.6,2.5,5.95,6.495,7.6,0
721,89803,69967,22,7,1,3,411,6,1,1,17,1,0,0,1,0,10.0,2.5,9.95,6.055,3.5999999999999996,0
550,91524,66134,10,1,1,2,611,12,1,1,36,1,0,0,0,0,4.6,3.5,10.0,7.055,10.0,0
829,244582,75886,3,5,1,2,733,7,2,1,27,1,0,0,0,0,4.2,3.5,7.65,7.665,8.2,0
626,109572,29977,13,3,4,2,690,2,0,0,32,1,0,0,0,0,7.0,8.0,10.0,3.45,5.2,0
396,159752,5129,20,6,3,1,941,5,2,1,5,0,0,0,0,0,10.0,7.5,4.75,8.705,7.0,0
812,87021,64683,21,4,2,3,634,14,1,1,6,1,0,0,0,0,10.0,4.0,8.1,7.17,10.0,0
515,231321,50331,8,9,3,3,350,3,1,0,4,1,0,0,0,0,8.6,5.5,5.2,1.75,5.8,0
431,40043,39626,1,7,2,3,587,11,2,1,26,1,0,0,0,0,4.6000000000000005,4.0,7.1,6.9350000000000005,10.0,0
559,22419,53503,24,4,1,3,311,10,0,1,7,0,0,0,0,0,10.0,2.5,5.8500000000000005,5.555,10.0,0
424,207964,32549,0,6,4,1,127,2,2,1,37,0,0,0,0,0,3.5999999999999996,9.0,5.55,4.635,5.2,0
381,141831,17342,3,2,2,1,746,3,2,1,32,1,0,0,0,0,2.4000000000000004,6.0,8.4,7.73,5.8,0
582,121799,41417,11,3,3,3,160,11,2,1,11,0,0,0,0,0,6.2,5.5,3.85,4.8,10.0,0
358,168212,81514,4,7,2,3,176,0,2,1,36,1,0,0,0,0,5.800000000000001,4.0,9.2,4.88,4.0,0
843,194556,57249,8,4,2,3,616,6,2,1,36,1,0,0,0,0,5.6,4.0,10.0,7.08,7.6,0
460,214941,57664,21,7,3,2,781,6,1,0,14,1,1,0,0,0,10.0,6.5,9.3,3.905,7.6,0
583,196282,13833,3,9,1,3,434,6,2,1,16,0,0,0,0,0,6.6,2.5,3.0,6.17,7.6,0
405,77600,65658,15,5,5,3,780,1,1,1,36,1,0,1,0,0,9.0,8.5,10.0,7.9,4.6,0
404,136467,34473,1,1,1,3,446,0,1,1,41,1,0,0,1,0,1.0,2.5,9.35,6.23,1.0,0
738,98497,5737,15,5,2,3,641,8,1,0,28,1,0,0,0,0,9.0,4.0,10.0,3.205,8.8,0
527,128611,99965,15,6,4,3,83,1,2,1,2,0,1,0,0,0,9.6,7.0,3.3,4.415,4.6,0
617,157559,51647,20,2,4,1,371,4,2,1,10,1,0,0,0,0,9.2,9.0,8.5,5.855,6.4,0
763,80692,69054,23,8,2,3,105,13,2,1,25,1,1,0,0,0,10.0,4.0,10.0,4.525,10.0,0
771,82112,6299,23,2,1,1,301,4,2,1,39,0,0,0,0,0,10.0,4.5,10.0,5.505,6.4,0
355,182182,68281,21,9,3,2,186,12,1,1,44,1,0,0,0,0,10.0,6.5,10.0,4.93,10.0,0
312,36360,70875,10,2,1,3,36,12,2,1,5,1,0,0,0,0,5.2,2.5,5.75,4.18,10.0,0
739,200482,37920,0,3,2,2,830,10,2,0,34,1,0,0,0,0,1.7999999999999998,5.0,8.1,4.15,10.0,0
317,241490,59836,14,8,3,1,314,7,1,1,23,1,0,0,0,0,10.0,7.5,9.25,5.57,8.2,0
412,103038,47381,23,6,2,2,732,0,1,1,38,1,0,0,0,0,10.0,5.0,10.0,7.66,4.0,0
528,224239,89971,3,1,1,3,879,10,2,1,33,0,0,1,0,0,1.8000000000000003,2.5,5.550000000000001,8.395,10.0,0
470,23017,61298,17,4,2,1,778,6,2,1,23,0,0,0,0,1,9.200000000000001,6.0,6.85,7.890000000000001,7.6,0
594,106261,29509,16,5,4,2,995,2,2,1,18,1,0,0,0,0,9.4,8.0,8.9,8.975,5.2,0
488,211196,47095,6,3,3,2,951,1,2,1,12,1,0,0,0,0,4.2,6.5,6.0,8.754999999999999,4.6,0
725,241370,56524,17,1,3,3,839,4,1,0,42,1,0,0,0,0,7.4,5.5,10.0,4.195,6.4,0
378,202021,71909,12,3,2,1,214,3,1,1,8,1,0,0,0,0,6.6000000000000005,6.0,6.6000000000000005,5.07,5.8,0
481,209340,77618,19,9,1,3,876,12,2,1,18,0,0,0,0,0,10.0,2.5,6.5,8.379999999999999,10.0,0
798,86320,30532,19,2,2,2,587,8,1,1,31,1,0,0,0,0,8.8,5.0,10.0,6.9350000000000005,8.8,0
370,244628,65285,9,1,2,3,671,10,0,1,20,1,0,0,0,0,4.2,4.0,7.8,7.355,10.0,0
547,232373,23866,0,7,2,2,688,0,2,0,31,1,1,0,0,0,4.2,5.0,7.6499999999999995,3.44,4.0,0
445,51127,12593,1,7,2,3,229,10,2,1,45,1,0,0,0,0,4.6000000000000005,4.0,9.95,5.145,10.0,0
595,154268,14495,16,5,3,3,309,2,2,1,11,0,0,0,0,1,9.4,5.5,4.85,5.545,5.2,0
769,95088,12837,21,2,3,1,267,2,2,1,28,1,0,0,0,0,9.6,7.5,10.0,5.335,5.2,0
805,192372,81708,2,1,1,3,724,3,2,1,32,1,0,0,0,0,1.4,2.5,8.2,7.62,5.8,0
492,200786,23680,16,5,3,3,249,6,1,1,0,1,1,0,0,0,9.4,5.5,6.2,5.245,7.6,0
367,51921,60476,11,4,3,1,836,4,2,1,48,1,0,0,0,0,6.800000000000001,7.5,10.0,8.18,6.4,0
793,24746,35346,23,9,1,3,238,10,2,1,3,1,0,0,0,0,10.0,2.5,8.05,5.1899999999999995,10.0,0
351,88535,28412,11,5,1,3,483,9,0,1,12,1,0,0,0,0,7.4,2.5,7.0,6.415,9.399999999999999,0
662,85350,93399,19,2,3,1,165,13,2,1,22,1,0,0,0,0,8.8,7.5,10.0,4.825,10.0,0
773,201417,35804,9,4,2,2,227,5,2,1,27,0,0,0,0,1,6.0,5.0,5.85,5.135,7.0,0
820,200292,70206,6,9,1,3,474,2,2,1,42,1,0,0,0,0,7.8,2.5,10.0,6.37,5.2,0
730,101131,15934,9,8,1,3,204,4,2,1,49,1,0,0,0,0,8.4,2.5,10.0,5.02,6.4,0
597,42063,35723,17,3,1,3,279,12,2,1,11,1,0,0,0,0,8.600000000000001,2.5,8.05,5.395,10.0,0
734,137116,25405,21,8,5,3,537,14,2,1,18,1,0,0,0,0,10.0,8.5,9.9,6.6850000000000005,10.0,0
497,222808,23748,5,2,3,1,762,14,2,1,32,0,0,0,0,0,3.2,7.5,5.8,7.8100000000000005,10.0,0
427,108913,75766,6,3,2,1,773,11,2,0,17,0,0,0,0,0,4.2,6.0,3.75,3.865,10.0,0
831,98946,51413,16,5,4,3,572,10,2,1,33,1,0,0,0,0,9.4,7.0,10.0,6.859999999999999,10.0,0
710,197043,27354,11,8,3,3,365,1,2,1,29,1,0,0,0,0,9.2,5.5,9.55,5.825,4.6,0
364,154670,79490,16,1,3,1,549,3,2,1,42,1,0,0,0,0,7.0,7.5,10.0,6.745,5.8,0
540,30564,93675,17,4,2,3,485,11,2,1,46,1,0,0,0,0,9.200000000000001,4.0,10.0,6.425,10.0,0
668,247506,22388,13,1,2,3,574,2,1,1,46,1,0,0,0,0,5.8,4.0,10.0,6.87,5.2,0
835,69725,41523,10,1,1,3,317,2,2,0,5,0,0,0,0,0,4.6,2.5,2.75,1.585,5.2,0
683,106134,62693,1,5,2,2,637,11,1,1,3,1,0,0,0,0,3.4,5.0,3.65,7.1850000000000005,10.0,0
730,125940,40732,20,6,1,2,418,3,2,1,11,0,0,0,0,0,10.0,3.5,5.65,6.09,5.8,0
382,211012,46646,0,1,2,3,450,7,1,1,22,1,0,0,0,0,1.0,4.0,6.3,6.25,8.2,0
585,82085,26021,10,6,1,3,530,11,2,1,27,0,0,0,0,0,7.6,2.5,6.05,6.65,10.0,0
833,37862,98238,1,5,2,2,532,7,2,1,10,1,0,0,0,0,3.4,5.0,4.7,6.66,8.2,0
758,30265,57776,15,4,3,3,494,0,2,1,27,1,0,1,0,0,8.4,5.5,10.0,6.470000000000001,4.0,0
511,160777,24116,21,5,2,2,628,11,2,1,39,1,0,0,0,0,10.0,5.0,10.0,7.140000000000001,10.0,0
425,206351,77009,2,8,3,2,822,4,2,1,33,1,0,0,0,0,5.6,6.5,8.350000000000001,8.11,6.4,0
712,82471,93271,19,9,3,2,862,13,2,1,47,1,0,0,0,0,10.0,6.5,10.0,8.309999999999999,10.0,0
798,111080,81620,0,2,2,1,267,1,1,0,33,1,0,0,0,0,1.2,6.0,7.95,1.335,4.6,0
724,230906,49771,20,6,2,3,703,9,1,1,20,1,0,0,0,0,10.0,4.0,10.0,7.515000000000001,9.399999999999999,0
842,214051,33756,19,3,4,3,939,5,2,1,35,1,0,0,0,0,9.4,7.0,10.0,8.695,7.0,0
457,75828,87604,7,2,1,2,179,2,2,1,27,1,0,0,0,0,4.0,3.5,8.45,4.895,5.2,0
411,249278,99452,18,1,3,3,470,14,2,1,33,1,0,0,0,0,7.8,5.5,10.0,6.35,10.0,0
701,136884,7919,0,4,3,3,846,11,2,1,40,1,1,0,0,0,2.4,5.5,9.0,8.23,10.0,0
421,128007,28550,4,8,2,1,660,9,2,1,28,1,0,0,0,0,6.4,6.0,8.0,7.3,9.399999999999999,0
572,66104,41524,0,3,2,3,806,9,2,1,25,1,0,0,0,0,1.7999999999999998,4.0,6.75,8.030000000000001,9.399999999999999,0
593,60934,59606,10,5,2,3,120,12,1,0,12,1,0,0,0,0,7.0,4.0,6.8,1.0,10.0,0
697,134420,73819,20,5,4,3,613,12,1,1,33,1,0,0,0,0,10.0,7.0,10.0,7.0649999999999995,10.0,0
770,26050,75227,8,5,3,3,229,8,1,1,18,1,0,0,0,0,6.2,5.5,7.3,5.145,8.8,0
506,195024,28212,4,9,4,2,14,13,2,1,7,1,0,0,0,0,7.0,8.0,4.85,4.07,10.0,0
409,237642,45118,1,8,2,2,541,8,1,1,28,1,0,0,0,0,5.2,5.0,7.4,6.705,8.8,0
739,28484,33602,12,8,2,3,622,7,2,1,42,0,0,0,0,0,9.600000000000001,4.0,8.7,7.109999999999999,8.2,0
577,82648,22540,17,1,1,3,304,1,2,1,39,1,0,0,0,0,7.4,2.5,10.0,5.52,4.6,0
781,79945,40829,24,1,4,2,467,10,1,1,15,1,0,0,0,0,10.0,8.0,10.0,6.335,10.0,0
413,204750,61309,11,2,2,1,937,1,1,1,27,1,0,0,0,0,5.6000000000000005,6.0,9.25,8.684999999999999,4.6,0
776,51323,70403,13,8,2,3,678,10,2,1,29,1,0,0,0,0,10.0,4.0,9.95,7.390000000000001,10.0,0
620,106332,76455,4,1,4,2,971,14,1,1,22,0,0,0,0,0,2.2,8.0,4.1,8.855,10.0,0
478,114605,27277,23,4,2,2,904,1,2,1,28,1,0,0,0,0,10.0,5.0,10.0,8.52,4.6,0
518,238435,64673,9,9,2,2,522,4,2,1,19,1,0,0,0,0,9.0,5.0,7.65,6.609999999999999,6.4,0
827,186433,22676,19,2,1,2,221,11,2,0,16,0,0,0,0,0,8.8,3.5,6.2,1.105,10.0,0
791,30315,47844,1,3,2,2,128,9,2,1,25,1,0,0,0,0,2.1999999999999997,5.0,6.95,4.64,9.399999999999999,0
360,67968,69708,3,6,4,3,394,8,1,1,46,0,0,0,0,0,4.8,7.0,7.5,5.97,8.8,0
353,177591,14752,11,3,2,1,269,6,1,1,38,1,0,0,0,0,6.2,6.0,10.0,5.345,7.6,0
837,29107,86548,10,4,2,3,408,6,2,1,32,1,0,0,1,0,6.4,4.0,9.8,6.04,3.5999999999999996,0
364,75781,79711,3,9,1,3,184,2,1,1,13,1,0,0,0,0,6.6,2.5,5.55,4.92,5.2,0
470,23869,45670,10,9,2,3,423,2,1,1,30,1,0,0,0,0,9.399999999999999,4.0,9.5,6.115,5.2,0
572,100983,72603,8,5,2,3,143,9,2,1,15,1,0,0,0,0,6.2,4.0,6.85,4.715,9.399999999999999,0
834,178442,36478,9,7,1,3,111,2,1,1,20,0,0,0,0,0,7.800000000000001,2.5,4.8,4.555,5.2,0
690,213767,31439,5,9,3,2,394,0,1,1,34,1,0,0,0,0,7.3999999999999995,6.5,9.1,5.97,4.0,0
626,211494,39747,14,8,2,1,464,12,2,1,49,0,0,0,0,0,10.0,6.0,10.0,6.32,10.0,0
407,27971,34810,9,7,3,1,71,11,0,1,18,0,0,1,0,0,7.800000000000001,7.5,4.5,4.355,10.0,0
461,116805,23302,21,8,1,2,969,7,2,1,5,1,0,0,1,0,10.0,3.5,7.95,8.844999999999999,4.2,0
751,45651,71236,20,5,3,3,910,11,2,1,22,1,0,1,0,0,10.0,5.5,10.0,8.55,10.0,0
505,76974,69467,5,5,2,3,575,10,2,1,25,1,1,0,0,0,5.0,4.0,7.75,6.875,10.0,0
315,43446,39841,0,5,2,2,826,1,1,1,8,1,0,0,0,0,3.0,5.0,4.2,8.129999999999999,4.6,0
626,189180,49713,20,1,5,3,16,10,2,1,12,1,0,0,0,0,8.6,8.5,8.8,4.08,10.0,0
301,226251,54546,21,6,1,3,877,6,1,0,43,1,0,0,0,0,10.0,2.5,10.0,4.385,7.6,0
309,23823,8048,23,5,2,2,524,8,2,1,14,0,0,0,0,0,10.0,5.0,6.700000000000001,6.62,8.8,0
733,164526,38290,19,8,2,3,341,13,2,1,31,1,0,0,0,0,10.0,4.0,10.0,5.705,10.0,0
424,155004,63906,20,8,2,3,388,1,2,1,38,1,0,0,0,0,10.0,4.0,10.0,5.9399999999999995,4.6,0
380,161292,81637,3,2,2,2,454,12,1,1,43,1,0,0,0,0,2.4000000000000004,5.0,10.0,6.27,10.0,0
784,225162,34778,22,6,1,3,344,0,0,1,16,0,0,0,0,1,10.0,2.5,6.800000000000001,5.72,4.0,0
449,87965,32425,21,6,3,3,477,4,2,1,44,1,0,0,0,0,10.0,5.5,10.0,6.385,6.4,0
639,179280,88388,13,3,3,2,946,9,2,1,28,1,0,0,0,0,7.0,6.5,9.8,8.73,9.399999999999999,0
428,224052,95036,19,1,3,3,670,4,2,1,48,0,1,0,0,0,8.200000000000001,5.5,10.0,7.35,6.4,0
737,30510,63176,21,7,1,3,297,0,2,1,39,0,0,0,0,0,10.0,2.5,10.0,5.485,4.0,0
800,195117,17674,19,5,2,2,21,8,1,0,17,0,0,0,0,0,10.0,5.0,6.35,1.0,8.8,0
357,161609,67402,7,5,3,3,113,2,1,1,33,1,0,0,0,0,5.800000000000001,5.5,9.350000000000001,4.5649999999999995,5.2,0
497,223755,93731,10,8,1,3,632,13,2,1,48,1,0,0,0,0,8.8,2.5,10.0,7.16,10.0,0
510,125935,94907,14,5,3,3,272,1,2,1,24,0,0,1,0,0,8.600000000000001,5.5,6.4,5.36,4.6,0
344,89134,38053,18,5,1,3,444,11,1,0,11,1,0,0,0,0,10.0,2.5,8.25,2.22,10.0,0
396,92254,16957,7,1,2,3,182,6,2,1,44,1,0,0,0,0,3.4000000000000004,4.0,10.0,4.91,7.6,0
578,164854,77644,12,2,3,2,616,13,1,1,14,1,0,0,0,0,6.000000000000001,6.5,7.5,7.08,10.0,0
834,134780,58616,17,5,3,3,330,11,1,1,42,1,0,0,0,0,9.8,5.5,10.0,5.65,10.0,0
709,145544,22829,21,7,3,3,965,4,2,1,23,1,0,0,0,0,10.0,5.5,10.0,8.825,6.4,0
760,85587,10837,23,3,4,2,724,3,1,1,8,1,1,0,0,0,10.0,8.0,8.8,7.62,5.8,0
690,102238,69141,16,1,3,3,54,3,1,1,39,1,0,0,0,0,7.0,5.5,10.0,4.27,5.8,0
343,95720,20032,5,2,2,3,555,14,2,0,19,1,0,0,1,0,3.2,4.0,6.85,2.775,8.4,0
326,98004,31352,24,3,5,1,220,8,2,1,24,1,0,0,0,0,10.0,10.0,10.0,5.1,8.8,0
396,42072,35215,14,9,3,3,916,8,1,1,46,1,0,0,0,0,10.0,5.5,10.0,8.58,8.8,0
847,101015,61319,12,8,3,3,746,0,0,0,23,1,1,0,0,0,9.600000000000001,5.5,8.85,3.73,4.0,0
518,245075,79642,17,4,2,3,426,11,2,0,48,1,0,0,0,0,9.200000000000001,4.0,10.0,2.13,10.0,0
484,240010,46247,10,8,4,2,273,12,0,1,25,1,0,0,0,0,8.8,8.0,8.75,5.365,10.0,0
368,92746,99302,12,9,2,3,310,9,0,1,13,1,0,0,0,0,10.0,4.0,7.3500000000000005,5.55,9.399999999999999,0
429,196774,48048,0,3,1,3,465,6,1,1,4,1,0,0,0,0,1.7999999999999998,2.5,3.6,6.325,7.6,0
633,122260,80532,17,6,1,3,235,10,1,1,47,1,0,0,0,0,10.0,2.5,10.0,5.175,10.0,0
453,157129,71714,4,8,1,3,113,7,2,1,28,1,0,0,0,0,6.4,2.5,8.0,4.5649999999999995,8.2,0
846,148259,40319,5,7,2,3,996,4,2,1,7,1,0,1,0,0,6.2,4.0,5.05,8.98,6.4,0
378,50916,21025,0,9,3,2,230,6,2,1,16,1,0,0,0,0,5.3999999999999995,6.5,5.4,5.15,7.6,0
712,47268,14780,6,7,3,3,343,7,2,1,42,1,0,0,0,0,6.6000000000000005,5.5,10.0,5.715,8.2,0
845,195050,27706,3,1,1,2,427,7,2,1,21,0,0,0,0,0,1.8000000000000003,3.5,3.75,6.135,8.2,0
468,43259,47916,8,9,3,2,310,14,1,1,17,1,0,0,0,0,8.6,6.5,7.15,5.55,10.0,0
814,204655,80503,14,5,2,1,644,8,2,1,26,1,0,0,0,0,8.600000000000001,6.0,9.7,7.220000000000001,8.8,0
613,99400,35856,5,6,2,3,494,4,2,1,1,1,0,0,0,0,5.6,4.0,4.15,6.470000000000001,6.4,0
331,54293,14179,24,2,2,1,970,1,1,1,0,1,0,0,0,0,10.0,6.0,7.800000000000001,8.85,4.6,0
586,131581,43623,16,2,4,1,466,5,2,1,40,1,0,0,0,0,7.6000000000000005,9.0,10.0,6.33,7.0,0
342,27043,22587,19,4,2,2,445,0,2,1,7,1,0,0,0,0,10.0,5.0,7.8500000000000005,6.225,4.0,0
300,201502,28733,17,4,1,3,403,9,2,1,20,1,0,0,0,0,9.200000000000001,2.5,9.4,6.015000000000001,9.399999999999999,0
569,127009,93306,21,5,2,3,743,5,0,1,23,1,0,0,0,0,10.0,4.0,10.0,7.715,7.0,0
479,58893,8975,3,7,3,2,52,2,0,1,1,1,0,0,0,0,5.4,6.5,3.75,4.26,5.2,0
817,191714,83455,8,1,3,3,219,12,1,1,43,0,0,0,0,0,3.8000000000000003,5.5,8.05,5.095,10.0,0
402,229137,80138,13,4,1,2,858,2,0,1,37,1,0,0,1,0,7.6,3.5,10.0,8.29,1.2,0
309,181940,50463,2,9,1,2,975,6,2,1,27,0,0,0,0,0,6.199999999999999,3.5,4.45,8.875,7.6,0
389,46309,47154,0,8,3,1,20,3,1,1,33,1,0,0,0,0,4.8,7.5,7.95,4.1,5.8,0
525,43284,80676,10,3,3,2,225,4,2,1,11,1,0,1,0,0,5.8,6.5,6.65,5.125,6.4,0
425,146801,91706,0,6,2,3,173,14,1,1,49,1,0,0,0,0,3.5999999999999996,4.0,10.0,4.865,10.0,0
508,133259,33830,11,9,3,2,234,5,2,1,4,0,0,0,0,0,9.8,6.5,2.8000000000000003,5.17,7.0,0
396,120804,77126,24,8,5,3,746,11,2,1,44,1,0,0,0,0,10.0,8.5,10.0,7.73,10.0,0
373,89000,51745,8,7,2,3,255,9,2,1,35,1,0,0,0,0,7.4,4.0,9.85,5.275,9.399999999999999,0
490,104179,35609,4,7,2,1,667,11,2,1,7,1,0,1,0,0,5.800000000000001,6.0,4.85,7.335,10.0,0
355,213179,22401,14,1,1,1,712,13,0,1,29,0,0,0,0,0,6.2,4.5,7.15,7.5600000000000005,10.0,0
331,85049,32729,17,5,3,3,782,5,1,1,9,1,0,0,0,0,9.8,5.5,7.75,7.91,7.0,0
826,49265,50167,8,7,2,2,808,1,2,1,20,1,0,0,0,0,7.4,5.0,7.6,8.04,4.6,0
583,232562,99181,12,2,1,2,25,2,2,0,45,1,0,0,0,0,6.000000000000001,3.5,10.0,1.0,5.2,0
793,43880,62391,12,6,3,2,203,0,2,1,33,1,0,0,0,0,8.4,6.5,10.0,5.015,4.0,0
486,104579,99583,23,2,3,3,18,2,2,0,33,0,0,0,0,0,10.0,5.5,9.55,1.0,5.2,0
797,151327,63171,12,3,1,3,523,7,2,1,3,1,0,0,0,0,6.6000000000000005,2.5,5.8500000000000005,6.615,8.2,0
741,152574,93096,9,1,1,1,302,14,2,1,10,1,0,0,0,0,4.2,4.5,6.3,5.51,10.0,0
429,221264,11647,9,3,2,1,93,3,2,1,21,0,0,0,0,0,5.4,6.0,4.95,4.465,5.8,0
591,85424,26106,21,7,3,2,964,1,1,0,40,1,0,0,0,0,10.0,6.5,10.0,4.82,4.6,0
413,226910,11015,6,5,3,2,218,3,0,1,49,0,0,0,0,0,5.4,6.5,8.55,5.09,5.8,0
498,90966,26506,21,4,2,2,67,13,2,0,22,1,0,0,1,0,10.0,5.0,10.0,1.0,7.8,0
312,192438,29067,4,8,2,3,994,14,2,1,48,1,0,0,0,0,6.4,4.0,10.0,8.969999999999999,10.0,0
570,178497,7056,19,8,3,2,860,6,2,1,33,1,0,0,0,0,10.0,6.5,10.0,8.3,7.6,0
514,203400,34328,6,1,2,2,521,8,2,1,29,1,0,0,0,0,3.0000000000000004,5.0,8.55,6.605,8.8,0
743,87396,82712,19,9,3,2,627,4,1,0,24,1,0,0,0,0,10.0,6.5,10.0,3.135,6.4,0
811,91694,57832,9,9,2,1,657,12,2,0,23,1,0,0,0,0,9.0,6.0,8.25,3.285,10.0,0
746,156878,47771,9,2,4,3,829,4,1,1,24,1,0,0,0,0,4.8,7.0,8.399999999999999,8.145,6.4,0
373,237346,91805,24,2,2,1,340,11,2,1,29,0,0,0,0,0,10.0,6.0,9.15,5.7,10.0,0
836,37106,51515,20,8,2,2,470,4,2,1,38,1,0,0,0,0,10.0,5.0,10.0,6.35,6.4,0
400,76731,69538,23,6,1,1,598,9,2,1,43,1,0,0,0,0,10.0,4.5,10.0,6.99,9.399999999999999,0
475,95010,73650,12,3,3,2,978,8,0,1,15,1,0,0,0,0,6.6000000000000005,6.5,7.65,8.89,8.8,0
726,233605,83978,14,2,2,3,334,6,2,1,9,1,0,0,0,0,6.800000000000001,4.0,7.15,5.67,7.6,0
416,52599,45151,5,5,2,1,219,13,1,1,30,1,0,0,0,0,5.0,6.0,8.5,5.095,10.0,0
465,91326,6629,19,8,5,2,753,2,1,1,10,1,0,0,0,0,10.0,9.5,8.3,7.765000000000001,5.2,0
340,95706,88463,11,6,4,1,134,13,2,1,8,1,0,0,0,0,8.0,9.0,6.4,4.67,10.0,0
728,29004,94432,18,3,5,3,701,1,2,1,35,0,0,0,0,0,9.0,8.5,8.85,7.505,4.6,0
643,135018,33155,10,9,1,3,471,8,1,1,47,1,0,0,0,0,9.399999999999999,2.5,10.0,6.355,8.8,0
723,202436,23288,5,8,4,3,299,2,2,1,18,0,0,0,0,0,6.8,7.0,3.6999999999999997,5.495,5.2,0
665,45792,55588,0,6,2,2,223,12,2,1,4,1,0,0,0,0,3.5999999999999996,5.0,3.6,5.115,10.0,0
419,246824,91951,1,1,1,3,441,10,2,1,11,1,0,0,0,0,1.0,2.5,4.85,6.205,10.0,0
528,215984,41085,22,2,2,2,106,7,2,1,9,1,0,0,0,0,10.0,5.0,8.75,4.53,8.2,0
429,74645,16251,14,4,2,3,929,14,2,0,13,1,0,0,0,0,8.0,4.0,7.75,4.645,10.0,0
651,27232,30574,3,2,1,3,258,11,2,1,19,1,0,0,0,0,2.4000000000000004,2.5,6.45,5.29,10.0,0
617,229282,14623,4,3,2,3,512,3,2,1,19,0,0,0,0,0,3.4,4.0,3.6500000000000004,6.5600000000000005,5.8,0
636,74766,91472,14,8,3,2,742,4,2,1,43,1,0,0,0,0,10.0,6.5,10.0,7.71,6.4,0
572,140601,59715,10,9,2,2,534,7,2,1,35,1,0,0,0,0,9.399999999999999,5.0,10.0,6.67,8.2,0
416,101588,11123,9,6,2,1,514,4,2,0,24,1,0,0,0,0,7.199999999999999,6.0,8.399999999999999,2.57,6.4,0
667,199614,8061,16,4,2,2,827,9,1,1,40,1,0,0,0,0,8.8,5.0,10.0,8.135,9.399999999999999,0
393,25913,44095,1,2,4,3,100,1,0,1,45,1,0,0,0,0,1.6,7.0,9.95,4.5,4.6,0
467,132406,64618,19,7,1,1,714,5,2,1,4,1,0,0,0,0,10.0,4.5,7.4,7.57,7.0,0
640,133693,33451,23,7,2,3,720,6,2,1,40,0,0,0,0,0,10.0,4.0,10.0,7.6,7.6,0
451,113449,86897,9,9,2,3,781,11,2,1,26,1,0,0,0,0,9.0,4.0,8.7,7.904999999999999,10.0,0
573,30567,86443,19,5,4,2,585,0,2,1,1,1,0,0,0,0,10.0,8.0,6.95,6.925,4.0,0
795,58379,39814,2,4,1,2,851,9,1,1,11,1,0,0,0,0,3.2,3.5,5.05,8.254999999999999,9.399999999999999,0
400,226040,90141,18,6,2,3,753,8,2,1,27,1,1,0,0,0,10.0,4.0,10.0,7.765000000000001,8.8,0
381,20319,81868,4,2,2,3,748,5,2,1,43,1,0,0,0,0,2.8,4.0,10.0,7.74,7.0,0
828,110005,42832,2,2,4,1,176,3,2,1,12,1,0,0,0,0,2.0,9.0,5.199999999999999,4.88,5.8,0
372,130990,14445,7,9,2,2,260,1,1,1,20,1,0,0,0,0,8.2,5.0,7.4,5.3,4.6,0
313,243098,38490,4,7,3,3,456,8,2,1,42,1,0,0,0,0,5.800000000000001,5.5,10.0,6.279999999999999,8.8,0
732,237192,34767,11,7,1,3,195,5,2,1,7,1,0,0,0,0,8.600000000000001,2.5,6.25,4.975,7.0,0
456,24791,51057,13,5,5,3,258,8,2,1,11,1,0,0,0,1,8.2,8.5,7.25,5.29,8.8,0
431,248344,85746,6,7,2,3,793,1,2,1,40,1,0,1,0,0,6.6000000000000005,4.0,10.0,7.965,4.6,0
637,151401,94695,10,9,3,3,996,4,1,1,43,1,0,0,0,0,9.399999999999999,5.5,10.0,8.98,6.4,0
703,225459,78100,7,5,2,2,349,5,2,1,10,0,0,0,0,0,5.800000000000001,5.0,2.9000000000000004,5.745,7.0,0
675,81032,46043,4,9,2,3,455,13,2,1,18,1,0,0,0,0,7.0,4.0,6.5,6.275,10.0,0
406,195150,91755,7,1,2,3,147,10,2,1,7,1,0,0,0,0,3.4000000000000004,4.0,5.45,4.735,10.0,0
564,108662,32946,11,3,3,2,118,4,2,1,26,1,0,0,0,0,6.2,6.5,9.1,4.59,6.4,0
504,41300,41587,14,7,5,3,839,5,2,1,6,1,1,0,0,0,9.8,8.5,6.7,8.195,7.0,0
378,95700,8364,18,4,2,2,426,2,1,1,20,1,0,0,0,0,9.6,5.0,9.6,6.13,5.2,0
454,202017,74854,15,2,4,2,976,8,1,1,26,1,0,0,0,0,7.2,8.0,9.9,8.879999999999999,8.8,0
546,75609,61088,13,3,1,3,435,1,2,1,13,1,0,0,0,0,7.0,2.5,7.55,6.175,4.6,0
830,211634,82015,6,7,4,1,53,13,2,1,31,1,0,0,0,0,6.6000000000000005,9.0,8.85,4.265,10.0,0
837,110045,12398,7,8,2,2,951,11,1,1,28,1,0,0,0,0,7.6,5.0,8.600000000000001,8.754999999999999,10.0,0
453,81901,7452,6,9,2,2,351,1,2,1,23,1,0,0,0,0,7.8,5.0,7.65,5.755,4.6,0
453,25703,92208,17,6,2,2,858,4,0,1,27,0,1,0,0,0,10.0,5.0,7.45,8.29,6.4,0
391,243717,38193,23,9,3,3,210,10,0,1,23,1,0,0,0,0,10.0,5.5,10.0,5.05,10.0,0
732,83115,84401,5,4,3,2,387,9,1,1,1,0,0,0,0,0,4.4,6.5,1.15,5.9350000000000005,9.399999999999999,0
637,239162,30345,18,5,2,1,113,2,1,1,30,1,0,0,0,0,10.0,6.0,10.0,4.5649999999999995,5.2,0
779,47676,90895,3,1,2,2,467,12,2,1,11,1,0,0,0,0,1.8000000000000003,5.0,5.25,6.335,10.0,0
430,212782,79335,22,9,1,3,424,12,2,1,0,1,0,0,0,0,10.0,2.5,7.4,6.12,10.0,0
749,211149,64196,2,9,2,3,910,1,2,1,20,1,0,0,0,0,6.199999999999999,4.0,6.4,8.55,4.6,0
572,141332,28053,16,9,2,3,641,5,2,1,28,1,0,0,0,0,10.0,4.0,10.0,7.205,7.0,0
476,240412,88220,21,3,2,3,411,11,0,1,29,1,0,0,0,0,10.0,4.0,10.0,6.055,10.0,0
348,196512,10015,18,8,2,2,399,5,2,1,41,1,0,0,0,0,10.0,5.0,10.0,5.995,7.0,0
654,187995,13657,14,3,3,3,371,6,2,1,0,0,0,0,1,0,7.4,5.5,2.8000000000000003,5.855,3.5999999999999996,0
607,49802,56116,5,6,3,1,443,3,2,1,21,1,0,0,0,0,5.6,7.5,7.15,6.215,5.8,0
345,110331,26951,11,5,2,2,392,7,1,0,41,1,0,0,0,0,7.4,5.0,10.0,1.96,8.2,0
601,213976,31521,18,8,3,3,37,2,2,1,7,1,0,0,0,0,10.0,5.5,7.65,4.185,5.2,0
707,211234,59431,5,3,1,2,116,9,2,1,12,1,0,0,0,0,3.8,3.5,5.8,4.58,9.399999999999999,0
488,144786,15731,10,1,3,2,801,0,1,1,13,1,0,0,0,0,4.6,6.5,6.95,8.004999999999999,4.0,0
428,85169,23744,19,9,1,2,974,4,1,1,41,1,0,0,0,0,10.0,3.5,10.0,8.870000000000001,6.4,0
836,88147,68094,19,9,3,3,549,5,1,1,0,1,0,0,1,0,10.0,5.5,6.800000000000001,6.745,3.0,0
565,42075,23423,9,3,2,2,195,10,0,1,31,1,0,0,0,0,5.4,5.0,9.45,4.975,10.0,0
417,102015,22568,15,2,2,3,204,12,2,1,37,1,0,0,0,0,7.2,4.0,10.0,5.02,10.0,0
763,225788,52411,17,4,3,2,155,2,2,1,11,1,0,0,0,0,9.200000000000001,6.5,8.05,4.775,5.2,0
443,29304,8934,13,8,1,3,781,1,2,0,46,1,0,0,0,0,10.0,2.5,10.0,3.905,4.6,0
741,149851,81945,3,6,2,3,881,2,2,1,44,1,0,0,0,0,4.8,4.0,10.0,8.405000000000001,5.2,0
499,140729,13172,11,1,3,3,698,2,2,1,46,0,0,0,0,0,5.0,5.5,9.1,7.49,5.2,0
456,79622,32358,19,8,3,3,137,6,1,1,15,1,0,1,0,0,10.0,5.5,9.05,4.6850000000000005,7.6,0
786,74215,71313,22,5,2,3,905,0,2,1,23,1,0,0,0,0,10.0,4.0,10.0,8.525,4.0,0
433,231218,24763,20,6,2,2,115,10,2,1,43,1,0,0,0,0,10.0,5.0,10.0,4.575,10.0,0
447,93973,53673,7,5,2,3,425,3,2,1,19,0,0,0,0,0,5.800000000000001,4.0,4.25,6.125,5.8,0
635,128654,90997,6,5,3,1,361,10,0,1,42,1,0,0,0,0,5.4,7.5,10.0,5.805,10.0,0
370,163593,72975,8,3,2,3,392,2,2,1,43,1,0,0,0,0,5.0,4.0,10.0,5.96,5.2,0
532,44028,12804,23,4,4,3,732,9,1,1,31,1,0,1,1,0,10.0,7.0,10.0,7.66,5.3999999999999995,0
633,59328,52594,24,5,2,3,358,10,2,1,26,1,0,0,0,0,10.0,4.0,10.0,5.79,10.0,0
389,47301,83748,16,2,1,1,490,6,2,1,33,1,0,0,0,0,7.6000000000000005,4.5,10.0,6.45,7.6,0
633,58015,92189,9,6,2,3,843,0,1,1,21,1,0,0,0,0,7.199999999999999,4.0,7.95,8.215,4.0,0
498,238348,92507,2,2,2,1,323,7,2,1,2,1,0,0,0,0,2.0,6.0,3.7,5.615,8.2,0
460,56845,72525,20,4,3,3,532,9,2,1,16,1,0,0,0,0,10.0,5.5,9.4,6.66,9.399999999999999,0
837,106818,78404,24,1,2,2,888,6,1,0,13,1,0,0,0,0,10.0,5.0,9.75,4.44,7.6,0
420,96394,29604,7,4,5,3,369,12,2,1,26,1,1,0,0,0,5.2,8.5,8.3,5.845,10.0,0
600,195231,27135,13,7,2,3,330,11,1,1,38,0,0,0,0,0,9.4,4.0,8.3,5.65,10.0,0
735,63714,42918,6,8,2,2,393,11,0,1,19,0,1,0,0,0,7.2,5.0,4.050000000000001,5.965,10.0,0
367,100722,55849,15,2,1,3,26,7,1,1,45,1,0,0,0,0,7.2,2.5,10.0,4.13,8.2,0
758,247802,35847,17,3,4,2,379,7,1,1,30,1,0,0,0,0,8.600000000000001,8.0,10.0,5.895,8.2,0
813,45230,48774,10,1,3,3,857,12,2,1,40,0,0,0,0,0,4.6,5.5,8.0,8.285,10.0,0
697,112554,65709,5,7,1,3,75,10,2,1,30,1,0,0,0,0,6.2,2.5,8.5,4.375,10.0,0
585,69262,15680,19,4,4,1,895,8,2,1,28,1,0,0,0,0,10.0,9.0,10.0,8.475,8.8,0
439,241273,60037,20,8,2,3,122,0,1,1,41,1,0,0,0,0,10.0,4.0,10.0,4.61,4.0,0
581,61722,63914,13,5,3,3,653,8,1,0,42,1,0,0,0,0,8.2,5.5,10.0,3.265,8.8,0
756,197431,31309,20,9,3,2,425,0,2,1,31,1,0,0,0,0,10.0,6.5,10.0,6.125,4.0,0
386,82796,15349,12,6,3,3,80,14,2,1,29,1,0,0,0,0,8.4,5.5,9.75,4.4,10.0,0
378,191231,80079,3,2,4,3,934,2,1,1,42,1,0,0,0,0,2.4000000000000004,7.0,9.9,8.67,5.2,0
504,107052,65820,19,1,4,2,70,12,1,1,26,1,0,0,0,0,8.200000000000001,8.0,10.0,4.35,10.0,0
636,120808,79996,19,1,5,1,453,6,0,1,18,1,0,0,0,0,8.200000000000001,10.0,9.5,6.265000000000001,7.6,0
553,241281,39553,10,9,1,3,978,14,0,1,27,1,0,0,0,0,9.399999999999999,2.5,9.05,8.89,10.0,0
603,156311,33525,17,1,2,2,323,12,1,1,44,0,0,0,1,0,7.4,5.0,10.0,5.615,7.199999999999999,0
679,111951,10948,0,3,3,2,492,7,2,1,9,1,0,0,0,0,1.7999999999999998,6.5,4.35,6.46,8.2,0
429,70886,19498,11,2,3,1,253,11,1,1,15,1,0,0,0,0,5.6000000000000005,7.5,7.45,5.265,10.0,0
575,123424,23991,17,4,2,3,830,4,0,1,30,1,0,0,0,0,9.200000000000001,4.0,10.0,8.15,6.4,0
482,178267,95510,6,1,1,3,526,0,2,1,9,1,0,0,0,0,3.0000000000000004,2.5,5.55,6.63,4.0,0
567,124697,64790,11,1,3,1,379,2,2,1,9,1,0,0,0,0,5.0,7.5,6.55,5.895,5.2,0
621,245931,12660,0,4,5,3,326,6,2,1,27,0,0,0,0,0,2.4,8.5,4.05,5.63,7.6,0
811,116299,31245,21,4,2,3,30,1,1,1,11,1,0,0,0,0,10.0,4.0,8.85,4.15,4.6,0
377,185746,5238,3,7,2,3,707,1,2,1,32,0,0,0,0,0,5.4,4.0,5.4,7.535,4.6,0
638,169177,24920,17,8,1,3,730,8,2,1,27,1,0,0,1,0,10.0,2.5,10.0,7.65,4.8,0
808,180811,51659,14,8,2,3,240,5,1,1,17,1,0,0,0,0,10.0,4.0,8.35,5.2,7.0,0
537,183041,79874,2,8,3,2,535,3,1,1,27,1,0,0,0,0,5.6,6.5,7.45,6.675,5.8,0
433,34497,47517,6,9,4,2,873,14,1,1,27,1,0,0,0,0,7.8,8.0,8.25,8.365,10.0,0
491,152888,80885,5,1,1,2,600,9,2,1,42,1,1,1,0,0,2.6,3.5,10.0,7.0,9.399999999999999,0
655,138915,51350,14,9,2,3,478,13,2,1,38,1,0,0,0,0,10.0,4.0,10.0,6.390000000000001,10.0,0
577,112019,82179,14,8,3,3,703,8,0,1,13,1,0,0,0,0,10.0,5.5,7.75,7.515000000000001,8.8,0
317,210326,33274,5,1,2,2,87,14,1,1,7,1,0,0,0,0,2.6,5.0,5.05,4.435,10.0,0
823,129017,50013,7,7,2,2,818,6,2,1,29,1,0,0,0,0,7.0,5.0,8.75,8.09,7.6,0
479,238767,44913,7,9,3,3,793,6,2,1,35,1,0,0,0,0,8.2,5.5,9.65,7.965,7.6,0
422,89385,50819,21,4,3,2,572,7,1,1,2,1,0,0,0,0,10.0,6.5,7.5,6.859999999999999,8.2,0
545,238220,87168,0,9,2,2,778,2,2,1,9,1,0,0,0,0,5.3999999999999995,5.0,4.35,7.890000000000001,5.2,0
672,125153,97680,12,1,3,2,817,1,1,1,8,1,0,0,0,0,5.4,6.5,6.6000000000000005,8.085,4.6,0
350,53826,82857,22,9,2,3,539,0,2,1,46,1,0,0,0,0,10.0,4.0,10.0,6.695,4.0,0
370,130034,99792,23,6,2,2,299,1,2,1,39,0,0,0,0,0,10.0,5.0,10.0,5.495,4.6,0
779,214437,69910,20,4,1,3,227,2,2,1,12,1,0,0,0,0,10.0,2.5,8.8,5.135,5.2,0
318,104242,28485,12,5,2,2,966,4,2,1,21,1,0,0,0,0,7.800000000000001,5.0,8.55,8.83,6.4,0
383,143066,7860,10,7,1,3,109,7,1,1,23,1,0,0,0,0,8.2,2.5,8.45,4.545,8.2,0
454,70100,54875,3,4,2,2,158,12,2,1,6,1,0,0,0,0,3.6,5.0,4.5,4.79,10.0,0
656,241171,19919,6,8,3,2,394,10,2,1,12,1,0,0,0,0,7.2,6.5,6.0,5.97,10.0,0
742,145170,78947,11,3,3,2,164,10,2,1,5,0,0,0,0,0,6.2,6.5,2.95,4.82,10.0,0
368,155431,14586,12,2,1,1,956,12,0,1,9,0,0,0,0,0,6.000000000000001,4.5,3.75,8.780000000000001,10.0,0
822,116205,56986,21,1,2,3,404,2,2,1,10,1,0,0,0,0,9.0,4.0,8.7,6.02,5.2,0
442,32809,94848,11,6,2,2,385,6,1,1,28,1,0,0,0,0,8.0,5.0,9.4,5.925,7.6,0
491,84450,28055,15,2,2,3,111,10,1,1,15,0,0,0,0,0,7.2,4.0,5.25,4.555,10.0,0
686,58428,39890,5,8,2,1,636,10,1,1,19,1,0,0,0,0,6.8,6.0,6.85,7.18,10.0,0
677,246062,68081,13,4,3,1,791,4,1,1,20,0,0,0,0,0,7.6,7.5,5.6,7.955,6.4,0
834,92790,33807,18,9,1,3,101,4,2,1,28,1,0,0,0,0,10.0,2.5,10.0,4.505,6.4,0
592,131126,90920,15,4,2,1,960,13,1,1,13,1,0,1,0,0,8.4,6.0,7.95,8.8,10.0,0
308,110321,52177,3,4,1,1,420,7,0,1,40,1,0,0,0,0,3.6,4.5,9.6,6.1,8.2,0
570,22093,99461,4,8,1,2,415,9,2,1,15,1,0,0,0,0,6.4,3.5,6.05,6.075,9.399999999999999,0
686,64498,73625,8,8,5,3,30,4,2,1,8,1,0,0,0,0,8.0,8.5,5.8,4.15,6.4,0
392,136251,19242,23,5,2,3,641,9,2,1,5,1,0,0,0,0,10.0,4.0,8.350000000000001,7.205,9.399999999999999,0
828,60985,61317,2,3,2,2,417,14,1,1,37,1,0,0,0,0,2.5999999999999996,5.0,8.95,6.085,10.0,0
453,52009,44978,21,2,3,3,28,6,0,1,28,1,0,0,0,0,9.6,5.5,10.0,4.14,7.6,0
704,233166,21433,9,9,1,3,545,12,2,1,17,1,0,0,0,0,9.0,2.5,7.35,6.725,10.0,0
448,148515,38282,16,9,2,3,547,11,1,1,23,1,0,0,0,0,10.0,4.0,9.65,6.734999999999999,10.0,0
566,37718,81519,18,5,3,1,162,9,0,1,16,1,0,0,0,0,10.0,7.5,9.0,4.8100000000000005,9.399999999999999,0
721,36705,48578,9,8,4,3,310,7,2,1,35,0,0,0,0,0,8.4,7.0,7.05,5.55,8.2,0
771,107618,75207,11,7,2,2,885,7,2,1,20,0,0,0,1,0,8.600000000000001,5.0,5.2,8.425,4.2,0
846,82598,29133,22,3,2,2,422,2,2,1,18,1,0,0,0,0,10.0,5.0,10.0,6.109999999999999,5.2,0
825,97878,55317,6,5,3,2,211,3,2,1,22,0,0,0,1,0,5.4,6.5,4.5,5.055,1.7999999999999998,0
802,32239,70950,17,9,2,3,148,13,2,1,26,1,0,0,0,0,10.0,4.0,10.0,4.74,10.0,0
313,66622,64612,18,4,1,3,801,12,0,1,10,0,0,0,0,0,9.6,2.5,5.1,8.004999999999999,10.0,0
663,66665,69873,14,3,2,3,33,7,1,1,25,1,0,0,0,0,7.4,4.0,9.55,4.165,8.2,0
418,52274,91778,6,7,2,3,21,4,1,1,10,1,0,0,0,0,6.6000000000000005,4.0,5.7,4.105,6.4,0
537,162491,67002,11,8,1,3,144,13,2,1,42,0,0,0,0,0,9.2,2.5,8.5,4.72,10.0,0
845,128368,57508,21,5,2,3,945,11,2,1,21,1,0,0,0,0,10.0,4.0,10.0,8.725,10.0,0
468,166075,43379,6,8,3,2,90,0,2,1,18,1,0,0,0,0,7.2,6.5,6.9,4.45,4.0,0
821,181938,20231,9,5,2,2,364,6,0,1,7,0,0,0,0,0,6.6,5.0,2.85,5.82,7.6,0
815,173060,92385,24,9,1,2,79,2,1,1,22,1,0,0,0,0,10.0,3.5,10.0,4.395,5.2,0
696,206966,46163,23,7,2,2,213,1,2,1,47,0,0,0,0,0,10.0,5.0,10.0,5.0649999999999995,4.6,0
405,128563,36676,21,5,3,3,600,11,2,0,22,1,0,0,0,0,10.0,5.5,10.0,3.0,10.0,0
384,241516,92592,19,9,1,3,288,9,0,1,39,1,0,0,0,0,10.0,2.5,10.0,5.4399999999999995,9.399999999999999,0
513,156746,90483,9,5,1,3,720,4,2,1,8,0,0,0,0,0,6.6,2.5,3.0,7.6,6.4,0
420,221610,60535,24,8,2,2,388,0,1,1,23,1,0,0,0,0,10.0,5.0,10.0,5.9399999999999995,4.0,0
431,113103,96576,22,4,1,3,303,13,1,1,11,1,0,0,0,0,10.0,2.5,9.05,5.515,10.0,0
496,86446,51110,4,9,4,2,424,8,1,1,11,1,0,0,0,0,7.0,8.0,5.45,6.12,8.8,0
318,49072,51978,17,6,2,3,806,9,2,1,31,1,0,0,0,0,10.0,4.0,10.0,8.030000000000001,9.399999999999999,0
311,53717,95818,8,6,2,2,437,13,2,1,1,1,0,0,0,0,6.8,5.0,4.75,6.1850000000000005,10.0,0
380,238417,96737,15,3,3,3,165,14,2,1,5,1,0,0,0,0,7.8,5.5,6.75,4.825,10.0,0
629,177723,77369,6,3,2,3,597,4,1,1,3,1,0,0,0,0,4.2,4.0,4.65,6.984999999999999,6.4,0
691,137202,9752,24,4,1,3,740,5,2,1,12,1,0,0,0,0,10.0,2.5,9.600000000000001,7.7,7.0,0
606,195363,29507,24,1,2,2,845,6,1,1,35,1,0,0,0,0,10.0,5.0,10.0,8.225,7.6,0
566,142389,90705,9,6,3,2,286,13,0,0,40,1,0,0,0,1,7.199999999999999,6.5,10.0,1.43,10.0,0
746,129525,46495,4,1,1,2,274,8,1,1,38,1,1,0,0,0,2.2,3.5,9.5,5.37,8.8,0
740,214422,95466,6,4,2,2,58,10,2,0,37,1,0,0,0,0,4.800000000000001,5.0,9.75,1.0,10.0,0
301,233092,65886,4,7,2,3,619,4,2,1,17,1,0,0,0,0,5.800000000000001,4.0,6.35,7.095000000000001,6.4,0
819,24646,75559,14,6,2,3,302,11,1,1,14,1,0,0,0,0,9.2,4.0,7.9,5.51,10.0,0
608,59713,5982,18,8,3,1,30,3,1,1,47,1,0,0,0,0,10.0,7.5,10.0,4.15,5.8,0
821,87936,84841,9,4,3,3,453,11,2,1,32,0,0,0,1,0,6.0,5.5,6.6,6.265000000000001,6.6,0
768,195403,21146,7,9,3,3,544,2,1,1,41,1,0,0,0,0,8.2,5.5,10.0,6.720000000000001,5.2,0
511,42185,59843,23,8,3,1,481,4,2,1,29,1,0,0,0,0,10.0,7.5,10.0,6.404999999999999,6.4,0
411,104263,81737,8,5,4,2,147,13,2,1,35,0,0,0,0,0,6.2,8.0,6.85,4.735,10.0,0
307,249728,87446,10,6,1,3,239,9,2,0,24,1,0,0,0,0,7.6,2.5,8.6,1.195,9.399999999999999,0
776,72107,93567,21,5,1,3,847,9,2,1,3,1,0,0,0,0,10.0,2.5,7.65,8.235,9.399999999999999,0
759,217626,28636,1,6,2,3,414,12,2,1,17,1,0,0,0,0,3.9999999999999996,4.0,5.75,6.07,10.0,0
552,37563,87850,2,1,2,1,366,2,1,1,44,1,0,1,0,0,1.4,6.0,10.0,5.83,5.2,0
825,90729,32332,12,4,2,1,550,4,1,1,32,1,0,0,0,1,7.200000000000001,6.0,10.0,6.75,6.4,0
737,35701,56434,10,9,2,3,836,7,1,1,19,1,0,0,0,0,9.399999999999999,4.0,7.85,8.18,8.2,0
535,220144,88866,9,4,1,1,945,1,2,1,41,1,0,0,0,0,6.0,4.5,10.0,8.725,4.6,0
605,199289,66271,14,2,2,1,30,12,2,1,20,1,0,0,0,0,6.800000000000001,6.0,8.8,4.15,10.0,0
777,195682,67726,5,6,4,3,863,3,0,1,0,1,0,0,0,0,5.6,7.0,4.0,8.315000000000001,5.8,0
319,235494,85901,0,2,2,3,620,7,2,1,33,1,0,0,0,0,1.2,4.0,7.95,7.1,8.2,0
515,201203,15108,13,3,1,3,584,14,1,1,8,0,0,0,0,0,7.0,2.5,3.8,6.92,10.0,0
434,148331,73896,17,7,3,1,823,13,2,1,0,0,0,0,0,0,10.0,7.5,3.4000000000000004,8.115,10.0,0
428,180482,47553,23,4,2,2,654,4,1,1,46,1,0,0,0,0,10.0,5.0,10.0,7.27,6.4,0
709,119280,45880,10,1,2,3,536,7,2,1,26,1,0,0,0,0,4.6,4.0,8.9,6.68,8.2,0
721,209787,57077,7,9,2,3,114,5,1,1,14,1,0,0,0,0,8.2,4.0,6.5,4.57,7.0,0
593,58665,8625,21,6,3,3,632,0,2,0,23,0,0,0,0,0,10.0,5.5,7.65,3.16,4.0,0
545,35957,43237,2,9,3,3,860,4,1,0,24,1,0,0,0,0,6.199999999999999,5.5,7.0,4.3,6.4,0
385,199199,6223,13,3,2,3,345,9,1,1,33,1,0,0,0,0,7.0,4.0,10.0,5.725,9.399999999999999,0
674,214661,64303,1,5,2,3,433,14,2,1,43,1,0,0,0,0,3.4,4.0,9.65,6.165,10.0,0
745,66008,70197,15,9,2,2,632,1,2,1,49,1,0,0,0,0,10.0,5.0,10.0,7.16,4.6,0
677,81920,79693,5,6,1,3,884,6,2,1,9,1,0,0,0,0,5.6,2.5,5.35,8.42,7.6,0
689,183947,42760,0,2,4,3,864,13,2,1,29,0,0,0,0,0,1.2,7.0,4.35,8.32,10.0,0
350,133828,84182,13,1,3,2,13,9,2,1,44,1,0,0,0,0,5.8,6.5,10.0,4.065,9.399999999999999,0
541,143852,62966,9,9,1,3,478,3,2,1,40,1,0,0,0,0,9.0,2.5,10.0,6.390000000000001,5.8,0
593,152698,34024,5,1,3,1,673,1,2,1,24,1,0,0,0,0,2.6,7.5,7.6,7.365,4.6,0
565,110815,75323,8,5,2,3,563,0,2,1,2,0,0,0,0,0,6.2,4.0,1.9000000000000001,6.8149999999999995,4.0,0
419,214894,28202,6,1,5,1,896,4,2,1,21,1,0,0,0,0,3.0000000000000004,10.0,7.35,8.48,6.4,0
547,222837,56524,24,5,3,2,547,10,2,1,39,1,0,0,0,0,10.0,6.5,10.0,6.734999999999999,10.0,0
369,223485,48908,1,5,1,3,883,9,2,1,45,1,1,0,0,0,3.4,2.5,9.95,8.415,9.399999999999999,0
356,184714,41067,10,7,3,1,203,12,2,1,23,1,0,0,0,0,8.2,7.5,8.45,5.015,10.0,0
681,58311,14360,13,7,2,3,369,7,0,0,26,1,0,0,0,0,9.4,4.0,9.5,1.845,8.2,0
338,52356,17941,4,1,1,2,529,7,2,1,25,1,0,1,0,0,2.2,3.5,7.55,6.645,8.2,0
742,23809,20993,8,9,3,3,82,11,1,1,15,1,0,0,0,0,8.6,5.5,6.85,4.41,10.0,0
317,194443,19620,6,1,2,3,971,12,1,1,37,1,0,0,0,0,3.0000000000000004,4.0,9.75,8.855,10.0,0
651,54875,25193,24,5,1,3,87,9,2,1,40,0,0,0,0,0,10.0,2.5,10.0,4.435,9.399999999999999,0
597,29465,56559,13,7,3,3,669,1,2,1,3,1,0,1,0,0,9.4,5.5,6.05,7.345000000000001,4.6,0
582,217167,26248,15,8,3,3,843,5,2,0,22,1,0,0,0,0,10.0,5.5,9.3,4.215,7.0,0
409,93844,50852,21,2,1,2,77,6,2,1,18,1,0,0,0,0,9.6,3.5,9.9,4.385,7.6,0
479,216322,10027,15,1,2,2,876,9,1,1,14,1,0,0,0,0,6.6,5.0,8.1,8.379999999999999,9.399999999999999,0
843,106889,68410,6,4,2,2,704,0,0,1,30,1,1,0,0,0,4.800000000000001,5.0,8.7,7.52,4.0,0
324,35250,9260,9,4,1,3,343,4,1,1,23,1,0,0,0,0,6.0,2.5,8.25,5.715,6.4,0
356,66023,42596,20,6,4,3,94,5,1,1,10,0,0,0,0,0,10.0,7.0,5.5,4.47,7.0,0
479,121350,14012,5,1,1,2,505,6,2,1,9,0,0,1,0,0,2.6,3.5,2.3499999999999996,6.525,7.6,0
531,197696,30823,16,1,1,1,88,10,2,0,7,0,0,0,0,0,7.0,4.5,4.25,1.0,10.0,0
642,36427,78851,0,3,1,2,560,8,1,1,2,1,0,0,0,0,1.7999999999999998,3.5,3.3,6.8,8.8,0
776,184348,52027,1,5,2,2,315,2,0,0,18,1,0,0,0,0,3.4,5.0,5.9,1.575,5.2,0
754,91643,83167,13,6,3,3,29,7,2,0,3,1,0,0,0,0,8.8,5.5,6.05,1.0,8.2,0
531,230084,88794,3,5,2,3,591,9,2,1,28,1,0,0,0,0,4.2,4.0,7.800000000000001,6.955,9.399999999999999,0
588,154511,30099,8,5,2,3,165,2,0,1,44,1,0,0,0,0,6.2,4.0,10.0,4.825,5.2,0
512,236920,41992,22,9,3,1,126,10,0,1,40,1,0,0,0,0,10.0,7.5,10.0,4.63,10.0,0
557,238403,15977,5,2,1,3,889,8,2,1,20,1,0,0,0,0,3.2,2.5,7.0,8.445,8.8,0
829,98672,61234,16,1,2,1,948,7,1,1,44,1,0,0,0,0,7.0,6.0,10.0,8.74,8.2,0
528,230775,97230,20,6,1,2,459,8,2,1,8,1,0,0,0,0,10.0,3.5,8.2,6.295,8.8,0
525,37300,52376,10,9,1,3,37,4,2,1,47,0,0,0,0,0,9.399999999999999,2.5,9.05,4.185,6.4,0
734,80289,38978,3,7,2,1,896,10,2,0,17,0,0,0,0,0,5.4,6.0,3.15,4.48,10.0,0
701,168254,14218,20,8,1,1,619,8,2,1,18,1,0,0,0,1,10.0,4.5,9.7,7.095000000000001,8.8,0
387,221579,26788,8,5,2,1,983,12,0,1,16,1,0,0,0,0,6.2,6.0,7.0,8.915,10.0,0
841,201984,25501,15,4,3,3,338,2,1,1,43,1,0,0,0,0,8.4,5.5,10.0,5.6899999999999995,5.2,0
608,177981,82989,2,6,1,3,672,6,2,1,42,1,0,0,0,0,4.3999999999999995,2.5,9.7,7.359999999999999,7.6,0
642,39659,20210,3,3,3,3,373,2,1,1,23,1,0,0,0,0,3.0,5.5,7.05,5.865,5.2,0
735,182475,79225,23,1,3,3,428,5,0,1,48,1,0,0,0,1,9.8,5.5,10.0,6.140000000000001,7.0,0
476,184658,50489,2,4,2,2,31,7,0,1,5,1,0,0,0,0,3.2,5.0,4.15,4.155,8.2,0
438,30360,97917,12,9,2,1,270,1,2,1,30,1,1,0,0,0,10.0,6.0,9.9,5.35,4.6,0
493,41424,68721,18,4,2,1,69,14,2,1,26,0,0,0,0,0,9.6,6.0,7.5,4.345,10.0,0
485,118035,47653,24,1,1,3,946,7,0,0,46,1,0,0,0,0,10.0,2.5,10.0,4.73,8.2,0
517,68791,91678,20,4,4,1,422,0,2,1,33,1,0,0,0,0,10.0,9.0,10.0,6.109999999999999,4.0,0
463,154137,45950,0,7,2,3,172,3,2,1,45,1,0,0,0,0,4.2,4.0,9.75,4.86,5.8,0
460,219867,13916,22,3,4,2,123,6,2,1,26,1,0,0,0,0,10.0,8.0,10.0,4.615,7.6,0
824,32300,70911,22,6,3,3,363,13,2,1,26,1,0,0,0,0,10.0,5.5,10.0,5.8149999999999995,10.0,0
341,53370,36449,5,1,1,3,205,0,2,1,34,1,0,0,0,0,2.6,2.5,9.1,5.025,4.0,0
509,220903,94333,21,4,2,2,54,5,2,0,11,0,0,0,0,0,10.0,5.0,5.85,1.0,7.0,0
574,47209,25782,2,3,1,3,634,9,2,1,28,1,0,0,0,0,2.5999999999999996,2.5,7.6000000000000005,7.17,9.399999999999999,0
578,40927,97564,2,1,3,2,914,5,2,1,5,0,0,0,0,0,1.4,6.5,1.15,8.57,7.0,0
550,54579,25243,15,3,4,2,188,13,1,0,36,0,0,0,0,0,7.8,8.0,8.399999999999999,1.0,10.0,0
609,29032,34379,9,4,2,2,791,12,2,1,6,1,0,0,0,0,6.0,5.0,5.7,7.955,10.0,0
439,113254,42780,24,5,1,3,502,6,1,1,5,1,0,0,0,0,10.0,2.5,8.55,6.51,7.6,0
845,98413,35740,16,6,1,2,334,8,2,1,18,1,0,0,0,0,10.0,3.5,8.9,5.67,8.8,0
829,191803,24984,6,2,3,2,379,6,0,1,13,1,0,0,0,0,3.6000000000000005,6.5,6.15,5.895,7.6,0
356,133528,5050,12,2,4,3,577,2,1,1,49,1,0,0,0,0,6.000000000000001,7.0,10.0,6.885,5.2,0
411,243274,11590,10,6,1,2,888,3,1,1,20,0,0,0,0,0,7.6,3.5,5.0,8.440000000000001,5.8,0
304,204839,45205,9,5,1,2,356,12,2,1,13,1,0,0,0,0,6.6,3.5,6.75,5.78,10.0,0
709,143916,20162,6,1,2,3,788,14,1,1,39,1,0,0,0,0,3.0000000000000004,4.0,10.0,7.9399999999999995,10.0,0
713,92302,54746,23,3,1,2,935,0,2,1,13,1,0,0,0,0,10.0,3.5,9.55,8.675,4.0,0
481,201026,18105,5,5,3,2,124,4,1,1,31,1,0,0,0,0,5.0,6.5,8.649999999999999,4.62,6.4,0
312,239437,42499,23,2,2,3,366,6,2,1,25,0,0,0,0,0,10.0,4.0,8.350000000000001,5.83,7.6,0
638,105757,41641,0,1,3,2,176,2,1,1,2,1,0,0,0,0,1.0,6.5,3.3,4.88,5.2,0
558,176174,16628,16,9,2,2,363,5,1,1,14,1,1,0,0,0,10.0,5.0,8.3,5.8149999999999995,7.0,0
389,185505,47032,24,5,2,2,124,11,2,1,20,1,0,0,0,0,10.0,5.0,10.0,4.62,10.0,0
549,35932,70029,11,2,2,3,417,14,1,1,29,1,0,0,0,0,5.6000000000000005,4.0,9.55,6.085,10.0,0
554,45714,43516,3,4,3,1,601,14,1,1,47,0,0,0,0,0,3.6,7.5,7.65,7.005,10.0,0
407,77803,92157,2,3,3,2,835,2,2,1,46,0,0,0,0,0,2.5999999999999996,6.5,7.3,8.175,5.2,0
784,190815,6476,5,7,2,2,807,3,2,1,13,1,0,0,0,0,6.2,5.0,5.95,8.035,5.8,0
557,153624,45800,15,1,2,2,929,4,2,1,46,0,0,0,0,0,6.6,5.0,9.899999999999999,8.645,6.4,0
581,76627,40788,12,4,1,3,332,5,2,1,38,1,0,0,0,0,7.200000000000001,2.5,10.0,5.66,7.0,0
387,197059,94973,8,7,1,2,550,5,2,1,36,0,0,0,0,0,7.4,3.5,7.0,6.75,7.0,0
503,99810,31240,10,5,3,3,51,0,2,1,40,1,1,0,1,0,7.0,5.5,10.0,4.255,1.0,0
315,65380,15922,19,4,2,3,469,11,2,1,47,1,0,0,0,0,10.0,4.0,10.0,6.345000000000001,10.0,0
450,180322,69198,24,4,2,2,128,7,2,1,27,1,0,0,0,0,10.0,5.0,10.0,4.64,8.2,0
553,219416,63739,20,2,3,2,583,2,1,1,1,0,0,0,0,0,9.2,6.5,4.15,6.915,5.2,0
487,84686,78602,12,8,2,2,676,3,2,1,21,1,0,0,0,0,9.600000000000001,5.0,8.55,7.38,5.8,0
628,140321,17089,22,4,2,1,806,7,1,1,6,1,0,0,0,0,10.0,6.0,8.3,8.030000000000001,8.2,0
843,65028,37600,18,2,1,3,459,14,2,1,43,1,0,0,0,0,8.4,2.5,10.0,6.295,10.0,0
696,166367,51176,2,9,3,3,450,4,1,1,31,1,0,0,0,0,6.199999999999999,5.5,8.05,6.25,6.4,0
816,133141,13167,11,7,2,2,198,5,1,1,15,1,0,0,0,1,8.600000000000001,5.0,7.45,4.99,7.0,0
758,75248,83352,18,3,1,3,294,12,2,1,35,0,0,0,0,0,9.0,2.5,8.85,5.47,10.0,0
629,231277,26164,7,7,3,3,113,12,0,1,1,1,0,1,0,0,7.0,5.5,4.55,4.5649999999999995,10.0,0
468,30523,90965,13,1,2,1,578,14,0,1,16,1,0,0,0,0,5.8,6.0,8.0,6.890000000000001,10.0,0
665,65530,36415,21,1,3,2,466,0,1,1,48,1,0,1,0,0,9.0,6.5,10.0,6.33,4.0,0
477,33769,78653,8,4,4,3,320,7,1,1,2,1,0,0,0,0,5.6,7.0,4.9,5.6,8.2,0
661,214114,76895,24,4,3,1,893,4,1,1,47,1,0,0,0,0,10.0,7.5,10.0,8.465,6.4,0
339,132035,84900,23,4,3,3,693,0,2,1,22,1,0,0,0,0,10.0,5.5,10.0,7.465,4.0,0
715,195717,99330,16,9,1,3,393,6,2,1,36,1,0,0,0,0,10.0,2.5,10.0,5.965,7.6,0
654,241815,80829,5,6,2,1,677,14,2,1,38,1,0,0,0,0,5.6,6.0,9.7,7.385,10.0,0
554,213214,63650,3,3,3,3,174,1,2,1,27,1,0,0,0,0,3.0,5.5,7.65,4.87,4.6,0
442,176629,63981,3,6,2,2,416,11,2,1,44,1,0,0,0,0,4.8,5.0,10.0,6.08,10.0,0
310,99782,79868,18,2,2,1,854,5,0,1,40,1,0,0,0,0,8.4,6.0,10.0,8.27,7.0,0
325,98382,5615,11,2,4,2,590,13,2,1,7,1,0,0,0,0,5.6000000000000005,8.0,6.25,6.95,10.0,0
720,188157,50612,24,7,1,1,485,2,2,1,32,0,0,0,0,0,10.0,4.5,9.600000000000001,6.425,5.2,0
520,201780,82937,1,3,1,3,67,5,1,1,3,1,0,0,0,0,2.1999999999999997,2.5,3.65,4.335,7.0,0
795,202429,46936,16,7,3,1,728,8,2,1,6,0,0,0,0,1,10.0,7.5,4.1,7.640000000000001,8.8,0
536,130939,34372,14,3,3,3,993,5,0,1,10,0,0,0,0,0,7.4,5.5,4.300000000000001,8.965,7.0,0
536,164542,72875,9,2,4,2,425,0,0,1,39,0,0,0,0,0,4.8,8.0,7.6499999999999995,6.125,4.0,0
518,98712,86782,2,4,3,2,606,5,1,1,7,1,0,0,0,0,3.2,6.5,4.45,7.029999999999999,7.0,0
786,138643,66700,19,4,3,2,846,2,2,1,19,1,0,0,0,0,10.0,6.5,9.65,8.23,5.2,0
760,127417,13109,3,3,3,2,622,3,2,1,42,0,0,0,0,0,3.0,6.5,6.9,7.109999999999999,5.8,0
443,230154,28758,21,9,1,2,813,12,2,1,38,1,0,0,0,0,10.0,3.5,10.0,8.065000000000001,10.0,0
488,157877,93627,0,6,3,3,260,3,2,1,27,1,0,0,0,0,3.5999999999999996,5.5,7.05,5.3,5.8,0
554,233396,18317,0,5,1,2,229,8,2,0,10,1,0,0,0,0,3.0,3.5,4.5,1.145,8.8,0
367,148256,87298,17,6,2,3,169,7,1,1,49,0,0,0,0,0,10.0,4.0,10.0,4.845,8.2,0
635,245956,74001,3,8,2,2,196,6,2,1,21,0,0,0,0,0,6.0,5.0,3.75,4.98,7.6,0
708,213100,56423,22,5,2,3,905,4,2,1,35,1,0,0,1,0,10.0,4.0,10.0,8.525,2.4,0
599,201844,30622,21,4,2,3,965,9,2,1,5,1,0,0,0,0,10.0,4.0,7.95,8.825,9.399999999999999,0
656,203176,11800,14,7,1,2,608,10,2,1,6,1,1,0,0,0,9.8,3.5,6.7,7.04,10.0,0
555,224688,40539,24,5,2,3,473,3,2,1,9,0,0,0,0,0,10.0,4.0,6.15,6.365,5.8,0
652,121422,7600,22,4,1,2,507,12,2,1,39,1,0,0,0,0,10.0,3.5,10.0,6.535,10.0,0
820,109300,76054,20,5,2,3,339,2,1,1,3,1,0,1,0,0,10.0,4.0,7.45,5.695,5.2,0
823,26630,90163,21,4,3,3,358,11,2,1,8,1,0,0,0,0,10.0,5.5,8.4,5.79,10.0,0
583,144474,34369,9,8,4,3,509,0,1,1,37,0,0,0,0,0,8.4,7.0,7.35,6.545,4.0,0
611,118869,21689,24,8,3,3,676,8,2,1,48,1,0,0,0,0,10.0,5.5,10.0,7.38,8.8,0
398,35701,86459,16,1,2,3,876,14,2,1,18,1,0,0,0,0,7.0,4.0,8.9,8.379999999999999,10.0,0
496,165931,43469,24,3,3,3,499,7,0,0,45,1,0,0,0,0,10.0,5.5,10.0,2.495,8.2,0
781,172255,5958,21,4,2,1,289,0,2,1,32,1,0,0,0,0,10.0,6.0,10.0,5.445,4.0,0
525,191510,65012,11,2,1,3,864,1,1,1,37,1,0,0,0,0,5.6000000000000005,2.5,10.0,8.32,4.6,0
664,117285,74074,19,5,3,2,844,13,2,1,21,1,0,0,0,0,10.0,6.5,9.95,8.219999999999999,10.0,0
667,137556,65021,11,8,3,3,173,0,1,0,38,1,0,0,0,0,9.2,5.5,10.0,1.0,4.0,0
374,248495,93940,15,2,3,3,407,0,0,1,0,1,0,0,0,0,7.2,5.5,6.0,6.035,4.0,0
341,193316,55782,4,9,3,3,77,13,0,1,48,0,0,0,0,0,7.0,5.5,7.999999999999999,4.385,10.0,0
721,225384,80519,15,7,1,3,437,8,1,0,20,1,0,0,0,0,10.0,2.5,9.0,2.185,8.8,0
480,35021,64315,16,6,4,3,441,4,1,1,48,1,0,0,0,0,10.0,7.0,10.0,6.205,6.4,0
844,220935,29642,22,8,3,1,883,14,2,1,6,0,0,0,0,0,10.0,7.5,5.300000000000001,8.415,10.0,0
370,206637,84003,14,2,3,2,384,2,1,1,45,1,0,0,0,0,6.800000000000001,6.5,10.0,5.92,5.2,0
404,199115,5205,12,5,3,3,809,1,0,1,6,1,0,0,1,0,7.800000000000001,5.5,6.300000000000001,8.045,1.0,0
499,224222,97945,7,4,2,2,733,11,2,1,21,1,0,0,0,0,5.2,5.0,7.55,7.665,10.0,0
400,84361,17442,20,8,1,3,641,13,2,1,12,1,0,0,0,0,10.0,2.5,8.8,7.205,10.0,0
606,152317,96826,1,1,1,1,922,7,2,1,22,1,0,0,0,0,1.0,4.5,6.5,8.61,8.2,0
676,192083,96644,7,3,1,2,998,7,1,0,21,1,0,0,0,0,4.6,3.5,7.55,4.99,8.2,0
698,30355,10691,9,8,2,3,706,14,2,1,25,1,0,0,0,0,8.4,4.0,8.55,7.529999999999999,10.0,0
520,118841,43909,6,5,2,3,432,14,0,1,17,1,0,0,0,0,5.4,4.0,6.75,6.16,10.0,0
481,199764,24504,9,4,4,2,937,13,2,1,6,0,0,0,0,0,6.0,8.0,2.7,8.684999999999999,10.0,0
606,200076,69270,24,6,4,2,973,5,2,1,1,1,0,0,0,0,10.0,8.0,7.950000000000001,8.865,7.0,0
821,180786,63051,3,5,3,1,737,1,2,1,18,1,0,0,0,0,4.2,7.5,6.3,7.6850000000000005,4.6,0
695,37198,43798,10,3,1,1,651,10,1,1,13,0,0,1,0,0,5.8,4.5,3.95,7.255,10.0,0
303,86951,54330,8,5,2,1,87,14,0,0,24,1,0,0,1,0,6.2,6.0,8.2,1.0,8.4,0
580,152724,92087,3,4,3,3,497,0,2,1,32,1,1,0,0,0,3.6,5.5,8.4,6.484999999999999,4.0,0
514,194697,83919,2,1,1,3,179,5,2,1,47,1,0,0,0,0,1.4,2.5,10.0,4.895,7.0,0
719,237054,87032,10,1,3,2,47,0,1,1,38,1,0,0,0,0,4.6,6.5,10.0,4.235,4.0,0
400,38740,46716,2,7,4,1,576,11,0,1,47,0,0,0,0,0,5.0,9.0,7.45,6.88,10.0,0
820,23810,79624,17,4,2,3,960,5,2,1,19,1,0,0,0,0,9.200000000000001,4.0,9.25,8.8,7.0,0
608,143743,51982,18,1,3,3,299,14,2,1,43,1,0,0,0,0,7.8,5.5,10.0,5.495,10.0,0
809,167641,32444,13,6,1,1,567,9,2,1,4,1,1,0,0,0,8.8,4.5,6.2,6.835,9.399999999999999,0
362,119855,29734,23,1,3,2,180,1,0,1,48,1,0,0,0,0,9.8,6.5,10.0,4.9,4.6,0
525,230192,46745,10,8,1,2,651,14,2,1,20,1,0,0,0,0,8.8,3.5,8.0,7.255,10.0,0
404,46783,39571,23,9,1,1,685,6,1,1,12,0,0,0,0,0,10.0,4.5,6.4,7.425,7.6,0
724,141701,96951,1,3,3,3,591,11,2,1,13,1,0,0,0,0,2.1999999999999997,5.5,5.15,6.955,10.0,0
554,98047,20389,1,7,3,3,301,9,1,0,15,1,0,0,0,0,4.6000000000000005,5.5,5.45,1.505,9.399999999999999,0
728,29471,98280,1,5,3,3,927,1,2,1,44,1,0,0,0,0,3.4,5.5,9.8,8.635,4.6,0
733,130771,89218,9,3,2,3,590,1,0,1,49,1,0,0,0,0,5.4,4.0,10.0,6.95,4.6,0
506,26163,50038,22,5,3,2,431,5,1,0,49,1,0,1,0,0,10.0,6.5,10.0,2.155,7.0,0
327,214159,77795,14,7,3,3,114,3,2,1,40,1,0,0,0,0,9.8,5.5,10.0,4.57,5.8,0
635,82071,50168,21,7,5,2,575,5,2,0,27,1,0,0,0,0,10.0,9.5,10.0,2.875,7.0,0
368,36065,83082,11,9,4,1,415,11,1,1,0,0,0,0,0,0,9.8,9.0,2.2,6.075,10.0,0
812,142323,72690,10,8,3,3,889,7,2,0,1,1,0,0,0,0,8.8,5.5,5.15,4.445,8.2,0
466,137969,79302,16,4,3,2,468,10,2,1,7,1,0,0,0,0,8.8,6.5,7.25,6.34,10.0,0
667,103456,16230,17,5,2,2,884,9,2,1,12,1,0,0,0,0,9.8,5.0,8.2,8.42,9.399999999999999,0
550,199420,88301,13,5,1,3,257,2,2,1,37,1,0,0,0,0,8.2,2.5,10.0,5.285,5.2,0
469,39154,10902,16,2,1,2,936,4,0,0,18,1,0,0,0,0,7.6000000000000005,3.5,8.9,4.68,6.4,0
389,125703,71758,14,7,3,3,318,4,2,1,1,1,0,1,0,0,9.8,5.5,5.95,5.59,6.4,0
745,40229,32050,11,7,3,2,382,9,2,1,30,1,0,0,0,0,8.600000000000001,6.5,9.7,5.91,9.399999999999999,0
593,72587,79586,15,9,3,3,115,8,2,1,9,1,0,0,0,0,10.0,5.5,7.35,4.575,8.8,0
449,69713,74110,22,9,2,2,870,6,2,1,4,1,0,0,0,0,10.0,5.0,8.0,8.35,7.6,0
431,178069,81693,5,4,1,3,324,12,2,0,22,0,0,0,0,0,4.4,2.5,4.3,1.62,10.0,0
732,41101,24575,1,5,2,1,618,8,1,1,29,0,0,0,0,0,3.4,6.0,4.55,7.09,8.8,0
358,60391,63940,1,7,2,3,863,7,2,1,31,1,0,0,0,0,4.6000000000000005,4.0,7.85,8.315000000000001,8.2,0
498,226935,45244,15,7,2,3,954,2,2,1,0,1,0,0,0,0,10.0,4.0,6.0,8.77,5.2,0
514,92723,88481,1,8,4,2,548,1,1,1,44,1,0,0,0,0,5.2,8.0,9.8,6.74,4.6,0
771,246293,19962,7,8,1,2,81,14,2,1,43,1,0,0,0,0,7.6,3.5,10.0,4.405,10.0,0
546,210477,95388,6,2,2,2,387,2,1,1,41,1,0,0,0,0,3.6000000000000005,5.0,10.0,5.9350000000000005,5.2,0
681,186020,82332,0,9,2,3,505,5,1,1,2,1,0,0,0,0,5.3999999999999995,4.0,3.3,6.525,7.0,0
538,120264,29450,3,4,5,3,194,10,1,0,46,1,1,0,0,0,3.6,8.5,10.0,1.0,10.0,0
666,204103,58494,10,1,4,2,143,11,1,1,29,1,0,0,0,0,4.6,8.0,9.35,4.715,10.0,0
467,57921,50037,19,1,2,3,183,9,2,1,36,1,0,0,0,0,8.200000000000001,4.0,10.0,4.915,9.399999999999999,0
350,223643,88040,6,5,5,3,802,3,2,1,27,0,1,0,0,0,5.4,8.5,5.25,8.01,5.8,0
679,228079,35041,17,7,2,1,619,10,1,1,20,0,0,0,0,0,10.0,6.0,6.4,7.095000000000001,10.0,0
773,48460,15715,3,5,1,2,402,0,2,1,12,1,0,0,0,0,4.2,3.5,5.4,6.01,4.0,0
379,172143,26803,16,3,2,3,73,9,0,1,39,1,0,0,0,0,8.2,4.0,10.0,4.365,9.399999999999999,0
666,217190,73906,10,7,2,3,424,9,2,1,25,1,1,0,0,0,8.2,4.0,8.75,6.12,9.399999999999999,0
760,199354,66726,10,1,3,1,412,12,1,1,39,1,0,0,0,0,4.6,7.5,10.0,6.0600000000000005,10.0,0
838,111725,6908,19,1,4,2,122,8,2,0,29,0,0,0,0,1,8.200000000000001,8.0,8.15,1.0,8.8,0
751,78445,42075,10,2,3,1,74,5,1,1,23,0,0,0,0,0,5.2,7.5,5.449999999999999,4.37,7.0,0
763,232139,69587,14,1,2,3,737,0,2,1,37,1,0,0,0,0,6.2,4.0,10.0,7.6850000000000005,4.0,0
777,102208,58648,13,9,2,3,875,2,2,1,40,1,0,0,0,0,10.0,4.0,10.0,8.375,5.2,0
719,205888,26134,16,4,1,2,410,10,2,1,45,0,0,0,0,0,8.8,3.5,9.95,6.05,10.0,0
513,126283,61143,1,7,2,2,299,10,1,1,4,1,0,0,0,0,4.6000000000000005,5.0,3.8,5.495,10.0,0
668,105779,74123,17,5,1,2,492,12,2,1,15,1,0,0,0,0,9.8,3.5,8.65,6.46,10.0,0
413,23060,50153,15,7,2,3,429,0,2,1,45,0,0,0,0,0,10.0,4.0,9.75,6.145,4.0,0
802,145806,7413,11,7,3,2,918,11,2,0,41,1,0,0,0,0,8.600000000000001,6.5,10.0,4.59,10.0,0
610,33731,95574,9,1,3,3,324,8,2,1,48,1,0,0,0,0,4.2,5.5,10.0,5.62,8.8,0
768,97830,27555,15,1,1,3,98,3,1,1,15,1,1,0,0,1,6.6,2.5,8.25,4.49,5.8,0
343,135871,15952,2,3,2,3,768,1,2,1,48,0,0,0,0,0,2.5999999999999996,4.0,7.6,7.84,4.6,0
714,40719,73993,7,2,2,3,853,3,1,1,47,0,0,0,0,0,4.0,4.0,8.45,8.265,5.8,0
545,198114,79000,21,7,1,2,670,14,2,1,9,1,0,0,0,0,10.0,3.5,8.55,7.35,10.0,0
383,69116,71686,21,3,2,3,366,1,2,1,17,0,0,0,0,0,10.0,4.0,6.75,5.83,4.6,0
506,46325,37264,24,7,2,3,887,5,2,1,37,1,0,0,0,0,10.0,4.0,10.0,8.434999999999999,7.0,0
450,173669,52553,23,9,3,3,970,5,2,1,16,1,0,0,0,0,10.0,5.5,10.0,8.85,7.0,0
827,218511,59359,1,1,4,1,761,14,2,1,40,0,0,0,0,0,1.0,9.0,6.2,7.805,10.0,0
464,34551,14808,21,3,2,1,527,10,2,1,39,1,0,0,0,0,10.0,6.0,10.0,6.635,10.0,0
444,113287,57330,0,6,3,3,758,6,2,1,30,1,0,0,0,0,3.5999999999999996,5.5,7.5,7.79,7.6,0
336,44278,43345,13,9,1,3,374,8,1,1,25,1,0,0,0,0,10.0,2.5,9.35,5.87,8.8,0
632,242261,74617,24,5,4,3,276,10,2,1,25,1,0,0,0,0,10.0,7.0,10.0,5.38,10.0,0
702,35141,44222,3,3,1,3,857,8,0,1,39,0,0,0,0,0,3.0,2.5,6.449999999999999,8.285,8.8,0
713,87913,62755,3,8,1,3,415,3,0,1,11,1,0,0,0,0,6.0,2.5,5.25,6.075,5.8,0
344,53615,13933,8,5,1,2,759,8,2,1,17,1,0,0,0,0,6.2,3.5,7.15,7.795,8.8,0
701,142058,73207,2,6,2,3,148,7,2,1,33,1,0,0,0,0,4.3999999999999995,4.0,8.350000000000001,4.74,8.2,0
505,213823,48739,4,2,2,3,174,11,2,1,34,1,0,0,0,0,2.8,4.0,8.899999999999999,4.87,10.0,0
361,132684,52738,0,4,5,3,803,0,2,1,10,1,0,1,0,0,2.4,8.5,4.5,8.015,4.0,0
719,47452,89544,21,1,3,3,706,14,2,1,29,1,0,0,0,0,9.0,5.5,10.0,7.529999999999999,10.0,0
767,173797,26883,18,4,2,2,675,6,1,1,44,1,0,0,0,0,9.6,5.0,10.0,7.375,7.6,0
318,70391,48401,0,1,2,1,115,6,1,1,49,1,0,0,0,0,1.0,6.0,10.0,4.575,7.6,0
664,140288,20380,9,4,3,3,158,14,2,1,10,1,0,0,0,0,6.0,5.5,6.3,4.79,10.0,0
599,226132,23212,21,2,3,2,194,9,2,1,45,1,0,0,0,0,9.6,6.5,10.0,4.97,9.399999999999999,0
306,133535,33174,11,6,3,3,419,3,2,1,3,1,0,1,0,0,8.0,5.5,5.65,6.095000000000001,5.8,0
727,162770,11861,9,6,2,3,792,6,1,0,35,1,0,0,0,0,7.199999999999999,4.0,10.0,3.96,7.6,0
416,106711,11094,1,8,3,2,880,10,2,1,9,1,0,0,0,0,5.2,6.5,4.55,8.4,10.0,0
806,97850,56319,15,9,3,3,712,10,2,1,33,1,0,0,0,0,10.0,5.5,10.0,7.5600000000000005,10.0,0
845,129733,51728,7,8,1,2,684,10,0,1,30,1,0,0,0,0,7.6,3.5,8.9,7.42,10.0,0
624,22365,29363,13,1,2,3,916,10,1,1,31,1,0,0,0,0,5.8,4.0,10.0,8.58,10.0,0
354,248625,92846,14,3,3,1,210,9,2,1,49,0,0,0,0,0,7.4,7.5,10.0,5.05,9.399999999999999,0
341,117662,44300,15,6,4,3,627,9,0,1,27,1,0,0,0,0,9.6,7.0,10.0,7.135,9.399999999999999,0
596,63372,59808,10,1,2,3,736,4,1,1,42,1,0,0,0,0,4.6,4.0,10.0,7.68,6.4,0
530,64134,10943,11,8,5,2,845,4,2,1,36,1,1,1,0,0,9.2,9.5,10.0,8.225,6.4,0
752,57823,85105,1,6,2,3,999,14,1,1,31,0,0,0,0,0,3.9999999999999996,4.0,4.85,8.995000000000001,10.0,0
693,91158,47616,3,1,2,3,229,4,1,1,31,0,0,0,0,0,1.8000000000000003,4.0,5.25,5.145,6.4,0
821,116076,79329,2,2,2,3,866,5,1,1,16,1,0,0,0,0,2.0,4.0,5.8,8.33,7.0,0
657,153021,30287,8,6,4,3,479,6,1,1,33,1,0,0,0,0,6.8,7.0,9.55,6.395,7.6,0
743,69396,38971,17,8,2,2,738,4,2,1,34,0,0,0,0,0,10.0,5.0,8.5,7.6899999999999995,6.4,0
427,128336,61152,18,5,2,3,995,8,2,1,38,1,0,0,0,0,10.0,4.0,10.0,8.975,8.8,0
704,51912,47351,6,1,1,2,443,13,1,1,20,1,0,0,0,0,3.0000000000000004,3.5,7.2,6.215,10.0,0
691,76947,65040,3,2,2,3,38,11,1,1,31,1,0,0,0,0,2.4000000000000004,4.0,8.25,4.19,10.0,0
492,248769,93559,5,4,4,1,759,10,0,1,33,1,0,0,0,0,4.4,9.0,8.95,7.795,10.0,0
377,64387,65616,18,4,2,2,73,8,0,1,33,1,0,0,0,0,9.6,5.0,10.0,4.365,8.8,0
384,215037,28897,0,7,3,2,946,13,2,1,7,1,0,0,0,0,4.2,6.5,4.05,8.73,10.0,0
329,36508,28010,15,2,4,2,105,6,1,1,15,0,0,0,0,0,7.2,8.0,5.25,4.525,7.6,0
348,65592,45154,10,7,1,3,675,9,2,1,34,1,0,0,0,0,8.2,2.5,10.0,7.375,9.399999999999999,0
444,129249,25114,21,7,3,2,549,2,2,1,22,0,0,0,0,0,10.0,6.5,7.5,6.745,5.2,0
368,21919,24050,3,7,2,3,519,3,1,1,21,1,0,0,0,0,5.4,4.0,6.75,6.595000000000001,5.8,0
357,62595,26125,17,3,1,2,349,3,1,1,30,1,0,0,0,0,8.600000000000001,3.5,10.0,5.745,5.8,0
778,160689,99094,22,6,3,3,697,6,2,1,28,1,0,0,0,0,10.0,5.5,10.0,7.484999999999999,7.6,0
744,226340,55396,4,6,3,3,260,14,2,1,37,1,0,0,0,0,5.199999999999999,5.5,9.35,5.3,10.0,0
595,53298,49846,21,4,2,2,715,1,2,1,18,1,0,0,0,0,10.0,5.0,9.9,7.575,4.6,0
470,158001,25396,5,1,1,2,288,10,2,1,44,1,0,1,0,0,2.6,3.5,10.0,5.4399999999999995,10.0,0
446,34456,97661,24,9,4,2,48,4,2,1,35,1,0,0,0,0,10.0,8.0,10.0,4.24,6.4,0
783,129599,93116,1,2,3,2,78,10,2,1,48,1,0,0,0,0,1.6,6.5,10.0,4.39,10.0,0
605,106676,43973,11,9,2,2,286,10,2,1,8,1,0,0,0,0,9.8,5.0,6.4,5.43,10.0,0
745,103721,28574,21,8,2,2,129,3,2,1,34,0,0,0,0,0,10.0,5.0,9.3,4.645,5.8,0
520,57924,95155,8,1,1,2,95,9,1,0,0,0,1,0,0,0,3.8000000000000003,3.5,1.6,1.0,9.399999999999999,0
677,44240,18869,19,7,2,3,186,10,2,0,32,1,0,0,0,0,10.0,4.0,10.0,1.0,10.0,0
565,107381,71194,11,3,2,2,980,8,1,1,16,0,0,1,0,0,6.2,5.0,4.6,8.9,8.8,0
394,29228,67167,12,9,2,3,615,0,1,1,25,1,0,0,0,0,10.0,4.0,9.15,7.075,4.0,0
561,41686,61147,21,5,2,3,101,14,1,0,12,1,0,0,0,0,10.0,4.0,9.0,1.0,10.0,0
370,31920,17122,22,3,3,2,429,9,1,1,4,1,0,0,0,0,10.0,6.5,8.0,6.145,9.399999999999999,0
518,27432,48827,16,8,2,2,90,12,2,1,18,1,0,0,0,0,10.0,5.0,8.9,4.45,10.0,0
832,214647,18335,4,3,2,2,350,13,2,0,41,1,0,0,0,0,3.4,5.0,9.95,1.75,10.0,0
391,130507,68576,19,7,2,2,430,2,1,1,8,0,0,0,0,0,10.0,5.0,5.0,6.15,5.2,0
426,150509,26677,12,7,2,3,237,5,2,1,5,1,0,0,0,0,9.0,4.0,6.15,5.1850000000000005,7.0,0
379,91725,33223,12,7,2,2,904,10,2,0,20,1,0,0,0,0,9.0,5.0,8.4,4.52,10.0,0
537,244647,34814,9,1,3,2,482,3,2,1,48,1,0,0,1,0,4.2,6.5,10.0,6.41,1.7999999999999998,0
671,184982,88611,14,5,2,2,97,2,1,1,21,1,0,0,0,0,8.600000000000001,5.0,8.95,4.485,5.2,0
785,141764,48185,14,1,1,3,359,5,2,1,38,0,0,0,0,0,6.2,2.5,8.5,5.795,7.0,0
324,181298,81794,17,7,1,3,649,12,2,0,47,1,1,0,0,0,10.0,2.5,10.0,3.245,10.0,0
455,224222,80675,17,8,2,3,819,10,2,1,4,1,0,0,0,0,10.0,4.0,7.0,8.094999999999999,10.0,0
816,79099,47325,1,7,1,3,199,2,1,1,21,1,0,0,1,0,4.6000000000000005,2.5,6.35,4.995,1.2,0
829,132557,45503,22,1,2,2,876,6,1,1,49,1,0,0,0,0,9.4,5.0,10.0,8.379999999999999,7.6,0
356,106760,24514,10,3,2,1,990,11,1,1,6,0,0,0,0,0,5.8,6.0,2.9,8.95,10.0,0
318,38013,61196,12,3,3,2,655,0,1,1,25,1,0,0,0,0,6.6000000000000005,6.5,9.15,7.275,4.0,0
683,41446,25917,10,7,5,3,990,8,1,1,24,1,0,0,0,0,8.2,8.5,8.6,8.95,8.8,0
492,125209,59699,3,4,2,3,145,14,2,1,4,1,0,0,0,0,3.6,4.0,4.2,4.725,10.0,0
536,221447,99633,14,3,3,1,334,12,2,1,31,1,0,0,0,0,7.4,7.5,10.0,5.67,10.0,0
686,213581,55119,21,6,3,1,49,9,1,1,7,1,0,0,0,0,10.0,7.5,8.25,4.245,9.399999999999999,0
725,122261,88324,22,6,4,1,659,1,2,1,8,1,0,0,0,0,10.0,9.0,8.600000000000001,7.295,4.6,0
576,115739,30061,24,5,2,3,296,3,0,1,27,1,0,0,0,0,10.0,4.0,10.0,5.48,5.8,0
526,20557,14947,10,6,3,3,265,5,1,1,19,0,0,0,0,0,7.6,5.5,4.85,5.325,7.0,0
622,181738,86080,17,3,4,1,807,5,2,1,3,1,0,0,0,0,8.600000000000001,9.0,6.8500000000000005,8.035,7.0,0
452,188461,90550,15,5,2,2,956,10,2,1,2,1,0,0,0,0,9.0,5.0,6.3,8.780000000000001,10.0,0
536,198772,85331,9,9,2,1,606,7,2,1,43,1,0,0,0,0,9.0,6.0,10.0,7.029999999999999,8.2,0
354,150878,37632,11,4,5,3,429,7,1,1,40,0,0,0,0,0,6.800000000000001,8.5,8.2,6.145,8.2,0
735,119143,24352,12,2,3,3,838,3,1,1,41,1,0,0,0,0,6.000000000000001,5.5,10.0,8.190000000000001,5.8,0
408,44578,28653,8,5,2,2,548,5,2,1,10,1,0,0,0,0,6.2,5.0,6.1,6.74,7.0,0
483,94779,72115,20,3,3,2,751,8,2,1,47,1,1,0,0,0,9.8,6.5,10.0,7.755,8.8,0
667,160668,48755,12,3,2,2,300,6,1,1,28,1,0,0,0,0,6.6000000000000005,5.0,9.600000000000001,5.5,7.6,0
497,77500,76988,5,4,1,3,325,12,2,1,42,1,0,0,0,0,4.4,2.5,10.0,5.625,10.0,0
670,92534,42921,5,4,2,3,809,7,1,1,21,1,1,0,0,1,4.4,4.0,7.15,8.045,8.2,0
672,30129,64003,10,5,2,3,867,7,1,1,7,1,0,0,0,0,7.0,4.0,6.05,8.335,8.2,0
796,214466,85876,18,7,3,3,141,1,2,1,45,1,0,0,0,0,10.0,5.5,10.0,4.705,4.6,0
500,217118,51668,10,4,2,1,612,6,2,1,33,1,0,0,0,0,6.4,6.0,9.95,7.0600000000000005,7.6,0
808,31596,60175,9,7,3,3,877,2,2,1,30,1,0,0,0,0,7.800000000000001,5.5,9.3,8.385,5.2,0
621,85355,52738,22,9,2,2,750,6,2,1,3,1,0,0,0,1,10.0,5.0,7.8500000000000005,7.75,7.6,0
574,32974,58452,14,3,2,2,548,1,2,1,14,1,0,0,0,1,7.4,5.0,7.9,6.74,4.6,0
510,217745,73323,12,5,2,3,312,0,0,1,17,1,0,1,0,0,7.800000000000001,4.0,7.95,5.5600000000000005,4.0,0
803,132004,51149,22,4,2,3,911,10,2,1,10,0,0,0,0,0,10.0,4.0,5.9,8.555,10.0,0
417,146794,20839,7,9,4,3,987,8,2,1,26,0,0,0,0,0,8.2,7.0,5.3,8.934999999999999,8.8,0
341,244505,7155,4,5,2,3,291,9,2,1,18,0,0,0,0,0,4.6,4.0,3.5,5.455,9.399999999999999,0
614,90202,12019,1,2,3,3,501,9,1,1,49,0,0,0,0,0,1.6,5.5,7.55,6.505,9.399999999999999,0
628,94442,59512,15,1,2,2,289,0,2,1,8,1,0,0,0,0,6.6,5.0,7.2,5.445,4.0,0
316,172890,66690,12,7,1,3,509,10,1,1,24,0,0,0,0,0,9.0,2.5,6.0,6.545,10.0,0
582,194318,91150,18,1,1,3,208,0,2,1,21,1,0,0,0,0,7.8,2.5,9.75,5.04,4.0,0
557,75598,31190,8,8,3,3,384,10,0,1,22,1,0,0,0,0,8.0,5.5,7.9,5.92,10.0,0
318,153726,15928,14,9,2,3,309,11,1,0,36,1,0,0,0,0,10.0,4.0,10.0,1.545,10.0,0
828,53758,53425,5,7,3,3,919,11,1,1,9,1,0,0,0,0,6.2,5.5,5.35,8.594999999999999,10.0,0
722,44204,79134,7,9,3,3,918,2,2,1,16,1,0,0,0,0,8.2,5.5,6.8,8.59,5.2,0
765,147309,91117,23,6,2,2,675,0,2,1,12,1,0,0,0,0,10.0,5.0,9.4,7.375,4.0,0
672,186000,53974,13,7,2,3,308,6,2,1,3,0,0,0,0,0,9.4,4.0,3.05,5.54,7.6,0
380,204681,52796,4,3,2,3,564,6,2,1,31,0,0,0,0,1,3.4,4.0,5.449999999999999,6.82,7.6,0
847,50552,53743,16,9,4,2,331,10,2,1,27,1,0,0,0,0,10.0,8.0,10.0,5.655,10.0,0
723,161408,84455,21,3,2,3,119,7,2,1,29,0,0,0,0,0,10.0,4.0,8.55,4.595,8.2,0
728,67037,75035,6,6,1,2,632,1,2,1,45,1,0,0,0,0,6.0,3.5,10.0,7.16,4.6,0
687,167278,42677,8,4,2,1,480,6,1,0,39,1,0,0,0,0,5.6,6.0,10.0,2.4,7.6,0
503,54831,61321,15,9,3,3,421,8,1,1,20,1,0,0,0,0,10.0,5.5,9.0,6.105,8.8,0
495,63563,63973,17,1,3,3,522,13,2,1,14,0,0,0,0,0,7.4,5.5,5.5,6.609999999999999,10.0,0
584,38361,57414,12,9,4,1,489,10,0,1,2,1,0,0,0,0,10.0,9.0,5.7,6.445,10.0,0
495,61335,30602,17,4,4,3,149,9,2,1,16,0,0,1,0,0,9.200000000000001,7.0,5.800000000000001,4.745,9.399999999999999,0
606,94469,34692,9,5,2,3,887,4,1,1,14,1,0,0,0,0,6.6,4.0,6.9,8.434999999999999,6.4,0
313,45816,53750,0,1,2,3,699,9,2,1,32,1,0,0,0,0,1.0,4.0,7.8,7.495,9.399999999999999,0
445,166691,26760,20,1,3,3,958,13,1,1,4,1,0,0,0,0,8.6,5.5,7.6,8.79,10.0,0
356,112479,73456,17,6,4,3,513,2,2,1,7,1,0,0,0,0,10.0,7.0,7.45,6.5649999999999995,5.2,0
509,46819,29085,18,1,2,3,69,8,0,1,8,1,0,0,0,0,7.8,4.0,7.8,4.345,8.8,0
828,162813,68964,1,2,2,3,192,0,2,1,25,0,0,0,0,0,1.6,4.0,3.95,4.96,4.0,0
643,142330,27925,3,3,4,2,428,11,2,1,1,1,0,0,0,0,3.0,8.0,3.75,6.140000000000001,10.0,0
578,28798,10615,10,7,2,2,966,13,1,1,36,1,0,0,0,0,8.2,5.0,10.0,8.83,10.0,0
508,176215,42083,2,2,2,2,803,2,1,1,35,1,0,0,0,0,2.0,5.0,8.65,8.015,5.2,0
634,69695,73319,8,5,4,3,936,1,2,1,11,1,0,0,0,0,6.2,7.0,6.25,8.68,4.6,0
587,183819,14605,9,9,3,2,834,1,2,1,18,1,1,0,0,0,9.0,6.5,7.5,8.17,4.6,0
551,149544,49608,1,8,2,2,917,13,1,1,26,1,0,0,0,0,5.2,5.0,7.1,8.585,10.0,0
564,172254,24192,6,8,2,3,742,2,2,1,23,0,0,0,0,0,7.2,4.0,4.65,7.71,5.2,0
570,29415,8331,14,2,2,3,910,9,1,1,1,1,0,0,0,0,6.800000000000001,4.0,5.95,8.55,9.399999999999999,0
718,162157,56330,18,1,4,3,236,6,0,1,15,1,0,1,0,0,7.8,7.0,8.85,5.18,7.6,0
510,166080,54949,9,9,5,1,400,12,2,1,1,0,0,0,0,0,9.0,10.0,1.95,6.0,10.0,0
664,107638,73382,23,4,3,2,153,5,1,1,20,1,0,0,0,0,10.0,6.5,10.0,4.765,7.0,0
375,38452,42586,19,9,2,2,745,11,2,1,9,1,1,0,0,0,10.0,5.0,8.15,7.725,10.0,0
620,215147,57243,13,7,1,1,573,8,1,1,41,1,0,0,0,0,9.4,4.5,10.0,6.865,8.8,0
732,159192,63618,3,6,3,2,602,9,2,1,16,1,0,0,0,0,4.8,6.5,6.0,7.01,9.399999999999999,0
408,215457,83311,24,9,2,2,670,12,2,1,11,1,0,0,0,0,10.0,5.0,9.450000000000001,7.35,10.0,0
821,224428,12549,10,4,3,1,36,10,2,1,6,1,0,0,0,0,6.4,7.5,5.9,4.18,10.0,0
346,130205,57494,2,1,3,3,753,9,1,1,8,1,0,0,0,0,1.4,5.5,4.6,7.765000000000001,9.399999999999999,0
678,38170,92973,22,5,2,2,632,13,1,1,45,1,0,0,0,0,10.0,5.0,10.0,7.16,10.0,0
395,36259,28958,16,6,4,1,517,2,2,1,49,1,0,0,0,0,10.0,9.0,10.0,6.585,5.2,0
402,42099,94779,6,6,1,3,893,12,1,0,9,1,0,0,0,0,6.0,2.5,5.55,4.465,10.0,0
445,160721,99520,10,1,3,3,600,4,1,1,15,1,0,0,0,0,4.6,5.5,7.25,7.0,6.4,0
326,149394,42538,17,7,2,3,800,14,2,1,0,1,0,0,0,0,10.0,4.0,6.4,8.0,10.0,0
829,246863,10833,13,8,3,2,136,8,1,1,8,1,0,0,0,0,10.0,6.5,6.8,4.68,8.8,0
381,79258,28386,13,5,3,3,465,2,2,1,12,0,1,0,0,0,8.2,5.5,4.4,6.325,5.2,0
727,192109,76778,5,2,1,3,290,11,2,1,47,0,0,1,0,0,3.2,2.5,8.05,5.45,10.0,0
778,31805,99240,8,2,2,3,404,7,2,1,15,1,0,0,0,0,4.4,4.0,6.85,6.02,8.2,0
461,63147,29832,21,5,1,2,328,8,2,1,33,1,0,1,0,0,10.0,3.5,10.0,5.64,8.8,0
701,94280,82857,2,7,1,1,450,10,2,1,40,1,0,1,0,0,5.0,4.5,9.4,6.25,10.0,0
807,197125,43930,16,7,3,3,350,14,1,1,29,1,0,0,0,0,10.0,5.5,10.0,5.75,10.0,0
337,126777,37407,11,4,2,3,703,10,1,1,12,1,0,0,0,0,6.800000000000001,4.0,7.0,7.515000000000001,10.0,0
810,117841,9073,3,3,2,3,128,6,2,1,7,0,0,0,0,0,3.0,4.0,1.6500000000000001,4.64,7.6,0
692,242465,22667,19,9,2,3,787,12,2,1,10,1,0,0,0,0,10.0,4.0,8.3,7.9350000000000005,10.0,0
793,144726,21035,15,7,2,3,699,5,1,1,48,1,0,0,0,0,10.0,4.0,10.0,7.495,7.0,0
499,148359,11732,23,2,3,3,722,12,1,1,30,0,0,0,0,0,10.0,5.5,9.100000000000001,7.609999999999999,10.0,0
554,96215,60097,9,1,2,3,377,10,2,1,42,1,0,0,0,0,4.2,4.0,10.0,5.885,10.0,0
478,132909,8487,6,2,3,2,394,5,2,1,10,0,0,0,0,0,3.6000000000000005,6.5,2.7,5.97,7.0,0
846,115365,62702,9,3,3,1,519,5,0,0,47,1,0,0,0,0,5.4,7.5,10.0,2.595,7.0,0
688,30985,99961,6,5,1,3,991,4,2,1,6,1,0,0,0,0,5.4,2.5,5.1,8.955,6.4,0
697,244895,90107,22,3,3,3,591,6,2,1,0,1,0,0,0,0,10.0,5.5,7.4,6.955,7.6,0
457,32391,34075,17,9,2,2,167,6,2,1,22,1,0,0,0,0,10.0,5.0,9.7,4.835,7.6,0
303,24861,76031,8,4,1,3,832,6,1,1,31,1,0,0,0,0,5.6,2.5,9.25,8.16,7.6,0
466,214654,89217,21,7,2,3,619,2,0,1,14,1,0,0,0,0,10.0,4.0,9.3,7.095000000000001,5.2,0
767,203000,19781,17,4,2,1,726,10,2,1,17,1,0,0,0,0,9.200000000000001,6.0,8.95,7.63,10.0,0
708,54364,44865,16,3,3,3,95,5,2,1,27,1,0,0,0,1,8.2,5.5,10.0,4.475,7.0,0
711,102399,13469,10,1,1,3,911,8,2,1,13,1,0,0,0,0,4.6,2.5,6.95,8.555,8.8,0
503,248107,50167,0,9,1,3,370,8,2,1,12,0,0,0,0,0,5.3999999999999995,2.5,1.7999999999999998,5.85,8.8,0
493,244402,86738,16,1,2,3,801,3,1,1,33,1,0,0,0,0,7.0,4.0,10.0,8.004999999999999,5.8,0
534,62923,24928,3,1,2,1,94,8,2,1,19,0,0,0,0,0,1.8000000000000003,6.0,3.45,4.47,8.8,0
449,158991,81521,3,1,3,3,368,1,2,1,23,1,0,0,0,0,1.8000000000000003,5.5,7.05,5.84,4.6,0
458,206968,44599,13,5,2,3,736,7,2,1,27,1,0,0,0,0,8.2,4.0,9.65,7.68,8.2,0
578,105818,21775,8,7,3,2,142,1,2,1,10,1,0,0,0,0,7.4,6.5,6.1,4.71,4.6,0
703,198468,71504,12,7,5,2,912,4,2,1,27,1,0,0,0,0,9.0,9.5,9.45,8.559999999999999,6.4,0
610,185912,80918,15,1,2,3,396,5,2,1,21,1,0,0,0,0,6.6,4.0,9.15,5.98,7.0,0
367,193327,75687,0,6,3,3,256,1,2,1,29,1,0,0,0,0,3.5999999999999996,5.5,7.35,5.28,4.6,0
762,91160,31804,2,9,2,2,150,8,2,1,37,0,0,0,0,0,6.199999999999999,5.0,5.95,4.75,8.8,0
387,148165,37259,18,6,1,2,959,5,1,1,16,1,0,0,0,0,10.0,3.5,9.0,8.795,7.0,0
516,159248,91284,7,4,2,2,456,7,2,1,21,1,0,0,0,0,5.2,5.0,7.55,6.279999999999999,8.2,0
300,53529,90227,17,9,1,2,85,3,2,1,0,1,0,0,0,0,10.0,3.5,6.4,4.425,5.8,0
434,207478,48560,5,3,5,3,911,2,2,1,19,1,0,0,0,0,3.8,8.5,6.85,8.555,5.2,0
650,164013,32256,19,4,2,3,107,3,2,1,4,0,0,0,0,0,10.0,4.0,4.4,4.535,5.8,0
439,21669,11125,5,4,3,2,984,0,2,1,32,1,1,0,0,0,4.4,6.5,8.8,8.92,4.0,0
432,236854,9370,4,4,2,3,312,0,2,1,44,1,0,1,0,0,4.0,4.0,10.0,5.5600000000000005,4.0,0
477,137373,9838,11,6,3,3,475,7,0,1,0,1,0,0,0,0,8.0,5.5,5.2,6.375,8.2,0
657,64859,62429,8,7,2,2,64,0,2,1,43,1,0,0,0,0,7.4,5.0,10.0,4.32,4.0,0
679,75786,8134,8,9,3,3,314,4,2,1,8,1,0,0,0,0,8.6,5.5,5.8,5.57,6.4,0
749,202155,48199,16,3,1,3,962,9,2,0,31,1,0,0,0,0,8.2,2.5,10.0,4.81,9.399999999999999,0
762,191148,82092,18,8,4,2,780,8,2,1,25,1,0,0,0,0,10.0,8.0,10.0,7.9,8.8,0
407,40323,38822,16,8,3,2,543,2,2,1,44,1,0,0,0,0,10.0,6.5,10.0,6.715,5.2,0
421,26021,98513,21,1,3,3,44,9,2,1,41,1,1,0,0,0,9.0,5.5,10.0,4.22,9.399999999999999,0
316,59807,25113,15,5,1,2,549,1,1,0,47,1,0,0,0,0,9.0,3.5,10.0,2.745,4.6,0
495,148305,68594,11,5,2,2,498,4,2,1,5,0,1,0,0,0,7.4,5.0,2.95,6.49,6.4,0
626,70355,7669,2,8,4,3,691,11,0,0,29,1,0,0,0,0,5.6,7.0,7.75,3.455,10.0,0
617,133415,54427,13,8,1,3,149,13,1,1,39,1,0,0,0,0,10.0,2.5,10.0,4.745,10.0,0
778,195804,86617,16,2,1,3,650,1,2,1,22,1,0,0,1,0,7.6000000000000005,2.5,9.5,7.25,1.0,0
551,28711,17938,21,3,2,2,109,9,2,1,38,0,0,0,0,0,10.0,5.0,9.9,4.545,9.399999999999999,0
802,214151,10717,15,2,2,3,999,0,2,1,24,1,0,0,0,0,7.2,4.0,9.6,8.995000000000001,4.0,0
418,27904,82818,20,1,2,3,382,10,1,1,24,1,0,0,0,0,8.6,4.0,10.0,5.91,10.0,0
797,84033,52659,11,2,2,3,768,8,2,1,12,1,0,0,0,0,5.6000000000000005,4.0,7.0,7.84,8.8,0
785,106478,69575,23,6,2,2,32,10,2,1,24,1,0,0,0,0,10.0,5.0,10.0,4.16,10.0,0
344,140035,84737,1,1,1,2,878,9,1,1,16,1,0,0,0,0,1.0,3.5,5.6,8.39,9.399999999999999,0
613,240859,21289,7,6,2,3,293,10,1,1,43,1,0,0,0,0,6.4,4.0,10.0,5.465,10.0,0
478,206168,29406,11,1,2,3,122,8,2,1,26,1,0,0,0,0,5.0,4.0,9.1,4.61,8.8,0
717,241666,17873,20,2,3,3,382,0,2,1,10,1,0,0,0,0,9.2,5.5,8.5,5.91,4.0,0
377,23093,87048,15,8,1,1,206,3,0,1,5,1,0,0,0,0,10.0,4.5,6.75,5.03,5.8,0
625,44918,99463,7,6,3,3,173,4,2,1,14,1,0,0,0,0,6.4,5.5,6.5,4.865,6.4,0
656,223815,28461,15,9,2,3,902,11,2,0,36,1,0,0,0,0,10.0,4.0,10.0,4.51,10.0,0
715,213708,25710,9,1,2,3,831,1,1,1,31,0,0,0,0,0,4.2,4.0,6.449999999999999,8.155000000000001,4.6,0
814,209878,90488,19,5,2,2,440,10,2,1,47,1,0,0,0,0,10.0,5.0,10.0,6.2,10.0,0
513,160466,18448,14,7,1,3,577,8,2,1,23,1,0,0,0,0,9.8,2.5,9.25,6.885,8.8,0
373,144501,20198,3,9,3,3,19,8,1,1,10,1,0,0,0,0,6.6,5.5,5.1,4.095,8.8,0
808,112510,78158,14,9,2,3,654,8,2,1,41,1,0,0,0,1,10.0,4.0,10.0,7.27,8.8,0
631,113708,72938,3,4,3,3,407,7,2,1,28,1,0,0,0,0,3.6,5.5,7.800000000000001,6.035,8.2,0
392,117819,55799,10,4,4,1,161,5,1,1,7,1,0,0,0,0,6.4,9.0,6.05,4.805,7.0,0
818,164352,99003,5,4,2,3,200,0,2,1,36,1,0,0,0,0,4.4,4.0,9.399999999999999,5.0,4.0,0
568,56303,39961,3,3,2,2,805,13,1,1,9,1,0,0,0,0,3.0,5.0,4.95,8.025,10.0,0
675,47453,48007,8,8,2,3,286,9,1,1,9,1,0,0,0,0,8.0,4.0,5.95,5.43,9.399999999999999,0
303,128886,70470,8,5,4,2,502,4,1,1,0,1,0,1,0,0,6.2,8.0,4.6,6.51,6.4,0
437,80695,57256,2,7,3,2,252,7,2,1,44,1,0,0,0,0,5.0,6.5,10.0,5.26,8.2,0
530,219521,25739,22,6,3,3,497,11,1,1,22,1,0,0,0,0,10.0,5.5,10.0,6.484999999999999,10.0,0
828,176837,89054,4,9,2,1,853,13,1,1,17,1,0,0,0,0,7.0,6.0,6.35,8.265,10.0,0
351,153412,63186,14,3,3,3,285,3,1,1,22,1,0,0,0,0,7.4,5.5,9.1,5.425,5.8,0
624,242787,31547,8,6,3,2,199,7,2,1,4,1,0,0,0,0,6.8,6.5,5.2,4.995,8.2,0
576,244481,99472,1,3,2,3,636,5,2,0,47,1,0,0,0,0,2.1999999999999997,4.0,10.0,3.18,7.0,0
835,58057,90823,2,2,2,3,873,0,0,1,37,0,0,0,0,0,2.0,4.0,5.95,8.365,4.0,0
785,151669,56431,20,3,2,2,316,0,2,1,30,1,0,0,1,0,9.8,5.0,10.0,5.58,1.0,0
815,209060,30476,11,2,1,3,879,2,2,1,41,0,0,0,0,0,5.6000000000000005,2.5,8.35,8.395,5.2,0
451,114655,83411,15,2,3,1,305,0,2,1,38,1,0,0,0,0,7.2,7.5,10.0,5.525,4.0,0
782,35025,15686,4,7,1,2,243,3,2,1,19,0,0,0,0,0,5.800000000000001,3.5,3.6500000000000004,5.215,5.8,0
558,27145,22536,9,3,2,2,350,2,1,1,28,1,0,0,0,0,5.4,5.0,9.0,5.75,5.2,0
623,121206,39062,14,8,2,3,602,6,2,1,47,0,0,0,1,0,10.0,4.0,9.85,7.01,3.5999999999999996,0
467,206869,53216,13,2,2,2,202,10,0,1,32,1,1,0,0,0,6.4,5.0,10.0,5.01,10.0,0
609,61723,30041,13,7,2,1,892,8,2,1,38,1,0,0,0,0,9.4,6.0,10.0,8.46,8.8,0
778,93230,36653,22,3,5,3,373,14,2,1,31,1,0,0,0,0,10.0,8.5,10.0,5.865,10.0,0
355,155902,26673,12,9,2,2,933,6,2,1,24,0,0,0,0,0,10.0,5.0,6.0,8.665,7.6,0
772,175002,15367,15,7,1,2,959,10,1,1,43,1,0,0,0,0,10.0,3.5,10.0,8.795,10.0,0
595,174824,24629,7,9,3,2,267,4,2,1,26,1,0,0,0,0,8.2,6.5,8.3,5.335,6.4,0
760,128138,93636,7,2,2,2,986,0,2,0,22,1,0,0,0,0,4.0,5.0,7.7,4.93,4.0,0
623,227097,77190,16,6,1,1,520,4,0,1,46,1,0,0,0,0,10.0,4.5,10.0,6.6,6.4,0
440,249300,30063,16,5,1,1,240,0,0,1,1,1,0,0,0,0,9.4,4.5,6.35,5.2,4.0,0
561,232376,24322,2,2,1,2,23,5,1,1,49,1,0,0,0,0,2.0,3.5,10.0,4.115,7.0,0
719,82040,89546,0,4,2,2,23,12,1,1,3,1,0,0,0,0,2.4,5.0,3.45,4.115,10.0,0
540,128668,17693,16,4,2,2,565,7,0,0,24,1,0,0,0,0,8.8,5.0,9.8,2.825,8.2,0
654,218768,14241,23,8,1,3,219,6,2,1,44,1,0,0,0,0,10.0,2.5,10.0,5.095,7.6,0
479,215720,34778,15,7,3,3,49,0,2,1,22,1,0,0,0,0,10.0,5.5,9.3,4.245,4.0,0
365,75030,17651,16,5,1,1,43,7,2,1,40,1,0,0,0,0,9.4,4.5,10.0,4.215,8.2,0
647,76815,30966,24,9,4,3,756,11,2,1,35,0,1,0,0,0,10.0,7.0,10.0,7.779999999999999,10.0,0
470,236741,14275,1,1,2,3,842,13,1,1,40,0,0,0,0,0,1.0,4.0,6.2,8.21,10.0,0
773,132789,50606,24,4,1,3,243,13,2,1,22,1,0,0,0,0,10.0,2.5,10.0,5.215,10.0,0
833,186762,6658,13,5,5,2,795,13,2,1,32,1,0,0,0,0,8.2,9.5,10.0,7.975,10.0,0
666,239478,99499,6,8,2,3,889,8,2,1,27,1,0,0,0,0,7.2,4.0,8.25,8.445,8.8,0
406,241104,77468,24,3,2,2,299,11,1,1,7,0,0,0,0,0,10.0,5.0,5.8500000000000005,5.495,10.0,0
738,77923,19248,18,5,2,3,864,9,2,1,32,1,0,0,0,0,10.0,4.0,10.0,8.32,9.399999999999999,0
526,187644,29437,0,3,3,2,442,13,1,1,28,1,0,0,0,0,1.7999999999999998,6.5,7.2,6.21,10.0,0
743,205102,44727,16,7,2,2,857,1,0,1,47,1,0,0,0,0,10.0,5.0,10.0,8.285,4.6,0
741,87904,23201,9,3,1,2,988,0,2,1,14,1,0,0,0,0,5.4,3.5,6.9,8.940000000000001,4.0,0
695,180275,46150,5,7,1,3,750,5,2,1,14,1,0,0,0,0,6.2,2.5,6.1,7.75,7.0,0
383,97088,94891,6,2,3,3,901,11,1,1,36,1,0,0,0,0,3.6000000000000005,5.5,9.6,8.504999999999999,10.0,0
312,25608,19999,24,7,2,1,960,3,2,1,18,1,0,0,0,0,10.0,6.0,10.0,8.8,5.8,0
792,65667,11376,5,9,1,2,327,13,2,1,42,1,0,0,0,1,7.3999999999999995,3.5,10.0,5.635,10.0,0
567,75547,56673,4,5,2,3,649,6,2,1,20,1,0,0,0,0,4.6,4.0,6.8,7.245,7.6,0
824,173557,8476,1,6,3,3,847,2,1,1,34,1,0,0,0,0,3.9999999999999996,5.5,8.3,8.235,5.2,0
419,160934,74902,17,3,2,3,417,2,0,1,25,0,0,0,0,0,8.600000000000001,4.0,7.15,6.085,5.2,0
652,148391,96269,23,5,2,3,730,13,2,1,27,1,0,0,0,0,10.0,4.0,10.0,7.65,10.0,0
356,95948,82994,16,5,3,1,825,7,2,1,21,1,0,0,0,0,9.4,7.5,9.35,8.125,8.2,0
339,237962,67878,23,3,1,2,89,6,1,1,35,1,0,0,0,0,10.0,3.5,10.0,4.445,7.6,0
635,91880,25615,22,8,3,2,816,4,2,1,15,1,0,0,0,0,10.0,6.5,9.65,8.08,6.4,0
472,77560,16164,6,6,5,2,185,2,1,1,11,1,0,0,0,0,6.0,9.5,5.85,4.925,5.2,0
846,135063,44316,20,3,3,3,754,0,0,1,27,1,0,0,0,0,9.8,5.5,10.0,7.77,4.0,0
558,234601,73560,18,1,1,2,847,10,2,1,6,0,0,0,0,0,7.8,3.5,4.5,8.235,10.0,0
816,114218,34559,6,1,2,1,857,2,1,0,32,1,0,0,0,0,3.0000000000000004,6.0,9.0,4.285,5.2,0
822,134462,67968,22,2,1,2,786,14,2,1,23,1,0,0,0,0,10.0,3.5,10.0,7.93,10.0,0
416,179487,71800,6,5,4,2,294,8,1,1,10,1,0,1,0,0,5.4,8.0,5.7,5.47,8.8,0
483,215595,14047,15,7,5,3,973,0,1,1,14,1,0,0,0,0,10.0,8.5,8.1,8.865,4.0,0
415,170395,49985,11,1,2,2,965,14,2,0,18,1,0,0,0,0,5.0,5.0,7.9,4.825,10.0,0
461,204286,77123,14,1,3,2,931,4,2,1,14,0,0,0,0,0,6.2,6.5,4.9,8.655000000000001,6.4,0
842,37997,11577,14,4,3,3,639,3,2,1,8,1,0,0,0,0,8.0,5.5,7.0,7.195,5.8,0
536,141266,88171,10,6,2,2,687,10,2,1,12,1,0,0,0,0,7.6,5.0,6.8,7.4350000000000005,10.0,0
365,208075,8870,1,9,1,1,327,13,1,1,49,0,0,0,0,0,5.8,4.5,7.55,5.635,10.0,0
369,23679,39094,2,1,1,3,419,5,2,1,28,1,0,0,0,0,1.4,2.5,7.6000000000000005,6.095000000000001,7.0,0
746,246097,60329,18,5,2,1,151,1,1,1,25,0,0,0,0,0,10.0,6.0,7.35,4.755,4.6,0
715,60308,14217,19,9,4,3,256,3,2,0,22,1,0,0,0,0,10.0,7.0,10.0,1.28,5.8,0
831,226096,88138,24,8,4,3,186,8,2,1,16,1,0,0,0,0,10.0,7.0,10.0,4.93,8.8,0
740,190914,71141,14,7,1,2,820,13,1,1,4,1,0,0,0,0,9.8,3.5,6.4,8.1,10.0,0
763,216480,27343,15,2,2,2,353,14,2,1,15,1,0,0,0,0,7.2,5.0,8.25,5.765,10.0,0
695,220604,55822,0,9,2,3,273,10,2,0,38,1,0,0,0,0,5.3999999999999995,4.0,8.7,1.365,10.0,0
694,205010,18003,14,8,3,2,177,4,2,1,29,1,0,0,0,0,10.0,6.5,10.0,4.885,6.4,0
625,25695,64538,11,9,3,3,34,14,0,1,20,0,0,0,0,0,9.8,5.5,5.2,4.17,10.0,0
390,246812,37089,6,9,2,2,712,7,2,1,4,1,0,0,0,0,7.8,5.0,4.800000000000001,7.5600000000000005,8.2,0
369,78499,58595,6,9,2,3,909,1,2,1,25,1,0,0,0,1,7.8,4.0,7.95,8.545,4.6,0
465,43382,88197,10,3,1,3,536,11,2,0,42,1,0,1,0,0,5.8,2.5,10.0,2.68,10.0,0
513,34235,87318,19,7,2,3,537,10,2,1,47,1,0,0,0,0,10.0,4.0,10.0,6.6850000000000005,10.0,0
634,213295,35029,10,1,5,1,319,8,1,1,29,1,1,0,0,0,4.6,10.0,9.35,5.595,8.8,0
668,153438,84023,16,9,1,2,648,11,1,0,21,0,0,0,0,0,10.0,3.5,6.35,3.24,10.0,0
348,178539,56324,2,9,2,1,788,6,2,1,44,1,0,0,0,0,6.199999999999999,6.0,10.0,7.9399999999999995,7.6,0
351,210388,56962,15,3,2,3,37,6,1,0,1,0,0,0,0,1,7.8,4.0,3.15,1.0,7.6,0
588,132468,44042,4,5,2,2,784,1,2,1,43,0,0,0,0,1,4.6,5.0,7.25,7.92,4.6,0
538,26764,92601,1,8,2,3,379,7,1,1,11,1,0,0,0,0,5.2,4.0,4.85,5.895,8.2,0
432,241968,81380,22,6,2,2,393,8,2,1,41,1,1,0,0,0,10.0,5.0,10.0,5.965,8.8,0
465,133831,89859,6,9,4,1,303,9,1,1,26,1,0,0,0,0,7.8,9.0,8.1,5.515,9.399999999999999,0
673,81836,95933,9,3,2,2,673,10,1,1,25,0,0,0,0,0,5.4,5.0,5.55,7.365,10.0,0
672,51923,50957,4,7,2,3,488,11,2,1,44,1,0,0,0,0,5.800000000000001,4.0,10.0,6.4399999999999995,10.0,0
777,115711,87864,14,6,1,3,589,4,2,1,43,1,0,0,0,0,9.2,2.5,10.0,6.945,6.4,0
778,36292,48739,11,5,3,2,46,14,2,1,24,1,0,0,0,0,7.4,6.5,8.8,4.23,10.0,0
599,144913,43733,9,4,2,3,897,2,1,1,18,1,0,0,0,0,6.0,4.0,7.5,8.485,5.2,0
381,152686,50389,21,5,3,2,556,13,1,1,48,1,0,1,0,0,10.0,6.5,10.0,6.779999999999999,10.0,0
386,40939,34715,16,4,2,3,655,2,2,1,26,1,1,0,0,0,8.8,4.0,10.0,7.275,5.2,0
524,38800,44116,19,3,1,3,887,12,2,1,47,1,0,0,0,0,9.4,2.5,10.0,8.434999999999999,10.0,0
315,76440,61922,19,7,1,2,682,12,2,0,16,1,0,0,0,0,10.0,3.5,9.2,3.41,10.0,0
657,174318,61251,10,6,5,1,381,5,1,1,5,1,0,0,0,0,7.6,10.0,5.75,5.905,7.0,0
462,147521,66794,7,4,2,2,745,13,2,1,22,1,0,0,0,0,5.2,5.0,7.7,7.725,10.0,0
813,203877,22580,14,9,1,1,631,0,1,1,17,1,0,0,0,0,10.0,4.5,8.35,7.154999999999999,4.0,0
649,141327,5823,1,1,1,3,111,9,2,1,42,1,0,0,0,0,1.0,2.5,9.5,4.555,9.399999999999999,0
763,69648,97008,16,1,2,3,364,10,1,1,43,1,0,0,0,0,7.0,4.0,10.0,5.82,10.0,0
674,135192,12084,22,9,1,3,474,8,1,1,48,1,0,0,0,0,10.0,2.5,10.0,6.37,8.8,0
391,207923,82991,5,7,2,3,703,5,2,1,1,1,0,0,0,0,6.2,4.0,4.15,7.515000000000001,7.0,0
480,182760,15607,20,2,2,2,489,8,0,1,44,1,0,0,0,0,9.2,5.0,10.0,6.445,8.8,0
600,113498,87455,12,5,2,1,919,2,2,0,18,0,0,0,0,0,7.800000000000001,6.0,5.1,4.595,5.2,0
488,49764,89930,7,4,1,3,668,9,2,1,3,1,0,0,0,0,5.2,2.5,4.85,7.34,9.399999999999999,0
613,52470,81355,10,1,2,3,225,12,2,1,32,1,0,0,0,0,4.6,4.0,9.8,5.125,10.0,0
792,189573,16969,14,9,2,3,660,2,0,1,33,0,0,0,0,0,10.0,4.0,7.75,7.3,5.2,0
427,77207,68059,12,6,1,3,336,9,1,1,31,1,0,0,0,0,8.4,2.5,10.0,5.68,9.399999999999999,0
818,82157,22333,17,6,2,2,950,12,2,1,17,0,0,0,0,0,10.0,5.0,5.95,8.75,10.0,0
725,154288,82236,17,4,2,1,709,6,1,1,43,1,0,0,0,0,9.200000000000001,6.0,10.0,7.545,7.6,0
486,173144,41668,24,2,2,3,609,14,1,0,8,1,0,0,0,0,10.0,4.0,9.0,3.045,10.0,0
849,113778,16945,16,8,3,2,256,6,2,1,36,0,0,0,0,0,10.0,6.5,8.6,5.28,7.6,0
752,150016,51526,21,8,2,3,707,3,2,1,47,1,0,0,0,0,10.0,4.0,10.0,7.535,5.8,0
770,144288,52717,12,3,3,2,97,10,2,1,35,1,0,0,0,0,6.6000000000000005,6.5,10.0,4.485,10.0,0
523,188204,64426,2,7,1,2,343,14,2,1,2,0,0,0,0,0,5.0,3.5,1.0,5.715,10.0,0
453,130573,89166,20,7,2,2,673,13,2,1,17,1,0,0,0,0,10.0,5.0,9.55,7.365,10.0,0
650,140730,95480,23,5,2,3,788,7,1,0,39,0,1,0,0,0,10.0,4.0,10.0,3.94,8.2,0
446,168933,93896,6,5,2,3,209,10,2,1,24,1,0,0,0,0,5.4,4.0,7.8,5.045,10.0,0
648,84186,83349,11,8,2,2,392,13,2,1,1,0,0,0,0,0,9.2,5.0,2.35,5.96,10.0,0
481,24960,9601,3,4,2,2,437,1,2,1,43,1,0,0,0,0,3.6,5.0,10.0,6.1850000000000005,4.6,0
478,38781,17930,23,1,3,3,344,0,2,1,0,1,0,0,0,0,9.8,5.5,7.6000000000000005,5.72,4.0,0
338,51126,9333,10,1,1,2,767,0,2,1,23,1,0,0,0,0,4.6,3.5,8.45,7.835,4.0,0
302,173650,75935,13,9,5,2,459,1,2,1,23,1,0,0,0,0,10.0,9.5,9.05,6.295,4.6,0
363,126034,22839,17,4,1,2,225,10,0,1,49,0,0,0,0,0,9.200000000000001,3.5,10.0,5.125,10.0,0
328,37883,56337,6,1,3,2,950,10,2,1,41,0,0,0,0,0,3.0000000000000004,6.5,7.35,8.75,10.0,0
671,49782,45204,4,2,2,3,595,5,2,1,39,1,0,0,0,0,2.8,4.0,9.649999999999999,6.975,7.0,0
822,76387,25195,15,7,4,2,681,7,1,0,3,1,0,0,0,0,10.0,8.0,6.45,3.405,8.2,0
396,168051,32848,10,2,1,2,264,2,1,1,49,1,0,0,0,0,5.2,3.5,10.0,5.32,5.2,0
741,53746,94229,21,1,2,2,538,11,0,1,34,1,0,0,0,0,9.0,5.0,10.0,6.6899999999999995,10.0,0
502,86266,45854,2,9,2,2,514,5,0,1,34,1,0,0,0,0,6.199999999999999,5.0,8.5,6.57,7.0,0
710,20056,55998,15,5,5,3,447,7,2,1,11,1,0,0,0,0,9.0,8.5,7.65,6.234999999999999,8.2,0
320,51457,72390,10,4,5,1,659,8,1,1,48,1,0,0,0,0,6.4,10.0,10.0,7.295,8.8,0
401,153315,36558,9,4,1,3,479,7,2,1,22,1,0,0,0,0,6.0,2.5,8.1,6.395,8.2,0
345,206103,7985,22,1,3,2,15,6,2,1,48,1,0,0,0,0,9.4,6.5,10.0,4.075,7.6,0
365,152773,66794,22,3,2,3,228,3,1,1,21,0,0,1,0,0,10.0,4.0,7.550000000000001,5.14,5.8,0
463,207453,48585,1,1,1,3,925,2,1,1,25,1,0,0,0,0,1.0,2.5,6.95,8.625,5.2,0
410,201510,89814,15,5,1,2,522,6,1,1,3,1,0,0,0,0,9.0,3.5,6.45,6.609999999999999,7.6,0
637,93839,45264,16,5,5,3,585,0,0,1,6,1,0,0,0,0,9.4,8.5,7.1,6.925,4.0,0
422,100636,38326,9,9,2,2,730,6,0,1,22,1,0,0,0,0,9.0,5.0,8.1,7.65,7.6,0
746,127697,89816,17,8,1,1,522,5,2,1,30,1,0,0,0,0,10.0,4.5,10.0,6.609999999999999,7.0,0
590,86483,64261,11,5,2,2,878,2,2,1,6,1,0,0,0,0,7.4,5.0,6.1,8.39,5.2,0
711,40505,39022,7,5,2,2,198,13,2,1,21,0,0,0,0,0,5.800000000000001,5.0,4.55,4.99,10.0,0
580,157625,20667,2,7,2,2,984,2,2,1,38,1,0,0,0,0,5.0,5.0,9.100000000000001,8.92,5.2,0
342,53525,23065,19,2,2,2,256,1,2,1,39,1,0,0,0,0,8.8,5.0,10.0,5.28,4.6,0
785,231474,92191,23,7,2,2,778,0,2,1,18,1,0,0,0,0,10.0,5.0,10.0,7.890000000000001,4.0,0
350,116008,15006,2,1,1,3,986,10,2,1,29,1,0,0,0,1,1.4,2.5,7.75,8.93,10.0,0
509,64348,76819,5,5,2,2,695,4,1,1,25,1,0,0,0,0,5.0,5.0,7.75,7.475,6.4,0
425,222259,50076,1,6,1,1,630,12,2,1,40,1,0,0,1,0,3.9999999999999996,4.5,9.2,7.15,7.199999999999999,0
791,27273,73861,2,1,4,2,581,6,2,1,21,1,0,0,0,0,1.4,8.0,6.55,6.904999999999999,7.6,0
808,84236,55393,16,9,1,2,564,6,0,1,8,0,0,0,0,0,10.0,3.5,4.4,6.82,7.6,0
557,226641,8143,8,9,3,1,437,5,1,1,45,1,0,0,0,0,8.6,7.5,10.0,6.1850000000000005,7.0,0
487,154607,62505,3,1,2,1,559,10,1,1,28,1,0,0,0,0,1.8000000000000003,6.0,7.800000000000001,6.795,10.0,0
529,169749,17417,21,4,2,3,372,14,0,1,31,0,0,0,0,0,10.0,4.0,8.85,5.86,10.0,0
488,234096,36300,22,8,2,2,779,9,1,1,17,1,0,0,0,0,10.0,5.0,9.95,7.895,9.399999999999999,0
714,127157,97062,1,2,3,3,603,5,1,1,30,1,0,0,1,0,1.6,5.5,7.7,7.015000000000001,3.0,0
309,20908,33896,23,8,3,2,405,10,2,0,31,1,0,0,0,0,10.0,6.5,10.0,2.025,10.0,0
413,221225,55629,8,9,2,1,742,6,2,0,8,1,0,0,0,0,8.6,6.0,5.8,3.71,7.6,0
375,128352,32606,13,9,2,2,928,14,2,0,29,1,0,0,0,0,10.0,5.0,9.95,4.64,10.0,0
801,115967,44916,10,1,3,3,632,7,1,1,36,0,0,0,1,0,4.6,5.5,7.3999999999999995,7.16,4.2,0
384,108989,66330,1,9,1,3,786,4,0,1,31,1,0,0,0,0,5.8,2.5,7.85,7.93,6.4,0
348,55079,12551,20,4,3,2,145,0,1,1,7,0,0,0,0,0,10.0,6.5,5.05,4.725,4.0,0
794,232628,61422,1,8,1,1,443,6,2,1,23,1,0,0,0,0,5.2,4.5,6.65,6.215,7.6,0
686,131889,72782,4,9,3,2,857,1,1,0,3,0,0,0,0,0,7.0,6.5,1.25,4.285,4.6,0
688,69323,70391,6,3,2,2,327,10,2,1,45,1,0,0,0,0,4.2,5.0,10.0,5.635,10.0,0
517,196392,68411,21,6,1,3,544,14,1,0,16,1,0,0,0,0,10.0,2.5,9.6,2.72,10.0,0
645,243170,78185,3,3,3,3,510,4,0,1,20,1,0,0,0,0,3.0,5.5,6.6,6.55,6.4,0
529,109909,5888,13,1,2,2,358,6,0,1,47,1,0,0,0,0,5.8,5.0,10.0,5.79,7.6,0
554,66105,62135,1,6,2,1,68,6,2,1,8,0,0,0,0,0,3.9999999999999996,6.0,1.4,4.34,7.6,0
535,181236,34424,22,5,2,3,787,8,1,1,4,1,0,0,0,0,10.0,4.0,8.0,7.9350000000000005,8.8,0
325,152957,46559,11,3,2,3,149,4,1,1,4,0,0,0,0,0,6.2,4.0,2.8000000000000003,4.745,6.4,0
560,208891,16075,9,4,1,3,967,5,1,1,29,1,0,0,0,0,6.0,2.5,9.149999999999999,8.835,7.0,0
570,21049,27699,24,2,5,2,902,9,2,1,5,1,0,0,0,0,10.0,9.5,8.55,8.51,9.399999999999999,0
422,73281,52972,0,4,3,3,637,13,2,1,37,1,0,0,0,0,2.4,5.5,8.55,7.1850000000000005,10.0,0
556,63271,14950,18,4,1,1,213,11,2,1,7,1,0,0,0,0,9.6,4.5,7.65,5.0649999999999995,10.0,0
720,86697,10413,22,3,3,2,167,10,2,1,47,0,1,1,0,0,10.0,6.5,10.0,4.835,10.0,0
558,217423,44305,15,6,2,3,339,5,1,1,45,0,0,0,0,0,9.6,4.0,9.75,5.695,7.0,0
346,56534,8569,14,1,2,3,983,0,2,0,32,1,0,0,0,0,6.2,4.0,10.0,4.915,4.0,0
824,113034,71778,13,9,2,2,205,9,2,1,47,1,0,0,0,0,10.0,5.0,10.0,5.025,9.399999999999999,0
507,78097,35085,8,3,3,3,440,6,2,1,14,1,0,0,0,0,5.0,5.5,6.7,6.2,7.6,0
610,204885,81023,20,3,3,3,733,14,2,1,36,1,0,0,0,0,9.8,5.5,10.0,7.665,10.0,0
448,45037,88845,22,3,2,2,562,9,2,1,8,1,0,0,0,0,10.0,5.0,8.600000000000001,6.8100000000000005,9.399999999999999,0
737,187079,97174,14,7,2,3,880,14,1,1,2,1,0,0,0,0,9.8,4.0,6.1,8.4,10.0,0
454,230550,41163,6,8,2,3,528,6,1,1,30,1,0,0,0,0,7.2,4.0,8.7,6.640000000000001,7.6,0
389,47278,54592,3,2,2,3,871,3,2,1,38,1,0,0,0,0,2.4000000000000004,4.0,9.3,8.355,5.8,0
657,159344,92151,20,1,1,2,893,3,1,1,6,1,0,0,0,0,8.6,3.5,7.9,8.465,5.8,0
473,208255,62333,17,5,2,2,626,10,2,1,15,1,0,0,0,0,9.8,5.0,8.65,7.13,10.0,0
516,119173,13039,7,8,3,3,481,5,2,1,27,1,0,1,0,0,7.6,5.5,8.45,6.404999999999999,7.0,0
755,58294,13198,11,3,3,2,467,2,2,1,34,1,0,1,0,0,6.2,6.5,10.0,6.335,5.2,0
498,93277,39354,14,6,2,1,829,13,2,1,14,0,1,0,0,0,9.2,6.0,4.9,8.145,10.0,0
785,213581,8824,14,3,2,3,54,13,2,1,6,1,0,0,0,0,7.4,4.0,6.7,4.27,10.0,0
832,24694,55420,16,6,3,3,47,14,1,1,34,0,1,0,0,0,10.0,5.5,8.3,4.235,10.0,0
499,246914,94535,1,4,4,2,685,9,2,1,47,1,0,0,0,0,2.8,8.0,10.0,7.425,9.399999999999999,0
670,78150,8436,11,7,2,2,602,5,1,1,30,1,0,0,0,1,8.600000000000001,5.0,9.7,7.01,7.0,0
747,87470,98550,2,1,1,3,350,10,1,1,37,1,0,0,0,0,1.4,2.5,8.95,5.75,10.0,0
